spdm_requester_emu version 0.1
exe_conn - 0x0000001e
exe_session - 0x00000004
meas_op - 0x00
connect success!
Platform port Transmit command: 00 00 de ad 
Platform port Transmit transport_type: 00 00 00 01 
Platform port Transmit size: 00 00 00 0e 
Platform port Transmit buffer:
    43 6c 69 65 6e 74 20 48 65 6c 6c 6f 21 00 
Platform port Receive command: 00 00 de ad 
Platform port Receive transport_type: 00 00 00 01 
Platform port Receive size: 00 00 00 0e 
Platform port Receive buffer:
    53 65 72 76 65 72 20 48 65 6c 6c 6f 21 00 
context_size - 0x30e8
libspdm_send_spdm_request[0] msg SPDM_GET_VERSION(0x84), size (0x4): 
0000: 10 84 00 00 
Platform port Transmit command: 00 00 00 01 
Platform port Transmit transport_type: 00 00 00 01 
Platform port Transmit size: 00 00 00 05 
Platform port Transmit buffer:
    05 10 84 00 00 
Platform port Receive command: 00 00 00 01 
Platform port Receive transport_type: 00 00 00 01 
Platform port Receive size: 00 00 00 0f 
Platform port Receive buffer:
    05 10 04 00 00 00 04 00 10 00 11 00 12 00 13 
libspdm_receive_spdm_response[0] msg SPDM_VERSION(0x4), size (0xe): 
0000: 10 04 00 00 00 04 00 10 00 11 00 12 00 13 
libspdm_send_spdm_request[0] msg SPDM_GET_CAPABILITIES(0xe1), size (0x14): 
0000: 13 e1 00 00 00 00 00 00 c6 f7 82 08 00 12 00 00 00 12 00 00 
Platform port Transmit command: 00 00 00 01 
Platform port Transmit transport_type: 00 00 00 01 
Platform port Transmit size: 00 00 00 15 
Platform port Transmit buffer:
    05 13 e1 00 00 00 00 00 00 c6 f7 82 08 00 12 00 00 00 12 00 00 
Platform port Receive command: 00 00 00 01 
Platform port Receive transport_type: 00 00 00 01 
Platform port Receive size: 00 00 00 15 
Platform port Receive buffer:
    05 13 61 00 00 00 00 00 00 f7 fb 9a 39 00 12 00 00 00 12 00 00 
libspdm_receive_spdm_response[0] msg SPDM_CAPABILITIES(0x61), size (0x14): 
0000: 13 61 00 00 00 00 00 00 f7 fb 9a 39 00 12 00 00 00 12 00 00 
libspdm_send_spdm_request[0] msg SPDM_NEGOTIATE_ALGORITHMS(0xe3), size (0x30): 
0000: 13 e3 04 00 30 00 01 12 90 00 00 00 03 00 00 00 00 00 00 00 00 00 00 00 00 00 00 00 00 00 00 01 
0020: 02 20 1b 00 03 20 06 00 04 20 0f 00 05 20 01 00 
Platform port Transmit command: 00 00 00 01 
Platform port Transmit transport_type: 00 00 00 01 
Platform port Transmit size: 00 00 00 31 
Platform port Transmit buffer:
    05 13 e3 04 00 30 00 01 12 90 00 00 00 03 00 00 00 00 00 00 00 00 00 00 00 00 00 00 00 00 00 00 01 02 20 1b 00 03 20 06 00 04 20 0f 00 05 20 01 00 
Platform port Receive command: 00 00 00 01 
Platform port Receive transport_type: 00 00 00 01 
Platform port Receive size: 00 00 00 35 
Platform port Receive buffer:
    05 13 63 04 00 34 00 01 12 08 00 00 00 80 00 00 00 02 00 00 00 00 00 00 00 00 00 00 00 00 00 00 01 00 00 00 00 02 20 10 00 03 20 02 00 04 20 08 00 05 20 01 00 
libspdm_receive_spdm_response[0] msg SPDM_ALGORITHMS(0x63), size (0x34): 
0000: 13 63 04 00 34 00 01 12 08 00 00 00 80 00 00 00 02 00 00 00 00 00 00 00 00 00 00 00 00 00 00 01 
0020: 00 00 00 00 02 20 10 00 03 20 02 00 04 20 08 00 05 20 01 00 
slot_id - 0
req_slot_id - 0
libspdm_send_spdm_request[0] msg SPDM_GET_DIGESTS(0x81), size (0x4): 
0000: 13 81 00 00 
Platform port Transmit command: 00 00 00 01 
Platform port Transmit transport_type: 00 00 00 01 
Platform port Transmit size: 00 00 00 05 
Platform port Transmit buffer:
    05 13 81 00 00 
Platform port Receive command: 00 00 00 01 
Platform port Receive transport_type: 00 00 00 01 
Platform port Receive size: 00 00 00 a1 
Platform port Receive buffer:
    05 13 01 07 07 dc 02 4e 78 fa 5e 45 d8 2e 45 c6 7f b5 fc e2 b9 98 7a df ee 9e a3 3e 56 d5 ed 83 47 e8 aa a3 d0 18 91 72 7f 3c 5d d7 a2 e1 ab 7f d3 61 38 37 5d 0d 0d 5c f1 c3 ba 90 2c d5 9c 95 f2 5e 29 15 0f a3 78 70 8e a1 cd 97 82 da 82 ff c3 ea c4 8e 13 48 22 0e 89 ab 97 f8 bb 92 8a 82 4e 9e f5 95 1f dc 02 4e 78 fa 5e 45 d8 2e 45 c6 7f b5 fc e2 b9 98 7a df ee 9e a3 3e 56 d5 ed 83 47 e8 aa a3 d0 18 91 72 7f 3c 5d d7 a2 e1 ab 7f d3 61 38 37 5d a0 a1 a2 01 01 01 0f 00 0f 00 0f 00 
libspdm_receive_spdm_response[0] msg SPDM_DIGESTS(0x1), size (0xa0): 
0000: 13 01 07 07 dc 02 4e 78 fa 5e 45 d8 2e 45 c6 7f b5 fc e2 b9 98 7a df ee 9e a3 3e 56 d5 ed 83 47 
0020: e8 aa a3 d0 18 91 72 7f 3c 5d d7 a2 e1 ab 7f d3 61 38 37 5d 0d 0d 5c f1 c3 ba 90 2c d5 9c 95 f2 
0040: 5e 29 15 0f a3 78 70 8e a1 cd 97 82 da 82 ff c3 ea c4 8e 13 48 22 0e 89 ab 97 f8 bb 92 8a 82 4e 
0060: 9e f5 95 1f dc 02 4e 78 fa 5e 45 d8 2e 45 c6 7f b5 fc e2 b9 98 7a df ee 9e a3 3e 56 d5 ed 83 47 
0080: e8 aa a3 d0 18 91 72 7f 3c 5d d7 a2 e1 ab 7f d3 61 38 37 5d a0 a1 a2 01 01 01 0f 00 0f 00 0f 00 
provisioned_slot_mask - 0x07
supported_slot_mask - 0x07
digest (0x0) - dc 02 4e 78 fa 5e 45 d8 2e 45 c6 7f b5 fc e2 b9 98 7a df ee 9e a3 3e 56 d5 ed 83 47 e8 aa a3 d0 18 91 72 7f 3c 5d d7 a2 e1 ab 7f d3 61 38 37 5d 
digest (0x1) - 0d 0d 5c f1 c3 ba 90 2c d5 9c 95 f2 5e 29 15 0f a3 78 70 8e a1 cd 97 82 da 82 ff c3 ea c4 8e 13 48 22 0e 89 ab 97 f8 bb 92 8a 82 4e 9e f5 95 1f 
digest (0x2) - dc 02 4e 78 fa 5e 45 d8 2e 45 c6 7f b5 fc e2 b9 98 7a df ee 9e a3 3e 56 d5 ed 83 47 e8 aa a3 d0 18 91 72 7f 3c 5d d7 a2 e1 ab 7f d3 61 38 37 5d 
key_pair_id (0x0) - 0xa0
key_pair_id (0x1) - 0xa1
key_pair_id (0x2) - 0xa2
cert_info (0x0) - 0x01
cert_info (0x1) - 0x01
cert_info (0x2) - 0x01
key_usage_bit_mask (0x0) - 0x000f
key_usage_bit_mask (0x1) - 0x000f
key_usage_bit_mask (0x2) - 0x000f
request (offset 0x0, size 0x400):
libspdm_send_spdm_request[0] msg SPDM_GET_CERTIFICATE(0x82), size (0x8): 
0000: 13 82 00 00 00 00 00 04 
Platform port Transmit command: 00 00 00 01 
Platform port Transmit transport_type: 00 00 00 01 
Platform port Transmit size: 00 00 00 09 
Platform port Transmit buffer:
    05 13 82 00 00 00 00 00 04 
Platform port Receive command: 00 00 00 01 
Platform port Receive transport_type: 00 00 00 01 
Platform port Receive size: 00 00 04 09 
Platform port Receive buffer:
    05 13 02 00 01 00 04 37 02 37 06 00 00 71 0b a5 94 61 1d 3a 37 c9 10 a1 44 38 f6 d9 2e 7d b9 bb aa 6b ab 66 de bc ea b1 cf 23 a3 38 90 73 24 2e 5f 6c e9 f6 7b c9 8a 7f a2 fa 38 46 e2 30 82 01 d4 30 82 01 5a a0 03 02 01 02 02 14 21 41 dd 4e ec f8 19 62 24 2e 7e d6 ae 64 cb 29 5d c4 90 51 30 0a 06 08 2a 86 48 ce 3d 04 03 03 30 21 31 1f 30 1d 06 03 55 04 03 0c 16 44 4d 54 46 20 6c 69 62 73 70 64 6d 20 45 43 50 33 38 34 20 43 41 30 1e 17 0d 32 33 30 34 32 30 30 31 31 33 35 34 5a 17 0d 33 33 30 34 31 37 30 31 31 33 35 34 5a 30 21 31 1f 30 1d 06 03 55 04 03 0c 16 44 4d 54 46 20 6c 69 62 73 70 64 6d 20 45 43 50 33 38 34 20 43 41 30 76 30 10 06 07 2a 86 48 ce 3d 02 01 06 05 2b 81 04 00 22 03 62 00 04 15 1c 0b 41 fb 87 d5 20 e0 7a f8 58 67 ef c0 ed 61 af 58 bf 92 52 33 ae 87 a9 7f 46 8b d4 b6 ef aa 2c 5b 0f 84 19 a0 8c 10 9b 81 4c d7 64 7e 32 6e 02 c5 fc 3d 25 7c a3 bc b5 ca a6 ce 04 11 8d bd ba 19 73 92 98 56 cc 99 24 48 17 ef b2 fb 54 3f f0 31 1d b4 a3 04 ea dc 22 ca c8 9a 2d fd fc a3 53 30 51 30 1d 06 03 55 1d 0e 04 16 04 14 4a e2 a4 0a c0 5d ae a2 30 aa d0 57 70 d0 51 58 5f 5c a3 52 30 1f 06 03 55 1d 23 04 18 30 16 80 14 4a e2 a4 0a c0 5d ae a2 30 aa d0 57 70 d0 51 58 5f 5c a3 52 30 0f 06 03 55 1d 13 01 01 ff 04 05 30 03 01 01 ff 30 0a 06 08 2a 86 48 ce 3d 04 03 03 03 68 00 30 65 02 30 2a 32 95 2c ff aa 1f 33 52 6f 6c fd 40 72 ff 17 89 6e 03 5f bb 42 03 c4 6e 17 86 aa 98 a8 c1 20 12 d9 04 7c 16 ea 1f ae 8a ef 85 11 41 57 df fc 02 31 00 a8 4c b9 90 4b 2f 6a 4f c2 8e d8 23 ad 81 de 4c 51 50 0b 27 17 8f 46 26 89 3b 9f f9 ce 48 e0 ee 28 fd 3f 06 e1 b3 4d 8f 6c 48 1c 2a 94 a9 d0 de 30 82 01 dc 30 82 01 61 a0 03 02 01 02 02 01 01 30 0a 06 08 2a 86 48 ce 3d 04 03 03 30 21 31 1f 30 1d 06 03 55 04 03 0c 16 44 4d 54 46 20 6c 69 62 73 70 64 6d 20 45 43 50 33 38 34 20 43 41 30 1e 17 0d 32 33 30 34 32 30 30 31 31 34 30 35 5a 17 0d 33 33 30 34 31 37 30 31 31 34 30 35 5a 30 30 31 2e 30 2c 06 03 55 04 03 0c 25 44 4d 54 46 20 6c 69 62 73 70 64 6d 20 45 43 50 33 38 34 20 69 6e 74 65 72 6d 65 64 69 61 74 65 20 63 65 72 74 30 76 30 10 06 07 2a 86 48 ce 3d 02 01 06 05 2b 81 04 00 22 03 62 00 04 31 7d 01 41 1a f7 e9 ea 5c 39 1e 37 6a 16 8d 2c 6e d9 7e ea 19 25 c5 97 40 dc ce 39 7f 92 46 cb fb 4b 44 d8 f7 3d db 47 a6 44 bf 55 77 02 35 d1 37 27 68 a4 e8 04 4e 87 75 8f 59 57 a9 80 b8 b4 3c 97 ca fa 1b 13 a8 50 dc 0d 7a be 13 3d 31 5b fd d8 9f d6 fc aa 27 33 b8 92 5c 5b b8 0c 24 ca a3 5e 30 5c 30 0c 06 03 55 1d 13 04 05 30 03 01 01 ff 30 0b 06 03 55 1d 0f 04 04 03 02 01 fe 30 1d 06 03 55 1d 0e 04 16 04 14 00 0f 6f a7 6b 1f 34 03 0e 5a 21 c7 38 eb f1 a5 57 d5 57 cd 30 20 06 03 55 1d 25 01 01 ff 04 16 30 14 06 08 2b 06 01 05 05 07 03 01 06 08 2b 06 01 05 05 07 03 02 30 0a 06 08 2a 86 48 ce 3d 04 03 03 03 69 00 30 66 02 31 00 99 03 64 47 66 6c 30 6a b7 9d d3 5a 99 21 68 ae 09 50 6f eb b4 fd ef 69 0b cf b2 56 4f b6 8f 1f 43 11 0c de f6 fd 77 fd a9 34 25 81 7e 97 64 4c 02 31 00 f9 c7 5c 54 3d 43 92 9a 30 3d 61 1a 1e f8 65 51 d4 d5 20 90 d2 85 f0 44 de 40 85 ea 34 61 dd 6b fe 60 bd 0a c0 db 3d 43 2c ad d4 c4 e9 fa 22 33 30 82 02 47 30 82 01 cc a0 03 02 01 02 02 01 03 30 0a 06 08 
libspdm_receive_spdm_response[0] msg SPDM_CERTIFICATE(0x2), size (0x408): 
0000: 13 02 00 01 00 04 37 02 37 06 00 00 71 0b a5 94 61 1d 3a 37 c9 10 a1 44 38 f6 d9 2e 7d b9 bb aa 
0020: 6b ab 66 de bc ea b1 cf 23 a3 38 90 73 24 2e 5f 6c e9 f6 7b c9 8a 7f a2 fa 38 46 e2 30 82 01 d4 
0040: 30 82 01 5a a0 03 02 01 02 02 14 21 41 dd 4e ec f8 19 62 24 2e 7e d6 ae 64 cb 29 5d c4 90 51 30 
0060: 0a 06 08 2a 86 48 ce 3d 04 03 03 30 21 31 1f 30 1d 06 03 55 04 03 0c 16 44 4d 54 46 20 6c 69 62 
0080: 73 70 64 6d 20 45 43 50 33 38 34 20 43 41 30 1e 17 0d 32 33 30 34 32 30 30 31 31 33 35 34 5a 17 
00a0: 0d 33 33 30 34 31 37 30 31 31 33 35 34 5a 30 21 31 1f 30 1d 06 03 55 04 03 0c 16 44 4d 54 46 20 
00c0: 6c 69 62 73 70 64 6d 20 45 43 50 33 38 34 20 43 41 30 76 30 10 06 07 2a 86 48 ce 3d 02 01 06 05 
00e0: 2b 81 04 00 22 03 62 00 04 15 1c 0b 41 fb 87 d5 20 e0 7a f8 58 67 ef c0 ed 61 af 58 bf 92 52 33 
0100: ae 87 a9 7f 46 8b d4 b6 ef aa 2c 5b 0f 84 19 a0 8c 10 9b 81 4c d7 64 7e 32 6e 02 c5 fc 3d 25 7c 
0120: a3 bc b5 ca a6 ce 04 11 8d bd ba 19 73 92 98 56 cc 99 24 48 17 ef b2 fb 54 3f f0 31 1d b4 a3 04 
0140: ea dc 22 ca c8 9a 2d fd fc a3 53 30 51 30 1d 06 03 55 1d 0e 04 16 04 14 4a e2 a4 0a c0 5d ae a2 
0160: 30 aa d0 57 70 d0 51 58 5f 5c a3 52 30 1f 06 03 55 1d 23 04 18 30 16 80 14 4a e2 a4 0a c0 5d ae 
0180: a2 30 aa d0 57 70 d0 51 58 5f 5c a3 52 30 0f 06 03 55 1d 13 01 01 ff 04 05 30 03 01 01 ff 30 0a 
01a0: 06 08 2a 86 48 ce 3d 04 03 03 03 68 00 30 65 02 30 2a 32 95 2c ff aa 1f 33 52 6f 6c fd 40 72 ff 
01c0: 17 89 6e 03 5f bb 42 03 c4 6e 17 86 aa 98 a8 c1 20 12 d9 04 7c 16 ea 1f ae 8a ef 85 11 41 57 df 
01e0: fc 02 31 00 a8 4c b9 90 4b 2f 6a 4f c2 8e d8 23 ad 81 de 4c 51 50 0b 27 17 8f 46 26 89 3b 9f f9 
0200: ce 48 e0 ee 28 fd 3f 06 e1 b3 4d 8f 6c 48 1c 2a 94 a9 d0 de 30 82 01 dc 30 82 01 61 a0 03 02 01 
0220: 02 02 01 01 30 0a 06 08 2a 86 48 ce 3d 04 03 03 30 21 31 1f 30 1d 06 03 55 04 03 0c 16 44 4d 54 
0240: 46 20 6c 69 62 73 70 64 6d 20 45 43 50 33 38 34 20 43 41 30 1e 17 0d 32 33 30 34 32 30 30 31 31 
0260: 34 30 35 5a 17 0d 33 33 30 34 31 37 30 31 31 34 30 35 5a 30 30 31 2e 30 2c 06 03 55 04 03 0c 25 
0280: 44 4d 54 46 20 6c 69 62 73 70 64 6d 20 45 43 50 33 38 34 20 69 6e 74 65 72 6d 65 64 69 61 74 65 
02a0: 20 63 65 72 74 30 76 30 10 06 07 2a 86 48 ce 3d 02 01 06 05 2b 81 04 00 22 03 62 00 04 31 7d 01 
02c0: 41 1a f7 e9 ea 5c 39 1e 37 6a 16 8d 2c 6e d9 7e ea 19 25 c5 97 40 dc ce 39 7f 92 46 cb fb 4b 44 
02e0: d8 f7 3d db 47 a6 44 bf 55 77 02 35 d1 37 27 68 a4 e8 04 4e 87 75 8f 59 57 a9 80 b8 b4 3c 97 ca 
0300: fa 1b 13 a8 50 dc 0d 7a be 13 3d 31 5b fd d8 9f d6 fc aa 27 33 b8 92 5c 5b b8 0c 24 ca a3 5e 30 
0320: 5c 30 0c 06 03 55 1d 13 04 05 30 03 01 01 ff 30 0b 06 03 55 1d 0f 04 04 03 02 01 fe 30 1d 06 03 
0340: 55 1d 0e 04 16 04 14 00 0f 6f a7 6b 1f 34 03 0e 5a 21 c7 38 eb f1 a5 57 d5 57 cd 30 20 06 03 55 
0360: 1d 25 01 01 ff 04 16 30 14 06 08 2b 06 01 05 05 07 03 01 06 08 2b 06 01 05 05 07 03 02 30 0a 06 
0380: 08 2a 86 48 ce 3d 04 03 03 03 69 00 30 66 02 31 00 99 03 64 47 66 6c 30 6a b7 9d d3 5a 99 21 68 
03a0: ae 09 50 6f eb b4 fd ef 69 0b cf b2 56 4f b6 8f 1f 43 11 0c de f6 fd 77 fd a9 34 25 81 7e 97 64 
03c0: 4c 02 31 00 f9 c7 5c 54 3d 43 92 9a 30 3d 61 1a 1e f8 65 51 d4 d5 20 90 d2 85 f0 44 de 40 85 ea 
03e0: 34 61 dd 6b fe 60 bd 0a c0 db 3d 43 2c ad d4 c4 e9 fa 22 33 30 82 02 47 30 82 01 cc a0 03 02 01 
0400: 02 02 01 03 30 0a 06 08 
cert_info - 0x01
Certificate (offset 0x0, size 0x400):
0000: 37 06 00 00 71 0b a5 94 61 1d 3a 37 c9 10 a1 44 38 f6 d9 2e 7d b9 bb aa 6b ab 66 de bc ea b1 cf 
0020: 23 a3 38 90 73 24 2e 5f 6c e9 f6 7b c9 8a 7f a2 fa 38 46 e2 30 82 01 d4 30 82 01 5a a0 03 02 01 
0040: 02 02 14 21 41 dd 4e ec f8 19 62 24 2e 7e d6 ae 64 cb 29 5d c4 90 51 30 0a 06 08 2a 86 48 ce 3d 
0060: 04 03 03 30 21 31 1f 30 1d 06 03 55 04 03 0c 16 44 4d 54 46 20 6c 69 62 73 70 64 6d 20 45 43 50 
0080: 33 38 34 20 43 41 30 1e 17 0d 32 33 30 34 32 30 30 31 31 33 35 34 5a 17 0d 33 33 30 34 31 37 30 
00a0: 31 31 33 35 34 5a 30 21 31 1f 30 1d 06 03 55 04 03 0c 16 44 4d 54 46 20 6c 69 62 73 70 64 6d 20 
00c0: 45 43 50 33 38 34 20 43 41 30 76 30 10 06 07 2a 86 48 ce 3d 02 01 06 05 2b 81 04 00 22 03 62 00 
00e0: 04 15 1c 0b 41 fb 87 d5 20 e0 7a f8 58 67 ef c0 ed 61 af 58 bf 92 52 33 ae 87 a9 7f 46 8b d4 b6 
0100: ef aa 2c 5b 0f 84 19 a0 8c 10 9b 81 4c d7 64 7e 32 6e 02 c5 fc 3d 25 7c a3 bc b5 ca a6 ce 04 11 
0120: 8d bd ba 19 73 92 98 56 cc 99 24 48 17 ef b2 fb 54 3f f0 31 1d b4 a3 04 ea dc 22 ca c8 9a 2d fd 
0140: fc a3 53 30 51 30 1d 06 03 55 1d 0e 04 16 04 14 4a e2 a4 0a c0 5d ae a2 30 aa d0 57 70 d0 51 58 
0160: 5f 5c a3 52 30 1f 06 03 55 1d 23 04 18 30 16 80 14 4a e2 a4 0a c0 5d ae a2 30 aa d0 57 70 d0 51 
0180: 58 5f 5c a3 52 30 0f 06 03 55 1d 13 01 01 ff 04 05 30 03 01 01 ff 30 0a 06 08 2a 86 48 ce 3d 04 
01a0: 03 03 03 68 00 30 65 02 30 2a 32 95 2c ff aa 1f 33 52 6f 6c fd 40 72 ff 17 89 6e 03 5f bb 42 03 
01c0: c4 6e 17 86 aa 98 a8 c1 20 12 d9 04 7c 16 ea 1f ae 8a ef 85 11 41 57 df fc 02 31 00 a8 4c b9 90 
01e0: 4b 2f 6a 4f c2 8e d8 23 ad 81 de 4c 51 50 0b 27 17 8f 46 26 89 3b 9f f9 ce 48 e0 ee 28 fd 3f 06 
0200: e1 b3 4d 8f 6c 48 1c 2a 94 a9 d0 de 30 82 01 dc 30 82 01 61 a0 03 02 01 02 02 01 01 30 0a 06 08 
0220: 2a 86 48 ce 3d 04 03 03 30 21 31 1f 30 1d 06 03 55 04 03 0c 16 44 4d 54 46 20 6c 69 62 73 70 64 
0240: 6d 20 45 43 50 33 38 34 20 43 41 30 1e 17 0d 32 33 30 34 32 30 30 31 31 34 30 35 5a 17 0d 33 33 
0260: 30 34 31 37 30 31 31 34 30 35 5a 30 30 31 2e 30 2c 06 03 55 04 03 0c 25 44 4d 54 46 20 6c 69 62 
0280: 73 70 64 6d 20 45 43 50 33 38 34 20 69 6e 74 65 72 6d 65 64 69 61 74 65 20 63 65 72 74 30 76 30 
02a0: 10 06 07 2a 86 48 ce 3d 02 01 06 05 2b 81 04 00 22 03 62 00 04 31 7d 01 41 1a f7 e9 ea 5c 39 1e 
02c0: 37 6a 16 8d 2c 6e d9 7e ea 19 25 c5 97 40 dc ce 39 7f 92 46 cb fb 4b 44 d8 f7 3d db 47 a6 44 bf 
02e0: 55 77 02 35 d1 37 27 68 a4 e8 04 4e 87 75 8f 59 57 a9 80 b8 b4 3c 97 ca fa 1b 13 a8 50 dc 0d 7a 
0300: be 13 3d 31 5b fd d8 9f d6 fc aa 27 33 b8 92 5c 5b b8 0c 24 ca a3 5e 30 5c 30 0c 06 03 55 1d 13 
0320: 04 05 30 03 01 01 ff 30 0b 06 03 55 1d 0f 04 04 03 02 01 fe 30 1d 06 03 55 1d 0e 04 16 04 14 00 
0340: 0f 6f a7 6b 1f 34 03 0e 5a 21 c7 38 eb f1 a5 57 d5 57 cd 30 20 06 03 55 1d 25 01 01 ff 04 16 30 
0360: 14 06 08 2b 06 01 05 05 07 03 01 06 08 2b 06 01 05 05 07 03 02 30 0a 06 08 2a 86 48 ce 3d 04 03 
0380: 03 03 69 00 30 66 02 31 00 99 03 64 47 66 6c 30 6a b7 9d d3 5a 99 21 68 ae 09 50 6f eb b4 fd ef 
03a0: 69 0b cf b2 56 4f b6 8f 1f 43 11 0c de f6 fd 77 fd a9 34 25 81 7e 97 64 4c 02 31 00 f9 c7 5c 54 
03c0: 3d 43 92 9a 30 3d 61 1a 1e f8 65 51 d4 d5 20 90 d2 85 f0 44 de 40 85 ea 34 61 dd 6b fe 60 bd 0a 
03e0: c0 db 3d 43 2c ad d4 c4 e9 fa 22 33 30 82 02 47 30 82 01 cc a0 03 02 01 02 02 01 03 30 0a 06 08 
request (offset 0x400, size 0x237):
libspdm_send_spdm_request[0] msg SPDM_GET_CERTIFICATE(0x82), size (0x8): 
0000: 13 82 00 00 00 04 37 02 
Platform port Transmit command: 00 00 00 01 
Platform port Transmit transport_type: 00 00 00 01 
Platform port Transmit size: 00 00 00 09 
Platform port Transmit buffer:
    05 13 82 00 00 00 04 37 02 
Platform port Receive command: 00 00 00 01 
Platform port Receive transport_type: 00 00 00 01 
Platform port Receive size: 00 00 02 40 
Platform port Receive buffer:
    05 13 02 00 01 37 02 00 00 2a 86 48 ce 3d 04 03 03 30 30 31 2e 30 2c 06 03 55 04 03 0c 25 44 4d 54 46 20 6c 69 62 73 70 64 6d 20 45 43 50 33 38 34 20 69 6e 74 65 72 6d 65 64 69 61 74 65 20 63 65 72 74 30 1e 17 0d 32 33 30 39 31 32 30 37 31 31 33 33 5a 17 0d 33 33 30 39 30 39 30 37 31 31 33 33 5a 30 2d 31 2b 30 29 06 03 55 04 03 0c 22 44 4d 54 46 20 6c 69 62 73 70 64 6d 20 45 43 50 33 38 34 20 72 65 73 70 6f 6e 64 65 72 20 63 65 72 74 30 76 30 10 06 07 2a 86 48 ce 3d 02 01 06 05 2b 81 04 00 22 03 62 00 04 0d 1c b9 20 1c dc ed c8 64 e9 70 a3 62 12 da d4 fe 59 94 ce bd ae d7 d2 94 e4 e3 11 88 78 b9 88 c0 ed 5b e1 41 4a df 28 db 49 0f 38 81 52 68 b5 4c 6a 11 0b 58 b1 9c c1 4d 47 41 14 1f 6d d6 57 ac a3 9f d1 b9 64 de 07 11 e8 31 78 de 75 3a b7 2c 15 56 ea f5 20 63 93 0f 33 a9 71 a3 7e 78 19 a3 81 bc 30 81 b9 30 0c 06 03 55 1d 13 01 01 ff 04 02 30 00 30 0b 06 03 55 1d 0f 04 04 03 02 05 e0 30 1d 06 03 55 1d 0e 04 16 04 14 14 3c 4f 66 c7 d7 60 40 7f 67 c1 95 68 b3 87 28 3e c5 23 83 30 31 06 03 55 1d 11 04 2a 30 28 a0 26 06 0a 2b 06 01 04 01 83 1c 82 12 01 a0 18 0c 16 41 43 4d 45 3a 57 49 44 47 45 54 3a 31 32 33 34 35 36 37 38 39 30 30 2a 06 03 55 1d 25 01 01 ff 04 20 30 1e 06 08 2b 06 01 05 05 07 03 01 06 08 2b 06 01 05 05 07 03 02 06 08 2b 06 01 05 05 07 03 09 30 1e 06 0a 2b 06 01 04 01 83 1c 82 12 06 04 10 30 0e 30 0c 06 0a 2b 06 01 04 01 83 1c 82 12 02 30 0a 06 08 2a 86 48 ce 3d 04 03 03 03 69 00 30 66 02 31 00 af 75 02 a9 b3 a6 47 4a 6e f4 0c b0 85 07 fc 3c 53 9d 29 b0 09 c2 b9 b3 f3 96 b9 99 be c5 75 9c ac 4f c3 8a 7a 24 7d 17 f7 cb 2a 71 14 57 3e 92 02 31 00 d3 57 af 94 68 e1 02 b6 51 50 0c 4a 74 97 72 37 b5 03 ff 58 80 e0 f5 eb ae 1e 81 d8 d5 84 3d 18 83 60 fe 07 cd 43 2d 27 bd f5 a4 a5 19 7f 5d 09 
libspdm_receive_spdm_response[0] msg SPDM_CERTIFICATE(0x2), size (0x23f): 
0000: 13 02 00 01 37 02 00 00 2a 86 48 ce 3d 04 03 03 30 30 31 2e 30 2c 06 03 55 04 03 0c 25 44 4d 54 
0020: 46 20 6c 69 62 73 70 64 6d 20 45 43 50 33 38 34 20 69 6e 74 65 72 6d 65 64 69 61 74 65 20 63 65 
0040: 72 74 30 1e 17 0d 32 33 30 39 31 32 30 37 31 31 33 33 5a 17 0d 33 33 30 39 30 39 30 37 31 31 33 
0060: 33 5a 30 2d 31 2b 30 29 06 03 55 04 03 0c 22 44 4d 54 46 20 6c 69 62 73 70 64 6d 20 45 43 50 33 
0080: 38 34 20 72 65 73 70 6f 6e 64 65 72 20 63 65 72 74 30 76 30 10 06 07 2a 86 48 ce 3d 02 01 06 05 
00a0: 2b 81 04 00 22 03 62 00 04 0d 1c b9 20 1c dc ed c8 64 e9 70 a3 62 12 da d4 fe 59 94 ce bd ae d7 
00c0: d2 94 e4 e3 11 88 78 b9 88 c0 ed 5b e1 41 4a df 28 db 49 0f 38 81 52 68 b5 4c 6a 11 0b 58 b1 9c 
00e0: c1 4d 47 41 14 1f 6d d6 57 ac a3 9f d1 b9 64 de 07 11 e8 31 78 de 75 3a b7 2c 15 56 ea f5 20 63 
0100: 93 0f 33 a9 71 a3 7e 78 19 a3 81 bc 30 81 b9 30 0c 06 03 55 1d 13 01 01 ff 04 02 30 00 30 0b 06 
0120: 03 55 1d 0f 04 04 03 02 05 e0 30 1d 06 03 55 1d 0e 04 16 04 14 14 3c 4f 66 c7 d7 60 40 7f 67 c1 
0140: 95 68 b3 87 28 3e c5 23 83 30 31 06 03 55 1d 11 04 2a 30 28 a0 26 06 0a 2b 06 01 04 01 83 1c 82 
0160: 12 01 a0 18 0c 16 41 43 4d 45 3a 57 49 44 47 45 54 3a 31 32 33 34 35 36 37 38 39 30 30 2a 06 03 
0180: 55 1d 25 01 01 ff 04 20 30 1e 06 08 2b 06 01 05 05 07 03 01 06 08 2b 06 01 05 05 07 03 02 06 08 
01a0: 2b 06 01 05 05 07 03 09 30 1e 06 0a 2b 06 01 04 01 83 1c 82 12 06 04 10 30 0e 30 0c 06 0a 2b 06 
01c0: 01 04 01 83 1c 82 12 02 30 0a 06 08 2a 86 48 ce 3d 04 03 03 03 69 00 30 66 02 31 00 af 75 02 a9 
01e0: b3 a6 47 4a 6e f4 0c b0 85 07 fc 3c 53 9d 29 b0 09 c2 b9 b3 f3 96 b9 99 be c5 75 9c ac 4f c3 8a 
0200: 7a 24 7d 17 f7 cb 2a 71 14 57 3e 92 02 31 00 d3 57 af 94 68 e1 02 b6 51 50 0c 4a 74 97 72 37 b5 
0220: 03 ff 58 80 e0 f5 eb ae 1e 81 d8 d5 84 3d 18 83 60 fe 07 cd 43 2d 27 bd f5 a4 a5 19 7f 5d 09 
cert_info - 0x01
Certificate (offset 0x400, size 0x237):
0000: 2a 86 48 ce 3d 04 03 03 30 30 31 2e 30 2c 06 03 55 04 03 0c 25 44 4d 54 46 20 6c 69 62 73 70 64 
0020: 6d 20 45 43 50 33 38 34 20 69 6e 74 65 72 6d 65 64 69 61 74 65 20 63 65 72 74 30 1e 17 0d 32 33 
0040: 30 39 31 32 30 37 31 31 33 33 5a 17 0d 33 33 30 39 30 39 30 37 31 31 33 33 5a 30 2d 31 2b 30 29 
0060: 06 03 55 04 03 0c 22 44 4d 54 46 20 6c 69 62 73 70 64 6d 20 45 43 50 33 38 34 20 72 65 73 70 6f 
0080: 6e 64 65 72 20 63 65 72 74 30 76 30 10 06 07 2a 86 48 ce 3d 02 01 06 05 2b 81 04 00 22 03 62 00 
00a0: 04 0d 1c b9 20 1c dc ed c8 64 e9 70 a3 62 12 da d4 fe 59 94 ce bd ae d7 d2 94 e4 e3 11 88 78 b9 
00c0: 88 c0 ed 5b e1 41 4a df 28 db 49 0f 38 81 52 68 b5 4c 6a 11 0b 58 b1 9c c1 4d 47 41 14 1f 6d d6 
00e0: 57 ac a3 9f d1 b9 64 de 07 11 e8 31 78 de 75 3a b7 2c 15 56 ea f5 20 63 93 0f 33 a9 71 a3 7e 78 
0100: 19 a3 81 bc 30 81 b9 30 0c 06 03 55 1d 13 01 01 ff 04 02 30 00 30 0b 06 03 55 1d 0f 04 04 03 02 
0120: 05 e0 30 1d 06 03 55 1d 0e 04 16 04 14 14 3c 4f 66 c7 d7 60 40 7f 67 c1 95 68 b3 87 28 3e c5 23 
0140: 83 30 31 06 03 55 1d 11 04 2a 30 28 a0 26 06 0a 2b 06 01 04 01 83 1c 82 12 01 a0 18 0c 16 41 43 
0160: 4d 45 3a 57 49 44 47 45 54 3a 31 32 33 34 35 36 37 38 39 30 30 2a 06 03 55 1d 25 01 01 ff 04 20 
0180: 30 1e 06 08 2b 06 01 05 05 07 03 01 06 08 2b 06 01 05 05 07 03 02 06 08 2b 06 01 05 05 07 03 09 
01a0: 30 1e 06 0a 2b 06 01 04 01 83 1c 82 12 06 04 10 30 0e 30 0c 06 0a 2b 06 01 04 01 83 1c 82 12 02 
01c0: 30 0a 06 08 2a 86 48 ce 3d 04 03 03 03 69 00 30 66 02 31 00 af 75 02 a9 b3 a6 47 4a 6e f4 0c b0 
01e0: 85 07 fc 3c 53 9d 29 b0 09 c2 b9 b3 f3 96 b9 99 be c5 75 9c ac 4f c3 8a 7a 24 7d 17 f7 cb 2a 71 
0200: 14 57 3e 92 02 31 00 d3 57 af 94 68 e1 02 b6 51 50 0c 4a 74 97 72 37 b5 03 ff 58 80 e0 f5 eb ae 
0220: 1e 81 d8 d5 84 3d 18 83 60 fe 07 cd 43 2d 27 bd f5 a4 a5 19 7f 5d 09 
!!! VerifyCertificateChainBuffer - PASS (cert root hash match) !!!
!!! verify_peer_cert_chain_buffer - PASS !!!
request (offset 0x0, size 0x400):
libspdm_send_spdm_request[0] msg SPDM_GET_CERTIFICATE(0x82), size (0x8): 
0000: 13 82 02 00 00 00 00 04 
Platform port Transmit command: 00 00 00 01 
Platform port Transmit transport_type: 00 00 00 01 
Platform port Transmit size: 00 00 00 09 
Platform port Transmit buffer:
    05 13 82 02 00 00 00 00 04 
Platform port Receive command: 00 00 00 01 
Platform port Receive transport_type: 00 00 00 01 
Platform port Receive size: 00 00 04 09 
Platform port Receive buffer:
    05 13 02 02 01 00 04 37 02 37 06 00 00 71 0b a5 94 61 1d 3a 37 c9 10 a1 44 38 f6 d9 2e 7d b9 bb aa 6b ab 66 de bc ea b1 cf 23 a3 38 90 73 24 2e 5f 6c e9 f6 7b c9 8a 7f a2 fa 38 46 e2 30 82 01 d4 30 82 01 5a a0 03 02 01 02 02 14 21 41 dd 4e ec f8 19 62 24 2e 7e d6 ae 64 cb 29 5d c4 90 51 30 0a 06 08 2a 86 48 ce 3d 04 03 03 30 21 31 1f 30 1d 06 03 55 04 03 0c 16 44 4d 54 46 20 6c 69 62 73 70 64 6d 20 45 43 50 33 38 34 20 43 41 30 1e 17 0d 32 33 30 34 32 30 30 31 31 33 35 34 5a 17 0d 33 33 30 34 31 37 30 31 31 33 35 34 5a 30 21 31 1f 30 1d 06 03 55 04 03 0c 16 44 4d 54 46 20 6c 69 62 73 70 64 6d 20 45 43 50 33 38 34 20 43 41 30 76 30 10 06 07 2a 86 48 ce 3d 02 01 06 05 2b 81 04 00 22 03 62 00 04 15 1c 0b 41 fb 87 d5 20 e0 7a f8 58 67 ef c0 ed 61 af 58 bf 92 52 33 ae 87 a9 7f 46 8b d4 b6 ef aa 2c 5b 0f 84 19 a0 8c 10 9b 81 4c d7 64 7e 32 6e 02 c5 fc 3d 25 7c a3 bc b5 ca a6 ce 04 11 8d bd ba 19 73 92 98 56 cc 99 24 48 17 ef b2 fb 54 3f f0 31 1d b4 a3 04 ea dc 22 ca c8 9a 2d fd fc a3 53 30 51 30 1d 06 03 55 1d 0e 04 16 04 14 4a e2 a4 0a c0 5d ae a2 30 aa d0 57 70 d0 51 58 5f 5c a3 52 30 1f 06 03 55 1d 23 04 18 30 16 80 14 4a e2 a4 0a c0 5d ae a2 30 aa d0 57 70 d0 51 58 5f 5c a3 52 30 0f 06 03 55 1d 13 01 01 ff 04 05 30 03 01 01 ff 30 0a 06 08 2a 86 48 ce 3d 04 03 03 03 68 00 30 65 02 30 2a 32 95 2c ff aa 1f 33 52 6f 6c fd 40 72 ff 17 89 6e 03 5f bb 42 03 c4 6e 17 86 aa 98 a8 c1 20 12 d9 04 7c 16 ea 1f ae 8a ef 85 11 41 57 df fc 02 31 00 a8 4c b9 90 4b 2f 6a 4f c2 8e d8 23 ad 81 de 4c 51 50 0b 27 17 8f 46 26 89 3b 9f f9 ce 48 e0 ee 28 fd 3f 06 e1 b3 4d 8f 6c 48 1c 2a 94 a9 d0 de 30 82 01 dc 30 82 01 61 a0 03 02 01 02 02 01 01 30 0a 06 08 2a 86 48 ce 3d 04 03 03 30 21 31 1f 30 1d 06 03 55 04 03 0c 16 44 4d 54 46 20 6c 69 62 73 70 64 6d 20 45 43 50 33 38 34 20 43 41 30 1e 17 0d 32 33 30 34 32 30 30 31 31 34 30 35 5a 17 0d 33 33 30 34 31 37 30 31 31 34 30 35 5a 30 30 31 2e 30 2c 06 03 55 04 03 0c 25 44 4d 54 46 20 6c 69 62 73 70 64 6d 20 45 43 50 33 38 34 20 69 6e 74 65 72 6d 65 64 69 61 74 65 20 63 65 72 74 30 76 30 10 06 07 2a 86 48 ce 3d 02 01 06 05 2b 81 04 00 22 03 62 00 04 31 7d 01 41 1a f7 e9 ea 5c 39 1e 37 6a 16 8d 2c 6e d9 7e ea 19 25 c5 97 40 dc ce 39 7f 92 46 cb fb 4b 44 d8 f7 3d db 47 a6 44 bf 55 77 02 35 d1 37 27 68 a4 e8 04 4e 87 75 8f 59 57 a9 80 b8 b4 3c 97 ca fa 1b 13 a8 50 dc 0d 7a be 13 3d 31 5b fd d8 9f d6 fc aa 27 33 b8 92 5c 5b b8 0c 24 ca a3 5e 30 5c 30 0c 06 03 55 1d 13 04 05 30 03 01 01 ff 30 0b 06 03 55 1d 0f 04 04 03 02 01 fe 30 1d 06 03 55 1d 0e 04 16 04 14 00 0f 6f a7 6b 1f 34 03 0e 5a 21 c7 38 eb f1 a5 57 d5 57 cd 30 20 06 03 55 1d 25 01 01 ff 04 16 30 14 06 08 2b 06 01 05 05 07 03 01 06 08 2b 06 01 05 05 07 03 02 30 0a 06 08 2a 86 48 ce 3d 04 03 03 03 69 00 30 66 02 31 00 99 03 64 47 66 6c 30 6a b7 9d d3 5a 99 21 68 ae 09 50 6f eb b4 fd ef 69 0b cf b2 56 4f b6 8f 1f 43 11 0c de f6 fd 77 fd a9 34 25 81 7e 97 64 4c 02 31 00 f9 c7 5c 54 3d 43 92 9a 30 3d 61 1a 1e f8 65 51 d4 d5 20 90 d2 85 f0 44 de 40 85 ea 34 61 dd 6b fe 60 bd 0a c0 db 3d 43 2c ad d4 c4 e9 fa 22 33 30 82 02 47 30 82 01 cc a0 03 02 01 02 02 01 03 30 0a 06 08 
libspdm_receive_spdm_response[0] msg SPDM_CERTIFICATE(0x2), size (0x408): 
0000: 13 02 02 01 00 04 37 02 37 06 00 00 71 0b a5 94 61 1d 3a 37 c9 10 a1 44 38 f6 d9 2e 7d b9 bb aa 
0020: 6b ab 66 de bc ea b1 cf 23 a3 38 90 73 24 2e 5f 6c e9 f6 7b c9 8a 7f a2 fa 38 46 e2 30 82 01 d4 
0040: 30 82 01 5a a0 03 02 01 02 02 14 21 41 dd 4e ec f8 19 62 24 2e 7e d6 ae 64 cb 29 5d c4 90 51 30 
0060: 0a 06 08 2a 86 48 ce 3d 04 03 03 30 21 31 1f 30 1d 06 03 55 04 03 0c 16 44 4d 54 46 20 6c 69 62 
0080: 73 70 64 6d 20 45 43 50 33 38 34 20 43 41 30 1e 17 0d 32 33 30 34 32 30 30 31 31 33 35 34 5a 17 
00a0: 0d 33 33 30 34 31 37 30 31 31 33 35 34 5a 30 21 31 1f 30 1d 06 03 55 04 03 0c 16 44 4d 54 46 20 
00c0: 6c 69 62 73 70 64 6d 20 45 43 50 33 38 34 20 43 41 30 76 30 10 06 07 2a 86 48 ce 3d 02 01 06 05 
00e0: 2b 81 04 00 22 03 62 00 04 15 1c 0b 41 fb 87 d5 20 e0 7a f8 58 67 ef c0 ed 61 af 58 bf 92 52 33 
0100: ae 87 a9 7f 46 8b d4 b6 ef aa 2c 5b 0f 84 19 a0 8c 10 9b 81 4c d7 64 7e 32 6e 02 c5 fc 3d 25 7c 
0120: a3 bc b5 ca a6 ce 04 11 8d bd ba 19 73 92 98 56 cc 99 24 48 17 ef b2 fb 54 3f f0 31 1d b4 a3 04 
0140: ea dc 22 ca c8 9a 2d fd fc a3 53 30 51 30 1d 06 03 55 1d 0e 04 16 04 14 4a e2 a4 0a c0 5d ae a2 
0160: 30 aa d0 57 70 d0 51 58 5f 5c a3 52 30 1f 06 03 55 1d 23 04 18 30 16 80 14 4a e2 a4 0a c0 5d ae 
0180: a2 30 aa d0 57 70 d0 51 58 5f 5c a3 52 30 0f 06 03 55 1d 13 01 01 ff 04 05 30 03 01 01 ff 30 0a 
01a0: 06 08 2a 86 48 ce 3d 04 03 03 03 68 00 30 65 02 30 2a 32 95 2c ff aa 1f 33 52 6f 6c fd 40 72 ff 
01c0: 17 89 6e 03 5f bb 42 03 c4 6e 17 86 aa 98 a8 c1 20 12 d9 04 7c 16 ea 1f ae 8a ef 85 11 41 57 df 
01e0: fc 02 31 00 a8 4c b9 90 4b 2f 6a 4f c2 8e d8 23 ad 81 de 4c 51 50 0b 27 17 8f 46 26 89 3b 9f f9 
0200: ce 48 e0 ee 28 fd 3f 06 e1 b3 4d 8f 6c 48 1c 2a 94 a9 d0 de 30 82 01 dc 30 82 01 61 a0 03 02 01 
0220: 02 02 01 01 30 0a 06 08 2a 86 48 ce 3d 04 03 03 30 21 31 1f 30 1d 06 03 55 04 03 0c 16 44 4d 54 
0240: 46 20 6c 69 62 73 70 64 6d 20 45 43 50 33 38 34 20 43 41 30 1e 17 0d 32 33 30 34 32 30 30 31 31 
0260: 34 30 35 5a 17 0d 33 33 30 34 31 37 30 31 31 34 30 35 5a 30 30 31 2e 30 2c 06 03 55 04 03 0c 25 
0280: 44 4d 54 46 20 6c 69 62 73 70 64 6d 20 45 43 50 33 38 34 20 69 6e 74 65 72 6d 65 64 69 61 74 65 
02a0: 20 63 65 72 74 30 76 30 10 06 07 2a 86 48 ce 3d 02 01 06 05 2b 81 04 00 22 03 62 00 04 31 7d 01 
02c0: 41 1a f7 e9 ea 5c 39 1e 37 6a 16 8d 2c 6e d9 7e ea 19 25 c5 97 40 dc ce 39 7f 92 46 cb fb 4b 44 
02e0: d8 f7 3d db 47 a6 44 bf 55 77 02 35 d1 37 27 68 a4 e8 04 4e 87 75 8f 59 57 a9 80 b8 b4 3c 97 ca 
0300: fa 1b 13 a8 50 dc 0d 7a be 13 3d 31 5b fd d8 9f d6 fc aa 27 33 b8 92 5c 5b b8 0c 24 ca a3 5e 30 
0320: 5c 30 0c 06 03 55 1d 13 04 05 30 03 01 01 ff 30 0b 06 03 55 1d 0f 04 04 03 02 01 fe 30 1d 06 03 
0340: 55 1d 0e 04 16 04 14 00 0f 6f a7 6b 1f 34 03 0e 5a 21 c7 38 eb f1 a5 57 d5 57 cd 30 20 06 03 55 
0360: 1d 25 01 01 ff 04 16 30 14 06 08 2b 06 01 05 05 07 03 01 06 08 2b 06 01 05 05 07 03 02 30 0a 06 
0380: 08 2a 86 48 ce 3d 04 03 03 03 69 00 30 66 02 31 00 99 03 64 47 66 6c 30 6a b7 9d d3 5a 99 21 68 
03a0: ae 09 50 6f eb b4 fd ef 69 0b cf b2 56 4f b6 8f 1f 43 11 0c de f6 fd 77 fd a9 34 25 81 7e 97 64 
03c0: 4c 02 31 00 f9 c7 5c 54 3d 43 92 9a 30 3d 61 1a 1e f8 65 51 d4 d5 20 90 d2 85 f0 44 de 40 85 ea 
03e0: 34 61 dd 6b fe 60 bd 0a c0 db 3d 43 2c ad d4 c4 e9 fa 22 33 30 82 02 47 30 82 01 cc a0 03 02 01 
0400: 02 02 01 03 30 0a 06 08 
cert_info - 0x01
Certificate (offset 0x0, size 0x400):
0000: 37 06 00 00 71 0b a5 94 61 1d 3a 37 c9 10 a1 44 38 f6 d9 2e 7d b9 bb aa 6b ab 66 de bc ea b1 cf 
0020: 23 a3 38 90 73 24 2e 5f 6c e9 f6 7b c9 8a 7f a2 fa 38 46 e2 30 82 01 d4 30 82 01 5a a0 03 02 01 
0040: 02 02 14 21 41 dd 4e ec f8 19 62 24 2e 7e d6 ae 64 cb 29 5d c4 90 51 30 0a 06 08 2a 86 48 ce 3d 
0060: 04 03 03 30 21 31 1f 30 1d 06 03 55 04 03 0c 16 44 4d 54 46 20 6c 69 62 73 70 64 6d 20 45 43 50 
0080: 33 38 34 20 43 41 30 1e 17 0d 32 33 30 34 32 30 30 31 31 33 35 34 5a 17 0d 33 33 30 34 31 37 30 
00a0: 31 31 33 35 34 5a 30 21 31 1f 30 1d 06 03 55 04 03 0c 16 44 4d 54 46 20 6c 69 62 73 70 64 6d 20 
00c0: 45 43 50 33 38 34 20 43 41 30 76 30 10 06 07 2a 86 48 ce 3d 02 01 06 05 2b 81 04 00 22 03 62 00 
00e0: 04 15 1c 0b 41 fb 87 d5 20 e0 7a f8 58 67 ef c0 ed 61 af 58 bf 92 52 33 ae 87 a9 7f 46 8b d4 b6 
0100: ef aa 2c 5b 0f 84 19 a0 8c 10 9b 81 4c d7 64 7e 32 6e 02 c5 fc 3d 25 7c a3 bc b5 ca a6 ce 04 11 
0120: 8d bd ba 19 73 92 98 56 cc 99 24 48 17 ef b2 fb 54 3f f0 31 1d b4 a3 04 ea dc 22 ca c8 9a 2d fd 
0140: fc a3 53 30 51 30 1d 06 03 55 1d 0e 04 16 04 14 4a e2 a4 0a c0 5d ae a2 30 aa d0 57 70 d0 51 58 
0160: 5f 5c a3 52 30 1f 06 03 55 1d 23 04 18 30 16 80 14 4a e2 a4 0a c0 5d ae a2 30 aa d0 57 70 d0 51 
0180: 58 5f 5c a3 52 30 0f 06 03 55 1d 13 01 01 ff 04 05 30 03 01 01 ff 30 0a 06 08 2a 86 48 ce 3d 04 
01a0: 03 03 03 68 00 30 65 02 30 2a 32 95 2c ff aa 1f 33 52 6f 6c fd 40 72 ff 17 89 6e 03 5f bb 42 03 
01c0: c4 6e 17 86 aa 98 a8 c1 20 12 d9 04 7c 16 ea 1f ae 8a ef 85 11 41 57 df fc 02 31 00 a8 4c b9 90 
01e0: 4b 2f 6a 4f c2 8e d8 23 ad 81 de 4c 51 50 0b 27 17 8f 46 26 89 3b 9f f9 ce 48 e0 ee 28 fd 3f 06 
0200: e1 b3 4d 8f 6c 48 1c 2a 94 a9 d0 de 30 82 01 dc 30 82 01 61 a0 03 02 01 02 02 01 01 30 0a 06 08 
0220: 2a 86 48 ce 3d 04 03 03 30 21 31 1f 30 1d 06 03 55 04 03 0c 16 44 4d 54 46 20 6c 69 62 73 70 64 
0240: 6d 20 45 43 50 33 38 34 20 43 41 30 1e 17 0d 32 33 30 34 32 30 30 31 31 34 30 35 5a 17 0d 33 33 
0260: 30 34 31 37 30 31 31 34 30 35 5a 30 30 31 2e 30 2c 06 03 55 04 03 0c 25 44 4d 54 46 20 6c 69 62 
0280: 73 70 64 6d 20 45 43 50 33 38 34 20 69 6e 74 65 72 6d 65 64 69 61 74 65 20 63 65 72 74 30 76 30 
02a0: 10 06 07 2a 86 48 ce 3d 02 01 06 05 2b 81 04 00 22 03 62 00 04 31 7d 01 41 1a f7 e9 ea 5c 39 1e 
02c0: 37 6a 16 8d 2c 6e d9 7e ea 19 25 c5 97 40 dc ce 39 7f 92 46 cb fb 4b 44 d8 f7 3d db 47 a6 44 bf 
02e0: 55 77 02 35 d1 37 27 68 a4 e8 04 4e 87 75 8f 59 57 a9 80 b8 b4 3c 97 ca fa 1b 13 a8 50 dc 0d 7a 
0300: be 13 3d 31 5b fd d8 9f d6 fc aa 27 33 b8 92 5c 5b b8 0c 24 ca a3 5e 30 5c 30 0c 06 03 55 1d 13 
0320: 04 05 30 03 01 01 ff 30 0b 06 03 55 1d 0f 04 04 03 02 01 fe 30 1d 06 03 55 1d 0e 04 16 04 14 00 
0340: 0f 6f a7 6b 1f 34 03 0e 5a 21 c7 38 eb f1 a5 57 d5 57 cd 30 20 06 03 55 1d 25 01 01 ff 04 16 30 
0360: 14 06 08 2b 06 01 05 05 07 03 01 06 08 2b 06 01 05 05 07 03 02 30 0a 06 08 2a 86 48 ce 3d 04 03 
0380: 03 03 69 00 30 66 02 31 00 99 03 64 47 66 6c 30 6a b7 9d d3 5a 99 21 68 ae 09 50 6f eb b4 fd ef 
03a0: 69 0b cf b2 56 4f b6 8f 1f 43 11 0c de f6 fd 77 fd a9 34 25 81 7e 97 64 4c 02 31 00 f9 c7 5c 54 
03c0: 3d 43 92 9a 30 3d 61 1a 1e f8 65 51 d4 d5 20 90 d2 85 f0 44 de 40 85 ea 34 61 dd 6b fe 60 bd 0a 
03e0: c0 db 3d 43 2c ad d4 c4 e9 fa 22 33 30 82 02 47 30 82 01 cc a0 03 02 01 02 02 01 03 30 0a 06 08 
request (offset 0x400, size 0x237):
libspdm_send_spdm_request[0] msg SPDM_GET_CERTIFICATE(0x82), size (0x8): 
0000: 13 82 02 00 00 04 37 02 
Platform port Transmit command: 00 00 00 01 
Platform port Transmit transport_type: 00 00 00 01 
Platform port Transmit size: 00 00 00 09 
Platform port Transmit buffer:
    05 13 82 02 00 00 04 37 02 
Platform port Receive command: 00 00 00 01 
Platform port Receive transport_type: 00 00 00 01 
Platform port Receive size: 00 00 02 40 
Platform port Receive buffer:
    05 13 02 02 01 37 02 00 00 2a 86 48 ce 3d 04 03 03 30 30 31 2e 30 2c 06 03 55 04 03 0c 25 44 4d 54 46 20 6c 69 62 73 70 64 6d 20 45 43 50 33 38 34 20 69 6e 74 65 72 6d 65 64 69 61 74 65 20 63 65 72 74 30 1e 17 0d 32 33 30 39 31 32 30 37 31 31 33 33 5a 17 0d 33 33 30 39 30 39 30 37 31 31 33 33 5a 30 2d 31 2b 30 29 06 03 55 04 03 0c 22 44 4d 54 46 20 6c 69 62 73 70 64 6d 20 45 43 50 33 38 34 20 72 65 73 70 6f 6e 64 65 72 20 63 65 72 74 30 76 30 10 06 07 2a 86 48 ce 3d 02 01 06 05 2b 81 04 00 22 03 62 00 04 0d 1c b9 20 1c dc ed c8 64 e9 70 a3 62 12 da d4 fe 59 94 ce bd ae d7 d2 94 e4 e3 11 88 78 b9 88 c0 ed 5b e1 41 4a df 28 db 49 0f 38 81 52 68 b5 4c 6a 11 0b 58 b1 9c c1 4d 47 41 14 1f 6d d6 57 ac a3 9f d1 b9 64 de 07 11 e8 31 78 de 75 3a b7 2c 15 56 ea f5 20 63 93 0f 33 a9 71 a3 7e 78 19 a3 81 bc 30 81 b9 30 0c 06 03 55 1d 13 01 01 ff 04 02 30 00 30 0b 06 03 55 1d 0f 04 04 03 02 05 e0 30 1d 06 03 55 1d 0e 04 16 04 14 14 3c 4f 66 c7 d7 60 40 7f 67 c1 95 68 b3 87 28 3e c5 23 83 30 31 06 03 55 1d 11 04 2a 30 28 a0 26 06 0a 2b 06 01 04 01 83 1c 82 12 01 a0 18 0c 16 41 43 4d 45 3a 57 49 44 47 45 54 3a 31 32 33 34 35 36 37 38 39 30 30 2a 06 03 55 1d 25 01 01 ff 04 20 30 1e 06 08 2b 06 01 05 05 07 03 01 06 08 2b 06 01 05 05 07 03 02 06 08 2b 06 01 05 05 07 03 09 30 1e 06 0a 2b 06 01 04 01 83 1c 82 12 06 04 10 30 0e 30 0c 06 0a 2b 06 01 04 01 83 1c 82 12 02 30 0a 06 08 2a 86 48 ce 3d 04 03 03 03 69 00 30 66 02 31 00 af 75 02 a9 b3 a6 47 4a 6e f4 0c b0 85 07 fc 3c 53 9d 29 b0 09 c2 b9 b3 f3 96 b9 99 be c5 75 9c ac 4f c3 8a 7a 24 7d 17 f7 cb 2a 71 14 57 3e 92 02 31 00 d3 57 af 94 68 e1 02 b6 51 50 0c 4a 74 97 72 37 b5 03 ff 58 80 e0 f5 eb ae 1e 81 d8 d5 84 3d 18 83 60 fe 07 cd 43 2d 27 bd f5 a4 a5 19 7f 5d 09 
libspdm_receive_spdm_response[0] msg SPDM_CERTIFICATE(0x2), size (0x23f): 
0000: 13 02 02 01 37 02 00 00 2a 86 48 ce 3d 04 03 03 30 30 31 2e 30 2c 06 03 55 04 03 0c 25 44 4d 54 
0020: 46 20 6c 69 62 73 70 64 6d 20 45 43 50 33 38 34 20 69 6e 74 65 72 6d 65 64 69 61 74 65 20 63 65 
0040: 72 74 30 1e 17 0d 32 33 30 39 31 32 30 37 31 31 33 33 5a 17 0d 33 33 30 39 30 39 30 37 31 31 33 
0060: 33 5a 30 2d 31 2b 30 29 06 03 55 04 03 0c 22 44 4d 54 46 20 6c 69 62 73 70 64 6d 20 45 43 50 33 
0080: 38 34 20 72 65 73 70 6f 6e 64 65 72 20 63 65 72 74 30 76 30 10 06 07 2a 86 48 ce 3d 02 01 06 05 
00a0: 2b 81 04 00 22 03 62 00 04 0d 1c b9 20 1c dc ed c8 64 e9 70 a3 62 12 da d4 fe 59 94 ce bd ae d7 
00c0: d2 94 e4 e3 11 88 78 b9 88 c0 ed 5b e1 41 4a df 28 db 49 0f 38 81 52 68 b5 4c 6a 11 0b 58 b1 9c 
00e0: c1 4d 47 41 14 1f 6d d6 57 ac a3 9f d1 b9 64 de 07 11 e8 31 78 de 75 3a b7 2c 15 56 ea f5 20 63 
0100: 93 0f 33 a9 71 a3 7e 78 19 a3 81 bc 30 81 b9 30 0c 06 03 55 1d 13 01 01 ff 04 02 30 00 30 0b 06 
0120: 03 55 1d 0f 04 04 03 02 05 e0 30 1d 06 03 55 1d 0e 04 16 04 14 14 3c 4f 66 c7 d7 60 40 7f 67 c1 
0140: 95 68 b3 87 28 3e c5 23 83 30 31 06 03 55 1d 11 04 2a 30 28 a0 26 06 0a 2b 06 01 04 01 83 1c 82 
0160: 12 01 a0 18 0c 16 41 43 4d 45 3a 57 49 44 47 45 54 3a 31 32 33 34 35 36 37 38 39 30 30 2a 06 03 
0180: 55 1d 25 01 01 ff 04 20 30 1e 06 08 2b 06 01 05 05 07 03 01 06 08 2b 06 01 05 05 07 03 02 06 08 
01a0: 2b 06 01 05 05 07 03 09 30 1e 06 0a 2b 06 01 04 01 83 1c 82 12 06 04 10 30 0e 30 0c 06 0a 2b 06 
01c0: 01 04 01 83 1c 82 12 02 30 0a 06 08 2a 86 48 ce 3d 04 03 03 03 69 00 30 66 02 31 00 af 75 02 a9 
01e0: b3 a6 47 4a 6e f4 0c b0 85 07 fc 3c 53 9d 29 b0 09 c2 b9 b3 f3 96 b9 99 be c5 75 9c ac 4f c3 8a 
0200: 7a 24 7d 17 f7 cb 2a 71 14 57 3e 92 02 31 00 d3 57 af 94 68 e1 02 b6 51 50 0c 4a 74 97 72 37 b5 
0220: 03 ff 58 80 e0 f5 eb ae 1e 81 d8 d5 84 3d 18 83 60 fe 07 cd 43 2d 27 bd f5 a4 a5 19 7f 5d 09 
cert_info - 0x01
Certificate (offset 0x400, size 0x237):
0000: 2a 86 48 ce 3d 04 03 03 30 30 31 2e 30 2c 06 03 55 04 03 0c 25 44 4d 54 46 20 6c 69 62 73 70 64 
0020: 6d 20 45 43 50 33 38 34 20 69 6e 74 65 72 6d 65 64 69 61 74 65 20 63 65 72 74 30 1e 17 0d 32 33 
0040: 30 39 31 32 30 37 31 31 33 33 5a 17 0d 33 33 30 39 30 39 30 37 31 31 33 33 5a 30 2d 31 2b 30 29 
0060: 06 03 55 04 03 0c 22 44 4d 54 46 20 6c 69 62 73 70 64 6d 20 45 43 50 33 38 34 20 72 65 73 70 6f 
0080: 6e 64 65 72 20 63 65 72 74 30 76 30 10 06 07 2a 86 48 ce 3d 02 01 06 05 2b 81 04 00 22 03 62 00 
00a0: 04 0d 1c b9 20 1c dc ed c8 64 e9 70 a3 62 12 da d4 fe 59 94 ce bd ae d7 d2 94 e4 e3 11 88 78 b9 
00c0: 88 c0 ed 5b e1 41 4a df 28 db 49 0f 38 81 52 68 b5 4c 6a 11 0b 58 b1 9c c1 4d 47 41 14 1f 6d d6 
00e0: 57 ac a3 9f d1 b9 64 de 07 11 e8 31 78 de 75 3a b7 2c 15 56 ea f5 20 63 93 0f 33 a9 71 a3 7e 78 
0100: 19 a3 81 bc 30 81 b9 30 0c 06 03 55 1d 13 01 01 ff 04 02 30 00 30 0b 06 03 55 1d 0f 04 04 03 02 
0120: 05 e0 30 1d 06 03 55 1d 0e 04 16 04 14 14 3c 4f 66 c7 d7 60 40 7f 67 c1 95 68 b3 87 28 3e c5 23 
0140: 83 30 31 06 03 55 1d 11 04 2a 30 28 a0 26 06 0a 2b 06 01 04 01 83 1c 82 12 01 a0 18 0c 16 41 43 
0160: 4d 45 3a 57 49 44 47 45 54 3a 31 32 33 34 35 36 37 38 39 30 30 2a 06 03 55 1d 25 01 01 ff 04 20 
0180: 30 1e 06 08 2b 06 01 05 05 07 03 01 06 08 2b 06 01 05 05 07 03 02 06 08 2b 06 01 05 05 07 03 09 
01a0: 30 1e 06 0a 2b 06 01 04 01 83 1c 82 12 06 04 10 30 0e 30 0c 06 0a 2b 06 01 04 01 83 1c 82 12 02 
01c0: 30 0a 06 08 2a 86 48 ce 3d 04 03 03 03 69 00 30 66 02 31 00 af 75 02 a9 b3 a6 47 4a 6e f4 0c b0 
01e0: 85 07 fc 3c 53 9d 29 b0 09 c2 b9 b3 f3 96 b9 99 be c5 75 9c ac 4f c3 8a 7a 24 7d 17 f7 cb 2a 71 
0200: 14 57 3e 92 02 31 00 d3 57 af 94 68 e1 02 b6 51 50 0c 4a 74 97 72 37 b5 03 ff 58 80 e0 f5 eb ae 
0220: 1e 81 d8 d5 84 3d 18 83 60 fe 07 cd 43 2d 27 bd f5 a4 a5 19 7f 5d 09 
!!! VerifyCertificateChainBuffer - PASS (cert root hash match) !!!
!!! verify_peer_cert_chain_buffer - PASS !!!
RequesterNonce - 43 5d d6 42 0a c2 e0 fc 68 e5 51 3a 5f 40 49 c3 db 9f 99 ab a7 c2 24 29 21 5c 18 8a 07 db 2c 8f 
RequesterContext - 11 22 33 44 55 66 77 88 
libspdm_send_spdm_request[0] msg SPDM_CHALLENGE(0x83), size (0x2c): 
0000: 13 83 00 ff 43 5d d6 42 0a c2 e0 fc 68 e5 51 3a 5f 40 49 c3 db 9f 99 ab a7 c2 24 29 21 5c 18 8a 
0020: 07 db 2c 8f 11 22 33 44 55 66 77 88 
Platform port Transmit command: 00 00 00 01 
Platform port Transmit transport_type: 00 00 00 01 
Platform port Transmit size: 00 00 00 2d 
Platform port Transmit buffer:
    05 13 83 00 ff 43 5d d6 42 0a c2 e0 fc 68 e5 51 3a 5f 40 49 c3 db 9f 99 ab a7 c2 24 29 21 5c 18 8a 07 db 2c 8f 11 22 33 44 55 66 77 88 
Platform port Receive command: 00 00 00 01 
Platform port Receive transport_type: 00 00 00 01 
Platform port Receive size: 00 00 00 ef 
Platform port Receive buffer:
    05 13 03 80 07 dc 02 4e 78 fa 5e 45 d8 2e 45 c6 7f b5 fc e2 b9 98 7a df ee 9e a3 3e 56 d5 ed 83 47 e8 aa a3 d0 18 91 72 7f 3c 5d d7 a2 e1 ab 7f d3 61 38 37 5d 3a c9 64 43 13 ea 05 95 4d 0b 37 00 c6 e6 27 41 0f c8 0a c5 fe 80 e9 20 0c 0c c4 e8 d0 6e a8 c4 fd ab e1 6b 17 de df 3e 76 2a 76 f1 c5 d9 ee 01 5e 9f 50 b7 5b d7 5e a1 8d b5 d3 98 b8 80 25 8b 46 fc c8 1a e5 3a 9a a3 5f 49 f4 c2 4f 4e d5 a2 00 00 11 22 33 44 55 66 77 88 80 f2 a0 83 b4 db c0 f2 b6 4b 0a 08 8b 51 b8 05 40 9a bf db 52 5a 34 53 00 9a c2 57 cc 8a 5b 2e 99 de f5 8e 29 d7 b6 80 1c 93 f5 74 dd a6 04 82 67 4c 30 c1 9c c1 4d 33 58 44 ee d3 ea 53 f8 fc 68 0f b1 99 ac 27 63 1c c8 91 10 68 2b 5c a4 52 94 eb 0a 0a 73 58 8d 6f 60 12 bb f4 1f 44 69 4a 
libspdm_receive_spdm_response[0] msg SPDM_CHALLENGE_AUTH(0x3), size (0xee): 
0000: 13 03 80 07 dc 02 4e 78 fa 5e 45 d8 2e 45 c6 7f b5 fc e2 b9 98 7a df ee 9e a3 3e 56 d5 ed 83 47 
0020: e8 aa a3 d0 18 91 72 7f 3c 5d d7 a2 e1 ab 7f d3 61 38 37 5d 3a c9 64 43 13 ea 05 95 4d 0b 37 00 
0040: c6 e6 27 41 0f c8 0a c5 fe 80 e9 20 0c 0c c4 e8 d0 6e a8 c4 fd ab e1 6b 17 de df 3e 76 2a 76 f1 
0060: c5 d9 ee 01 5e 9f 50 b7 5b d7 5e a1 8d b5 d3 98 b8 80 25 8b 46 fc c8 1a e5 3a 9a a3 5f 49 f4 c2 
0080: 4f 4e d5 a2 00 00 11 22 33 44 55 66 77 88 80 f2 a0 83 b4 db c0 f2 b6 4b 0a 08 8b 51 b8 05 40 9a 
00a0: bf db 52 5a 34 53 00 9a c2 57 cc 8a 5b 2e 99 de f5 8e 29 d7 b6 80 1c 93 f5 74 dd a6 04 82 67 4c 
00c0: 30 c1 9c c1 4d 33 58 44 ee d3 ea 53 f8 fc 68 0f b1 99 ac 27 63 1c c8 91 10 68 2b 5c a4 52 94 eb 
00e0: 0a 0a 73 58 8d 6f 60 12 bb f4 1f 44 69 4a 
cert_chain_hash (0x30) - dc 02 4e 78 fa 5e 45 d8 2e 45 c6 7f b5 fc e2 b9 98 7a df ee 9e a3 3e 56 d5 ed 83 47 e8 aa a3 d0 18 91 72 7f 3c 5d d7 a2 e1 ab 7f d3 61 38 37 5d 
!!! verify_certificate_chain_hash - PASS !!!
nonce (0x20) - 3a c9 64 43 13 ea 05 95 4d 0b 37 00 c6 e6 27 41 0f c8 0a c5 fe 80 e9 20 0c 0c c4 e8 d0 6e a8 c4 
measurement_summary_hash (0x30) - fd ab e1 6b 17 de df 3e 76 2a 76 f1 c5 d9 ee 01 5e 9f 50 b7 5b d7 5e a1 8d b5 d3 98 b8 80 25 8b 46 fc c8 1a e5 3a 9a a3 5f 49 f4 c2 4f 4e d5 a2 
RequesterContext - 11 22 33 44 55 66 77 88 
signature (0x60):
0000: 80 f2 a0 83 b4 db c0 f2 b6 4b 0a 08 8b 51 b8 05 40 9a bf db 52 5a 34 53 00 9a c2 57 cc 8a 5b 2e 
0020: 99 de f5 8e 29 d7 b6 80 1c 93 f5 74 dd a6 04 82 67 4c 30 c1 9c c1 4d 33 58 44 ee d3 ea 53 f8 fc 
0040: 68 0f b1 99 ac 27 63 1c c8 91 10 68 2b 5c a4 52 94 eb 0a 0a 73 58 8d 6f 60 12 bb f4 1f 44 69 4a 
m1m2 hash - e3 04 8d 0b ee a1 5f 30 d1 cd 89 c1 26 45 64 e2 c2 9b 7a e4 64 42 ad 03 1e c6 5e df 03 6d af fd b5 d9 61 bb 3a 7d ad 56 5a 36 0d 8f d9 a7 b1 6d 
!!! verify_challenge_signature - PASS !!!
BasicMutAuth :
libspdm_send_spdm_request[0] msg SPDM_GET_ENCAPSULATED_REQUEST(0xea), size (0x4): 
0000: 13 ea 00 00 
Platform port Transmit command: 00 00 00 01 
Platform port Transmit transport_type: 00 00 00 01 
Platform port Transmit size: 00 00 00 05 
Platform port Transmit buffer:
    05 13 ea 00 00 
Platform port Receive command: 00 00 00 01 
Platform port Receive transport_type: 00 00 00 01 
Platform port Receive size: 00 00 00 09 
Platform port Receive buffer:
    05 13 6a 01 00 13 81 00 00 
libspdm_receive_spdm_response[0] msg SPDM_ENCAPSULATED_REQUEST(0x6a), size (0x8): 
0000: 13 6a 01 00 13 81 00 00 
libspdm_send_spdm_request[0] msg SPDM_DELIVER_ENCAPSULATED_RESPONSE(0xeb), size (0xa4): 
0000: 13 eb 01 00 13 01 07 07 4f 87 c0 26 1a 89 7c ac e3 cf 0b 0b 7a fb ad 8b f4 a9 67 f8 9c fd dc 9e 
0020: d6 37 4e bb 64 11 27 ae a4 25 a4 67 2e 48 d8 49 e9 f8 66 dd 79 e8 99 0c 4f 87 c0 26 1a 89 7c ac 
0040: e3 cf 0b 0b 7a fb ad 8b f4 a9 67 f8 9c fd dc 9e d6 37 4e bb 64 11 27 ae a4 25 a4 67 2e 48 d8 49 
0060: e9 f8 66 dd 79 e8 99 0c 4f 87 c0 26 1a 89 7c ac e3 cf 0b 0b 7a fb ad 8b f4 a9 67 f8 9c fd dc 9e 
0080: d6 37 4e bb 64 11 27 ae a4 25 a4 67 2e 48 d8 49 e9 f8 66 dd 79 e8 99 0c b0 b1 b2 01 01 01 0f 00 
00a0: 0f 00 0f 00 
Platform port Transmit command: 00 00 00 01 
Platform port Transmit transport_type: 00 00 00 01 
Platform port Transmit size: 00 00 00 a5 
Platform port Transmit buffer:
    05 13 eb 01 00 13 01 07 07 4f 87 c0 26 1a 89 7c ac e3 cf 0b 0b 7a fb ad 8b f4 a9 67 f8 9c fd dc 9e d6 37 4e bb 64 11 27 ae a4 25 a4 67 2e 48 d8 49 e9 f8 66 dd 79 e8 99 0c 4f 87 c0 26 1a 89 7c ac e3 cf 0b 0b 7a fb ad 8b f4 a9 67 f8 9c fd dc 9e d6 37 4e bb 64 11 27 ae a4 25 a4 67 2e 48 d8 49 e9 f8 66 dd 79 e8 99 0c 4f 87 c0 26 1a 89 7c ac e3 cf 0b 0b 7a fb ad 8b f4 a9 67 f8 9c fd dc 9e d6 37 4e bb 64 11 27 ae a4 25 a4 67 2e 48 d8 49 e9 f8 66 dd 79 e8 99 0c b0 b1 b2 01 01 01 0f 00 0f 00 0f 00 
Platform port Receive command: 00 00 00 01 
Platform port Receive transport_type: 00 00 00 01 
Platform port Receive size: 00 00 00 11 
Platform port Receive buffer:
    05 13 6b 02 01 01 00 00 00 13 82 00 00 00 00 00 04 
libspdm_receive_spdm_response[0] msg SPDM_ENCAPSULATED_RESPONSE_ACK(0x6b), size (0x10): 
0000: 13 6b 02 01 01 00 00 00 13 82 00 00 00 00 00 04 
libspdm_send_spdm_request[0] msg SPDM_DELIVER_ENCAPSULATED_RESPONSE(0xeb), size (0x40c): 
0000: 13 eb 02 00 13 02 00 01 00 04 90 0a 90 0e 00 00 51 2e 16 a0 50 1b 16 23 21 8c 36 bb 99 12 20 98 
0020: 31 a8 c5 e0 40 bd 29 38 1f 6c 12 1d 34 85 d0 16 05 81 f1 8e 93 3c c5 9f 8a 72 6d bc 3f 79 56 3c 
0040: 30 82 05 1d 30 82 03 05 a0 03 02 01 02 02 14 7c 41 60 c4 cd 75 b4 99 74 b5 f3 5a b8 22 31 20 36 
0060: 4f 19 aa 30 0d 06 09 2a 86 48 86 f7 0d 01 01 0c 05 00 30 1e 31 1c 30 1a 06 03 55 04 03 0c 13 44 
0080: 4d 54 46 20 6c 69 62 73 70 64 6d 20 52 53 41 20 43 41 30 1e 17 0d 32 33 30 34 30 33 30 35 35 32 
00a0: 31 35 5a 17 0d 33 33 30 33 33 31 30 35 35 32 31 35 5a 30 1e 31 1c 30 1a 06 03 55 04 03 0c 13 44 
00c0: 4d 54 46 20 6c 69 62 73 70 64 6d 20 52 53 41 20 43 41 30 82 02 22 30 0d 06 09 2a 86 48 86 f7 0d 
00e0: 01 01 01 05 00 03 82 02 0f 00 30 82 02 0a 02 82 02 01 00 c4 ed 0f 79 65 7b 03 b9 8e 36 74 5a 79 
0100: d0 1c 0c 83 43 5f 4e 13 bf 4d 61 cc 26 fd a6 e1 ff 96 c7 63 14 f4 0f 23 4b 06 a2 29 8f d5 6b 5b 
0120: cb 6a 10 28 6e ad 3b d6 16 a3 84 9b 65 30 b6 68 7e 1e 63 62 dc 0f 5c d8 a3 6b 9c 74 50 71 e9 65 
0140: 3a c3 ee 31 20 9d 49 5c 42 c9 8b 05 f0 cc 44 2d b4 19 ae c6 c6 51 1d 62 eb 4f 80 5c 9f de bf 20 
0160: 9b 84 d0 a7 08 9e 15 a6 6c 3e c1 27 89 38 50 e9 df 61 ab 89 80 fc 57 2f f3 0e a9 f0 df 9f dd eb 
0180: 4a c2 e8 cb 90 c0 6b 23 83 4e 12 3f 9a 94 f1 95 6a 95 fc f1 64 bb d4 83 e5 15 a5 07 68 da 8a f6 
01a0: f8 1a bc 22 ed 4a 03 aa c7 26 e8 0a c1 03 7c b5 86 88 2f a8 9e f9 dc 20 68 28 7b 93 3a 91 1f 44 
01c0: 19 66 e7 9d 33 2f bf b4 7b fc 63 6a b6 a6 b2 6a fb ae 83 63 fe bc 0a 40 ba 2f ef c6 ba f8 05 5c 
01e0: 13 48 87 3e c1 9b 82 f8 46 7b d8 f2 a6 82 2d 3c b2 e8 d9 4c 76 a5 a4 dd 31 d5 e1 6c 1b 3e db cd 
0200: d9 8c bb a2 11 5a c7 1a ff 1e 28 ce bb 40 52 43 9f 15 7d 82 34 00 47 3a f2 91 0e fd d9 39 7f 78 
0220: c5 8c 1a 89 e2 04 a3 a1 9d bc fc cb b8 8d fb 04 98 86 a5 6d a4 51 94 89 2b a5 67 1b 53 3a 69 02 
0240: 2a c5 ea 28 36 d9 de 22 e7 ec fc 68 48 93 92 0d 15 04 e6 12 05 ca 35 72 fb e3 97 b4 40 43 15 e2 
0260: 3e 21 b4 fd 9b 86 82 dd a3 f4 1c 31 4e 72 2f 03 86 df 37 8b 2d 92 4e bb ef 0e 58 f6 67 a2 d9 bf 
0280: f1 be 9a 83 0c ef 94 6d 45 f6 d0 53 07 8d 60 6a 05 97 59 3a 97 0c e4 b9 d6 a3 4b 5c 92 eb cf 28 
02a0: 9e 87 2a ae 47 1b 8f 9c 5c cb 13 7d 9f 8d e8 b9 06 4d 82 7a 63 36 18 ba e4 47 84 c9 1d 01 3c d7 
02c0: 81 fb 10 d2 b6 8c 20 20 d4 d8 91 f3 a0 2c 2e ac 63 99 f7 99 19 3e 4a 62 5a 1f c2 59 f3 62 3d b4 
02e0: 72 cf be bb 4c c3 fb 1f 38 ed 7e 19 ff bc 16 2e c9 b1 a9 02 03 01 00 01 a3 53 30 51 30 1d 06 03 
0300: 55 1d 0e 04 16 04 14 18 46 6c 14 db b3 0f fd bc 2b 0b 07 f5 15 b8 7d 08 b8 48 88 30 1f 06 03 55 
0320: 1d 23 04 18 30 16 80 14 18 46 6c 14 db b3 0f fd bc 2b 0b 07 f5 15 b8 7d 08 b8 48 88 30 0f 06 03 
0340: 55 1d 13 01 01 ff 04 05 30 03 01 01 ff 30 0d 06 09 2a 86 48 86 f7 0d 01 01 0c 05 00 03 82 02 01 
0360: 00 6e da 6a b2 d8 c2 a3 ae 06 a6 e1 22 e6 f5 e8 f1 33 26 0d 1d 87 90 fa 48 84 39 34 5b ef 8a 13 
0380: 2a f8 fb f8 3f bf d8 33 8e cb 92 73 46 0f 2b 26 0f de ef 2f a8 65 e2 53 4f 22 72 b2 7a 7c 4e 1a 
03a0: 04 87 b7 94 82 dd 6f 56 1f 03 d6 97 52 76 f8 1c b0 c4 95 c4 79 df 2a c5 8f f6 4e fb 92 d1 eb 78 
03c0: ba d8 7b b9 e4 78 10 7a fb e1 5c 8d 07 45 24 2d f1 35 30 7b 7c e8 97 32 f1 ac 6f cd 85 57 7e 9d 
03e0: 71 8e 07 b2 ed a3 4b 7c f4 9d de 69 57 b6 95 e3 2b 7c 2a 82 d2 72 93 16 c9 29 8d e8 63 51 94 e8 
0400: 05 70 d0 9e 6b f4 a7 b2 fa 84 8f 6a 
Platform port Transmit command: 00 00 00 01 
Platform port Transmit transport_type: 00 00 00 01 
Platform port Transmit size: 00 00 04 0d 
Platform port Transmit buffer:
    05 13 eb 02 00 13 02 00 01 00 04 90 0a 90 0e 00 00 51 2e 16 a0 50 1b 16 23 21 8c 36 bb 99 12 20 98 31 a8 c5 e0 40 bd 29 38 1f 6c 12 1d 34 85 d0 16 05 81 f1 8e 93 3c c5 9f 8a 72 6d bc 3f 79 56 3c 30 82 05 1d 30 82 03 05 a0 03 02 01 02 02 14 7c 41 60 c4 cd 75 b4 99 74 b5 f3 5a b8 22 31 20 36 4f 19 aa 30 0d 06 09 2a 86 48 86 f7 0d 01 01 0c 05 00 30 1e 31 1c 30 1a 06 03 55 04 03 0c 13 44 4d 54 46 20 6c 69 62 73 70 64 6d 20 52 53 41 20 43 41 30 1e 17 0d 32 33 30 34 30 33 30 35 35 32 31 35 5a 17 0d 33 33 30 33 33 31 30 35 35 32 31 35 5a 30 1e 31 1c 30 1a 06 03 55 04 03 0c 13 44 4d 54 46 20 6c 69 62 73 70 64 6d 20 52 53 41 20 43 41 30 82 02 22 30 0d 06 09 2a 86 48 86 f7 0d 01 01 01 05 00 03 82 02 0f 00 30 82 02 0a 02 82 02 01 00 c4 ed 0f 79 65 7b 03 b9 8e 36 74 5a 79 d0 1c 0c 83 43 5f 4e 13 bf 4d 61 cc 26 fd a6 e1 ff 96 c7 63 14 f4 0f 23 4b 06 a2 29 8f d5 6b 5b cb 6a 10 28 6e ad 3b d6 16 a3 84 9b 65 30 b6 68 7e 1e 63 62 dc 0f 5c d8 a3 6b 9c 74 50 71 e9 65 3a c3 ee 31 20 9d 49 5c 42 c9 8b 05 f0 cc 44 2d b4 19 ae c6 c6 51 1d 62 eb 4f 80 5c 9f de bf 20 9b 84 d0 a7 08 9e 15 a6 6c 3e c1 27 89 38 50 e9 df 61 ab 89 80 fc 57 2f f3 0e a9 f0 df 9f dd eb 4a c2 e8 cb 90 c0 6b 23 83 4e 12 3f 9a 94 f1 95 6a 95 fc f1 64 bb d4 83 e5 15 a5 07 68 da 8a f6 f8 1a bc 22 ed 4a 03 aa c7 26 e8 0a c1 03 7c b5 86 88 2f a8 9e f9 dc 20 68 28 7b 93 3a 91 1f 44 19 66 e7 9d 33 2f bf b4 7b fc 63 6a b6 a6 b2 6a fb ae 83 63 fe bc 0a 40 ba 2f ef c6 ba f8 05 5c 13 48 87 3e c1 9b 82 f8 46 7b d8 f2 a6 82 2d 3c b2 e8 d9 4c 76 a5 a4 dd 31 d5 e1 6c 1b 3e db cd d9 8c bb a2 11 5a c7 1a ff 1e 28 ce bb 40 52 43 9f 15 7d 82 34 00 47 3a f2 91 0e fd d9 39 7f 78 c5 8c 1a 89 e2 04 a3 a1 9d bc fc cb b8 8d fb 04 98 86 a5 6d a4 51 94 89 2b a5 67 1b 53 3a 69 02 2a c5 ea 28 36 d9 de 22 e7 ec fc 68 48 93 92 0d 15 04 e6 12 05 ca 35 72 fb e3 97 b4 40 43 15 e2 3e 21 b4 fd 9b 86 82 dd a3 f4 1c 31 4e 72 2f 03 86 df 37 8b 2d 92 4e bb ef 0e 58 f6 67 a2 d9 bf f1 be 9a 83 0c ef 94 6d 45 f6 d0 53 07 8d 60 6a 05 97 59 3a 97 0c e4 b9 d6 a3 4b 5c 92 eb cf 28 9e 87 2a ae 47 1b 8f 9c 5c cb 13 7d 9f 8d e8 b9 06 4d 82 7a 63 36 18 ba e4 47 84 c9 1d 01 3c d7 81 fb 10 d2 b6 8c 20 20 d4 d8 91 f3 a0 2c 2e ac 63 99 f7 99 19 3e 4a 62 5a 1f c2 59 f3 62 3d b4 72 cf be bb 4c c3 fb 1f 38 ed 7e 19 ff bc 16 2e c9 b1 a9 02 03 01 00 01 a3 53 30 51 30 1d 06 03 55 1d 0e 04 16 04 14 18 46 6c 14 db b3 0f fd bc 2b 0b 07 f5 15 b8 7d 08 b8 48 88 30 1f 06 03 55 1d 23 04 18 30 16 80 14 18 46 6c 14 db b3 0f fd bc 2b 0b 07 f5 15 b8 7d 08 b8 48 88 30 0f 06 03 55 1d 13 01 01 ff 04 05 30 03 01 01 ff 30 0d 06 09 2a 86 48 86 f7 0d 01 01 0c 05 00 03 82 02 01 00 6e da 6a b2 d8 c2 a3 ae 06 a6 e1 22 e6 f5 e8 f1 33 26 0d 1d 87 90 fa 48 84 39 34 5b ef 8a 13 2a f8 fb f8 3f bf d8 33 8e cb 92 73 46 0f 2b 26 0f de ef 2f a8 65 e2 53 4f 22 72 b2 7a 7c 4e 1a 04 87 b7 94 82 dd 6f 56 1f 03 d6 97 52 76 f8 1c b0 c4 95 c4 79 df 2a c5 8f f6 4e fb 92 d1 eb 78 ba d8 7b b9 e4 78 10 7a fb e1 5c 8d 07 45 24 2d f1 35 30 7b 7c e8 97 32 f1 ac 6f cd 85 57 7e 9d 71 8e 07 b2 ed a3 4b 7c f4 9d de 69 57 b6 95 e3 2b 7c 2a 82 d2 72 93 16 c9 29 8d e8 63 51 94 e8 05 70 d0 9e 6b f4 a7 b2 fa 84 8f 6a 
Platform port Receive command: 00 00 00 01 
Platform port Receive transport_type: 00 00 00 01 
Platform port Receive size: 00 00 00 11 
Platform port Receive buffer:
    05 13 6b 03 01 02 00 00 00 13 82 00 00 00 04 00 04 
libspdm_receive_spdm_response[0] msg SPDM_ENCAPSULATED_RESPONSE_ACK(0x6b), size (0x10): 
0000: 13 6b 03 01 02 00 00 00 13 82 00 00 00 04 00 04 
libspdm_send_spdm_request[0] msg SPDM_DELIVER_ENCAPSULATED_RESPONSE(0xeb), size (0x40c): 
0000: 13 eb 03 00 13 02 00 01 00 04 90 06 8c 51 5d 6d 01 3b b3 5a 35 ce 66 12 53 3c 23 2d e0 74 ae 47 
0020: 87 70 27 d7 a4 c6 86 50 ea 5a 06 e4 b2 0c 9c f3 14 b8 5c 13 e8 18 ae cc 92 a6 5e 6e 23 5b 40 55 
0040: 41 5a 28 fb 18 af 1e 26 6d 48 24 56 bb 19 37 ab 74 53 04 a7 cb a9 39 6e 31 12 23 37 21 69 7f 91 
0060: c5 b3 a7 f4 4a c7 5f f6 0f 95 7d 73 42 1f 16 91 92 1a 8b 83 c5 ea 61 8e 0f 30 51 dc 7a 8d 3f 9b 
0080: 82 6a f0 b7 a7 53 6f 79 5a a1 10 f3 6e b3 3f 92 a5 c4 3b cc 07 eb 05 88 9e 49 cd 52 38 97 7d 9c 
00a0: 3b 34 7e 7f 59 18 87 51 a2 b7 69 7d 54 7e 17 d7 f0 b5 70 e0 5b 76 9b 42 89 81 34 93 4f c5 12 67 
00c0: 53 47 1b 86 a8 e4 03 61 f5 5e a0 1f bd 98 89 3e 93 30 04 8f 57 32 a5 7e 58 a0 88 1d a9 04 0b 2b 
00e0: 8d 12 ea ce 8b 48 8c 56 d0 57 3f fd 78 3e a7 51 77 28 8d bc 25 5c 5d a5 3e 0d f7 19 6c fc 05 0b 
0100: 83 cb 9c 1b 53 05 e6 d6 a6 3e a3 ef 8b c5 07 ee 83 51 d8 e4 32 94 be d6 65 23 26 37 ee 5d 8e 4f 
0120: 6c 20 2b 74 63 63 42 5a 7b 46 e2 2b 6f 62 da 97 f6 82 76 17 d2 5a 95 8a b1 08 86 69 7c 2c da 6f 
0140: 88 ab 68 df b8 79 8e fd 44 6a a0 b4 41 f2 eb fe 54 39 4e c4 fb df cc a8 a0 13 83 36 7f bc 64 95 
0160: f6 30 82 04 a4 30 82 02 8c a0 03 02 01 02 02 01 01 30 0d 06 09 2a 86 48 86 f7 0d 01 01 0c 05 00 
0180: 30 1e 31 1c 30 1a 06 03 55 04 03 0c 13 44 4d 54 46 20 6c 69 62 73 70 64 6d 20 52 53 41 20 43 41 
01a0: 30 1e 17 0d 32 33 30 34 30 33 30 35 35 32 31 36 5a 17 0d 33 33 30 33 33 31 30 35 35 32 31 36 5a 
01c0: 30 2d 31 2b 30 29 06 03 55 04 03 0c 22 44 4d 54 46 20 6c 69 62 73 70 64 6d 20 52 53 41 20 69 6e 
01e0: 74 65 72 6d 65 64 69 61 74 65 20 63 65 72 74 30 82 01 a2 30 0d 06 09 2a 86 48 86 f7 0d 01 01 01 
0200: 05 00 03 82 01 8f 00 30 82 01 8a 02 82 01 81 00 d5 fe b3 eb 7c cb 11 48 99 1c 3e 6f 20 bd 4f e6 
0220: 1a 49 df 38 39 15 01 a1 9d ea e6 1f 28 03 92 2b 5a 75 46 05 b5 db b8 e8 7c f0 4f 8f 4a 7a 55 f8 
0240: 98 ec 4e d7 c3 f2 48 2b fb 2f 58 34 85 c0 e7 2c 2e 51 03 b2 d4 61 7e 87 0b c3 5f 68 07 76 b6 99 
0260: e6 ee 22 8f 8a fc cd 86 ac 0f 95 1d 46 55 39 b5 0d 8d 68 07 09 52 81 d8 e1 40 61 8c cd 09 b4 9c 
0280: da a8 14 df 03 33 7d ba 5c b1 ba 5b ca 45 27 34 2f 00 75 51 2f e3 80 a9 ed 7d 4f c5 09 a4 8c 8c 
02a0: 13 0a a9 11 a9 a5 2a d7 d1 2f 30 3a 53 9c f3 65 31 16 0b 26 5e 55 81 2b 17 f8 36 ef c6 e6 dd 42 
02c0: 3f cd b2 69 6b cd 59 d1 d2 f5 f5 5e af 15 d2 53 5c 57 3d bb 60 5d 65 d9 dd 0f f6 1a 2b c1 3e b0 
02e0: b5 23 e3 37 69 72 d9 47 b5 cd 75 95 f2 bc 8e 70 6f af ef d7 3a fc a8 6f f5 ec eb 1e 8e 35 17 d8 
0300: e9 e9 57 af b4 33 38 97 f9 6f 62 15 05 a0 d4 a5 74 a3 42 45 95 65 e2 72 9e 2b 4b 65 03 69 c0 dd 
0320: 54 a6 a4 54 60 ad 43 f2 b6 34 bb a5 b1 72 d3 1c 8a 2f 5d 91 a0 1b 9d 12 56 e3 47 70 b6 41 36 d1 
0340: ab bb eb 38 df ee 03 f3 68 e7 7f 31 f0 08 e2 cd 6d b1 f1 30 99 1a d5 6a c7 40 e5 cd f5 ad 29 02 
0360: 54 d1 85 df 70 08 90 e6 b9 bf e9 87 b6 45 d4 f8 a0 8f 11 b5 5f 40 fd 38 9f 0e 55 e3 bb 8b 84 f8 
0380: fb 37 61 74 1f ae 30 81 ff 80 ac 5f 56 75 24 87 02 03 01 00 01 a3 5e 30 5c 30 0c 06 03 55 1d 13 
03a0: 04 05 30 03 01 01 ff 30 0b 06 03 55 1d 0f 04 04 03 02 01 fe 30 1d 06 03 55 1d 0e 04 16 04 14 ce 
03c0: 3e dc e7 2a 80 6c 71 3a 6e c4 cc 59 cd d0 ed e3 ad c2 25 30 20 06 03 55 1d 25 01 01 ff 04 16 30 
03e0: 14 06 08 2b 06 01 05 05 07 03 01 06 08 2b 06 01 05 05 07 03 02 30 0d 06 09 2a 86 48 86 f7 0d 01 
0400: 01 0c 05 00 03 82 02 01 00 45 dc 31 
Platform port Transmit command: 00 00 00 01 
Platform port Transmit transport_type: 00 00 00 01 
Platform port Transmit size: 00 00 04 0d 
Platform port Transmit buffer:
    05 13 eb 03 00 13 02 00 01 00 04 90 06 8c 51 5d 6d 01 3b b3 5a 35 ce 66 12 53 3c 23 2d e0 74 ae 47 87 70 27 d7 a4 c6 86 50 ea 5a 06 e4 b2 0c 9c f3 14 b8 5c 13 e8 18 ae cc 92 a6 5e 6e 23 5b 40 55 41 5a 28 fb 18 af 1e 26 6d 48 24 56 bb 19 37 ab 74 53 04 a7 cb a9 39 6e 31 12 23 37 21 69 7f 91 c5 b3 a7 f4 4a c7 5f f6 0f 95 7d 73 42 1f 16 91 92 1a 8b 83 c5 ea 61 8e 0f 30 51 dc 7a 8d 3f 9b 82 6a f0 b7 a7 53 6f 79 5a a1 10 f3 6e b3 3f 92 a5 c4 3b cc 07 eb 05 88 9e 49 cd 52 38 97 7d 9c 3b 34 7e 7f 59 18 87 51 a2 b7 69 7d 54 7e 17 d7 f0 b5 70 e0 5b 76 9b 42 89 81 34 93 4f c5 12 67 53 47 1b 86 a8 e4 03 61 f5 5e a0 1f bd 98 89 3e 93 30 04 8f 57 32 a5 7e 58 a0 88 1d a9 04 0b 2b 8d 12 ea ce 8b 48 8c 56 d0 57 3f fd 78 3e a7 51 77 28 8d bc 25 5c 5d a5 3e 0d f7 19 6c fc 05 0b 83 cb 9c 1b 53 05 e6 d6 a6 3e a3 ef 8b c5 07 ee 83 51 d8 e4 32 94 be d6 65 23 26 37 ee 5d 8e 4f 6c 20 2b 74 63 63 42 5a 7b 46 e2 2b 6f 62 da 97 f6 82 76 17 d2 5a 95 8a b1 08 86 69 7c 2c da 6f 88 ab 68 df b8 79 8e fd 44 6a a0 b4 41 f2 eb fe 54 39 4e c4 fb df cc a8 a0 13 83 36 7f bc 64 95 f6 30 82 04 a4 30 82 02 8c a0 03 02 01 02 02 01 01 30 0d 06 09 2a 86 48 86 f7 0d 01 01 0c 05 00 30 1e 31 1c 30 1a 06 03 55 04 03 0c 13 44 4d 54 46 20 6c 69 62 73 70 64 6d 20 52 53 41 20 43 41 30 1e 17 0d 32 33 30 34 30 33 30 35 35 32 31 36 5a 17 0d 33 33 30 33 33 31 30 35 35 32 31 36 5a 30 2d 31 2b 30 29 06 03 55 04 03 0c 22 44 4d 54 46 20 6c 69 62 73 70 64 6d 20 52 53 41 20 69 6e 74 65 72 6d 65 64 69 61 74 65 20 63 65 72 74 30 82 01 a2 30 0d 06 09 2a 86 48 86 f7 0d 01 01 01 05 00 03 82 01 8f 00 30 82 01 8a 02 82 01 81 00 d5 fe b3 eb 7c cb 11 48 99 1c 3e 6f 20 bd 4f e6 1a 49 df 38 39 15 01 a1 9d ea e6 1f 28 03 92 2b 5a 75 46 05 b5 db b8 e8 7c f0 4f 8f 4a 7a 55 f8 98 ec 4e d7 c3 f2 48 2b fb 2f 58 34 85 c0 e7 2c 2e 51 03 b2 d4 61 7e 87 0b c3 5f 68 07 76 b6 99 e6 ee 22 8f 8a fc cd 86 ac 0f 95 1d 46 55 39 b5 0d 8d 68 07 09 52 81 d8 e1 40 61 8c cd 09 b4 9c da a8 14 df 03 33 7d ba 5c b1 ba 5b ca 45 27 34 2f 00 75 51 2f e3 80 a9 ed 7d 4f c5 09 a4 8c 8c 13 0a a9 11 a9 a5 2a d7 d1 2f 30 3a 53 9c f3 65 31 16 0b 26 5e 55 81 2b 17 f8 36 ef c6 e6 dd 42 3f cd b2 69 6b cd 59 d1 d2 f5 f5 5e af 15 d2 53 5c 57 3d bb 60 5d 65 d9 dd 0f f6 1a 2b c1 3e b0 b5 23 e3 37 69 72 d9 47 b5 cd 75 95 f2 bc 8e 70 6f af ef d7 3a fc a8 6f f5 ec eb 1e 8e 35 17 d8 e9 e9 57 af b4 33 38 97 f9 6f 62 15 05 a0 d4 a5 74 a3 42 45 95 65 e2 72 9e 2b 4b 65 03 69 c0 dd 54 a6 a4 54 60 ad 43 f2 b6 34 bb a5 b1 72 d3 1c 8a 2f 5d 91 a0 1b 9d 12 56 e3 47 70 b6 41 36 d1 ab bb eb 38 df ee 03 f3 68 e7 7f 31 f0 08 e2 cd 6d b1 f1 30 99 1a d5 6a c7 40 e5 cd f5 ad 29 02 54 d1 85 df 70 08 90 e6 b9 bf e9 87 b6 45 d4 f8 a0 8f 11 b5 5f 40 fd 38 9f 0e 55 e3 bb 8b 84 f8 fb 37 61 74 1f ae 30 81 ff 80 ac 5f 56 75 24 87 02 03 01 00 01 a3 5e 30 5c 30 0c 06 03 55 1d 13 04 05 30 03 01 01 ff 30 0b 06 03 55 1d 0f 04 04 03 02 01 fe 30 1d 06 03 55 1d 0e 04 16 04 14 ce 3e dc e7 2a 80 6c 71 3a 6e c4 cc 59 cd d0 ed e3 ad c2 25 30 20 06 03 55 1d 25 01 01 ff 04 16 30 14 06 08 2b 06 01 05 05 07 03 01 06 08 2b 06 01 05 05 07 03 02 30 0d 06 09 2a 86 48 86 f7 0d 01 01 0c 05 00 03 82 02 01 00 45 dc 31 
Platform port Receive command: 00 00 00 01 
Platform port Receive transport_type: 00 00 00 01 
Platform port Receive size: 00 00 00 11 
Platform port Receive buffer:
    05 13 6b 04 01 03 00 00 00 13 82 00 00 00 08 00 04 
libspdm_receive_spdm_response[0] msg SPDM_ENCAPSULATED_RESPONSE_ACK(0x6b), size (0x10): 
0000: 13 6b 04 01 03 00 00 00 13 82 00 00 00 08 00 04 
libspdm_send_spdm_request[0] msg SPDM_DELIVER_ENCAPSULATED_RESPONSE(0xeb), size (0x40c): 
0000: 13 eb 04 00 13 02 00 01 00 04 90 02 2d 58 71 46 21 2a ff 87 75 21 4f 6d d0 d4 f4 b1 25 38 a5 a0 
0020: 5d ee 38 db 87 64 90 9b eb 5c 31 db 39 6a 55 71 c1 c0 51 94 e7 d0 bd 51 4e 7f af 2f fb 39 e8 6b 
0040: b0 7a 72 28 85 d4 e2 35 22 5e 2f 18 ad 4b ef c7 4e d4 58 97 33 be f0 b9 bf dc ce 34 80 61 49 52 
0060: 33 c1 f8 4b 80 aa c8 86 59 e3 e7 24 6e 64 2e b0 af b3 80 02 d5 59 85 2d 2e 56 53 56 99 b3 73 5f 
0080: b6 9e ac 63 3b 30 15 f9 71 d7 d5 e7 36 b9 1f 3d f2 fa 29 2e e1 82 bf 16 74 a6 86 8d d0 1e be 05 
00a0: 0e 90 00 a4 80 9b ec dc 4d 40 91 e7 20 db f6 0f 06 91 20 14 08 21 ce 81 82 eb f2 23 1f 93 84 47 
00c0: d2 6d 37 55 0a f9 46 40 41 04 e1 f8 a2 b3 76 89 4f 18 a9 f9 fa dc 16 6e f7 d0 a8 3a 52 57 a3 b8 
00e0: 1a 8e c0 3a cc 02 12 87 66 70 87 9a d8 4d 6b 77 69 94 5d e7 35 35 b1 97 d3 6b fe 79 ee da 7e 1d 
0100: db 6c d3 0a 89 c0 4b d9 fa ee 24 70 44 d5 03 d3 3c ba 33 d1 67 df d4 a2 a6 93 0c 5e 29 c7 9c 1e 
0120: 85 60 c4 ca 4d 93 bb 85 1d 18 75 a9 17 62 19 45 3d 3a f4 d2 33 4b d3 d7 5a 96 7a 67 94 f1 58 44 
0140: e4 f4 18 28 2c e1 80 5b 3a cf de 00 b1 ed 02 c8 c6 92 ce ef 03 79 68 b1 1e c2 32 13 d9 9f 73 df 
0160: 44 c0 bf 49 9a f5 06 64 a3 11 57 39 47 dc 98 26 e6 06 81 96 2a 6a 34 4c af 41 0f f3 c7 2d d6 e2 
0180: f4 ed b7 12 c0 ba 3b 72 0c 76 d4 a0 b5 ca 92 ae 15 38 39 25 db 18 19 08 12 22 cb c5 42 cf 59 54 
01a0: fb f4 87 da 08 89 db f7 db 96 bf f0 29 ef 8b a9 fb 89 7f 07 59 5e ec e3 df e0 a5 e8 c8 e2 a9 0f 
01c0: 27 06 f7 17 5b e4 ea f1 a1 68 c1 cc 4d 22 2f cc 89 a2 a8 b2 00 c2 32 55 2c e0 d1 85 fa 33 42 78 
01e0: 27 38 c6 a4 28 b1 64 8e 12 8f d6 fe e9 df 4e 00 5a 0a bb 17 a2 df 49 fa 75 0a ad 28 e0 59 88 08 
0200: 5a b6 77 e1 73 91 ed 9d b2 30 82 04 8f 30 82 02 f7 a0 03 02 01 02 02 01 02 30 0d 06 09 2a 86 48 
0220: 86 f7 0d 01 01 0c 05 00 30 2d 31 2b 30 29 06 03 55 04 03 0c 22 44 4d 54 46 20 6c 69 62 73 70 64 
0240: 6d 20 52 53 41 20 69 6e 74 65 72 6d 65 64 69 61 74 65 20 63 65 72 74 30 1e 17 0d 32 33 30 39 31 
0260: 34 31 33 34 33 31 32 5a 17 0d 33 33 30 39 31 31 31 33 34 33 31 32 5a 30 2a 31 28 30 26 06 03 55 
0280: 04 03 0c 1f 44 4d 54 46 20 6c 69 62 73 70 64 6d 20 52 53 41 20 72 65 71 75 73 65 74 65 72 20 63 
02a0: 65 72 74 30 82 01 a2 30 0d 06 09 2a 86 48 86 f7 0d 01 01 01 05 00 03 82 01 8f 00 30 82 01 8a 02 
02c0: 82 01 81 00 b0 46 67 82 63 b9 22 69 01 9b e7 f9 52 f7 09 1b 72 15 0c 67 3e e4 6e 41 09 ed 01 42 
02e0: f1 d8 3c 0d a0 0c 35 fb 5c 36 00 21 58 4a 1b 4e 85 af e7 84 c9 8f b8 e0 b1 a4 3d 78 54 4d f3 92 
0300: 8d e6 b5 97 98 68 d6 4e de f3 2d 89 b6 57 9d b0 83 95 3c 7a 71 7f f9 0e 57 77 cc 69 a8 01 ab 2e 
0320: 7b 30 50 3b d1 ee c8 3d fe a6 74 e4 f7 7f f2 fc d1 e6 4a b4 7b 45 0b 59 cb 53 60 48 91 59 d9 1b 
0340: cc 61 5c 5b e2 b2 a5 ca ce 93 96 de c9 db f8 3a 94 1c 3e e4 44 44 ad 04 e0 2f 63 f1 a5 b7 01 55 
0360: 4f bc b7 7e 7d 8d 82 cb 74 ba c5 ed ef 9e 41 4c b0 54 6d 15 48 18 07 3c 2d 44 e0 e2 38 90 35 34 
0380: ee 0e c7 1e 32 58 be 89 55 9f 7e 68 e5 e7 7f d1 d0 61 f4 80 48 e0 d4 97 50 74 ca 27 a6 b5 cf 6e 
03a0: a5 0f c9 4f 21 c7 e6 c9 fd fe 1a 33 88 e3 b5 a7 b8 3a 4f bf f8 c6 54 4d 63 14 05 df 45 81 4e 84 
03c0: 9a 0a 8a 45 40 52 cf ee 15 b7 71 66 98 43 11 84 7c 2e 1b 02 da b2 92 a1 01 85 37 b1 ce 70 11 a4 
03e0: cf 46 eb 08 22 dd ad 05 89 f7 2e 1e a7 bb 36 cd 7f 13 aa ec dd 2a 2d 23 b1 d0 c6 74 fb 84 23 36 
0400: ba 90 a0 30 31 48 d5 52 a9 10 d9 4e 
Platform port Transmit command: 00 00 00 01 
Platform port Transmit transport_type: 00 00 00 01 
Platform port Transmit size: 00 00 04 0d 
Platform port Transmit buffer:
    05 13 eb 04 00 13 02 00 01 00 04 90 02 2d 58 71 46 21 2a ff 87 75 21 4f 6d d0 d4 f4 b1 25 38 a5 a0 5d ee 38 db 87 64 90 9b eb 5c 31 db 39 6a 55 71 c1 c0 51 94 e7 d0 bd 51 4e 7f af 2f fb 39 e8 6b b0 7a 72 28 85 d4 e2 35 22 5e 2f 18 ad 4b ef c7 4e d4 58 97 33 be f0 b9 bf dc ce 34 80 61 49 52 33 c1 f8 4b 80 aa c8 86 59 e3 e7 24 6e 64 2e b0 af b3 80 02 d5 59 85 2d 2e 56 53 56 99 b3 73 5f b6 9e ac 63 3b 30 15 f9 71 d7 d5 e7 36 b9 1f 3d f2 fa 29 2e e1 82 bf 16 74 a6 86 8d d0 1e be 05 0e 90 00 a4 80 9b ec dc 4d 40 91 e7 20 db f6 0f 06 91 20 14 08 21 ce 81 82 eb f2 23 1f 93 84 47 d2 6d 37 55 0a f9 46 40 41 04 e1 f8 a2 b3 76 89 4f 18 a9 f9 fa dc 16 6e f7 d0 a8 3a 52 57 a3 b8 1a 8e c0 3a cc 02 12 87 66 70 87 9a d8 4d 6b 77 69 94 5d e7 35 35 b1 97 d3 6b fe 79 ee da 7e 1d db 6c d3 0a 89 c0 4b d9 fa ee 24 70 44 d5 03 d3 3c ba 33 d1 67 df d4 a2 a6 93 0c 5e 29 c7 9c 1e 85 60 c4 ca 4d 93 bb 85 1d 18 75 a9 17 62 19 45 3d 3a f4 d2 33 4b d3 d7 5a 96 7a 67 94 f1 58 44 e4 f4 18 28 2c e1 80 5b 3a cf de 00 b1 ed 02 c8 c6 92 ce ef 03 79 68 b1 1e c2 32 13 d9 9f 73 df 44 c0 bf 49 9a f5 06 64 a3 11 57 39 47 dc 98 26 e6 06 81 96 2a 6a 34 4c af 41 0f f3 c7 2d d6 e2 f4 ed b7 12 c0 ba 3b 72 0c 76 d4 a0 b5 ca 92 ae 15 38 39 25 db 18 19 08 12 22 cb c5 42 cf 59 54 fb f4 87 da 08 89 db f7 db 96 bf f0 29 ef 8b a9 fb 89 7f 07 59 5e ec e3 df e0 a5 e8 c8 e2 a9 0f 27 06 f7 17 5b e4 ea f1 a1 68 c1 cc 4d 22 2f cc 89 a2 a8 b2 00 c2 32 55 2c e0 d1 85 fa 33 42 78 27 38 c6 a4 28 b1 64 8e 12 8f d6 fe e9 df 4e 00 5a 0a bb 17 a2 df 49 fa 75 0a ad 28 e0 59 88 08 5a b6 77 e1 73 91 ed 9d b2 30 82 04 8f 30 82 02 f7 a0 03 02 01 02 02 01 02 30 0d 06 09 2a 86 48 86 f7 0d 01 01 0c 05 00 30 2d 31 2b 30 29 06 03 55 04 03 0c 22 44 4d 54 46 20 6c 69 62 73 70 64 6d 20 52 53 41 20 69 6e 74 65 72 6d 65 64 69 61 74 65 20 63 65 72 74 30 1e 17 0d 32 33 30 39 31 34 31 33 34 33 31 32 5a 17 0d 33 33 30 39 31 31 31 33 34 33 31 32 5a 30 2a 31 28 30 26 06 03 55 04 03 0c 1f 44 4d 54 46 20 6c 69 62 73 70 64 6d 20 52 53 41 20 72 65 71 75 73 65 74 65 72 20 63 65 72 74 30 82 01 a2 30 0d 06 09 2a 86 48 86 f7 0d 01 01 01 05 00 03 82 01 8f 00 30 82 01 8a 02 82 01 81 00 b0 46 67 82 63 b9 22 69 01 9b e7 f9 52 f7 09 1b 72 15 0c 67 3e e4 6e 41 09 ed 01 42 f1 d8 3c 0d a0 0c 35 fb 5c 36 00 21 58 4a 1b 4e 85 af e7 84 c9 8f b8 e0 b1 a4 3d 78 54 4d f3 92 8d e6 b5 97 98 68 d6 4e de f3 2d 89 b6 57 9d b0 83 95 3c 7a 71 7f f9 0e 57 77 cc 69 a8 01 ab 2e 7b 30 50 3b d1 ee c8 3d fe a6 74 e4 f7 7f f2 fc d1 e6 4a b4 7b 45 0b 59 cb 53 60 48 91 59 d9 1b cc 61 5c 5b e2 b2 a5 ca ce 93 96 de c9 db f8 3a 94 1c 3e e4 44 44 ad 04 e0 2f 63 f1 a5 b7 01 55 4f bc b7 7e 7d 8d 82 cb 74 ba c5 ed ef 9e 41 4c b0 54 6d 15 48 18 07 3c 2d 44 e0 e2 38 90 35 34 ee 0e c7 1e 32 58 be 89 55 9f 7e 68 e5 e7 7f d1 d0 61 f4 80 48 e0 d4 97 50 74 ca 27 a6 b5 cf 6e a5 0f c9 4f 21 c7 e6 c9 fd fe 1a 33 88 e3 b5 a7 b8 3a 4f bf f8 c6 54 4d 63 14 05 df 45 81 4e 84 9a 0a 8a 45 40 52 cf ee 15 b7 71 66 98 43 11 84 7c 2e 1b 02 da b2 92 a1 01 85 37 b1 ce 70 11 a4 cf 46 eb 08 22 dd ad 05 89 f7 2e 1e a7 bb 36 cd 7f 13 aa ec dd 2a 2d 23 b1 d0 c6 74 fb 84 23 36 ba 90 a0 30 31 48 d5 52 a9 10 d9 4e 
Platform port Receive command: 00 00 00 01 
Platform port Receive transport_type: 00 00 00 01 
Platform port Receive size: 00 00 00 11 
Platform port Receive buffer:
    05 13 6b 05 01 04 00 00 00 13 82 00 00 00 0c 00 04 
libspdm_receive_spdm_response[0] msg SPDM_ENCAPSULATED_RESPONSE_ACK(0x6b), size (0x10): 
0000: 13 6b 05 01 04 00 00 00 13 82 00 00 00 0c 00 04 
libspdm_send_spdm_request[0] msg SPDM_DELIVER_ENCAPSULATED_RESPONSE(0xeb), size (0x29c): 
0000: 13 eb 05 00 13 02 00 01 90 02 00 00 5b a7 b5 06 1c 4b 1c b1 5e eb f0 e1 12 f2 e1 5b 41 22 f2 93 
0020: 72 62 85 7c 72 52 37 50 52 7b 95 e3 2c a4 5e bb a2 d5 7c a5 4c fe 7a 31 40 da 6f eb a5 87 4a 49 
0040: 96 96 32 8f 02 03 01 00 01 a3 81 bc 30 81 b9 30 0c 06 03 55 1d 13 01 01 ff 04 02 30 00 30 0b 06 
0060: 03 55 1d 0f 04 04 03 02 05 e0 30 1d 06 03 55 1d 0e 04 16 04 14 ad 7d 0a 9c 33 d2 d9 7b 1f 4e fd 
0080: b6 bf f3 eb 30 86 09 3c 01 30 31 06 03 55 1d 11 04 2a 30 28 a0 26 06 0a 2b 06 01 04 01 83 1c 82 
00a0: 12 01 a0 18 0c 16 41 43 4d 45 3a 57 49 44 47 45 54 3a 31 32 33 34 35 36 37 38 39 30 30 2a 06 03 
00c0: 55 1d 25 01 01 ff 04 20 30 1e 06 08 2b 06 01 05 05 07 03 01 06 08 2b 06 01 05 05 07 03 02 06 08 
00e0: 2b 06 01 05 05 07 03 09 30 1e 06 0a 2b 06 01 04 01 83 1c 82 12 06 04 10 30 0e 30 0c 06 0a 2b 06 
0100: 01 04 01 83 1c 82 12 02 30 0d 06 09 2a 86 48 86 f7 0d 01 01 0c 05 00 03 82 01 81 00 95 fc ed 8b 
0120: fe d1 f4 be f0 76 b8 5a 19 f7 f9 d3 44 2b 47 6f 5b 86 47 bb f2 64 72 64 5f c7 7b b5 4c 27 9d e3 
0140: 28 7b 96 75 ab 1a bc 38 b8 c9 e1 18 ed a3 b5 f9 8d 3e 6e 82 6c 5b cc b8 b6 d2 72 16 15 3f 59 d2 
0160: 3e 7c 4b 52 da f4 38 20 b3 c9 fc b6 99 07 b0 06 3e 00 db fa 9d 14 61 ce ab 80 82 5f 7d a9 2d c7 
0180: 9c 7f 78 b8 32 bf 4f 23 73 52 36 d9 44 16 b5 06 d4 f5 8c ec ee 5c 45 45 52 2c c5 8a b0 3d 38 5e 
01a0: 7e 03 28 f1 55 85 60 21 f3 ca 6f 76 d2 bf cc ae 8f fa 31 7e 3d 12 7d 93 24 2e 2d 99 05 87 51 e9 
01c0: 9e 5c 98 64 5f 25 6f 90 2a dd a2 4d 4e 09 53 35 65 0d 86 e4 32 aa 58 9d 76 44 e3 88 c6 50 e5 c3 
01e0: 77 eb a1 f6 02 71 de c4 c8 ca a9 fb eb 8b a8 14 6b bf fc ec 2d b6 fe 13 da 1b 89 6d 90 00 85 87 
0200: c9 18 fb 68 42 59 8c ce 59 e2 12 fe 5a 17 7d 4e 30 f3 7a 3b 58 ec 67 da 1d 64 f1 d5 1b 29 47 5b 
0220: b3 03 fc 81 3a 3b 2c 44 ba 81 2a f4 e2 3b 1d da 19 78 a1 e9 aa 4c 4f 8e a3 6a 3e 93 25 c8 b0 56 
0240: 65 d7 2e dc b4 b3 71 bc 16 62 de 6e 96 9f 48 58 78 1a 6b ac 2b 33 32 b0 5e 8e 05 07 56 91 06 03 
0260: de e8 0d 28 63 de a5 8b ed 53 d2 e9 6b ce db 33 63 f5 f2 0a fc 14 a2 19 28 83 55 c1 03 20 f3 5c 
0280: bd 83 b0 5e 64 c3 5e b5 ba c6 d7 f4 37 71 47 cc 16 fa 93 1a 38 97 e9 5e f2 b3 44 2d 
Platform port Transmit command: 00 00 00 01 
Platform port Transmit transport_type: 00 00 00 01 
Platform port Transmit size: 00 00 02 9d 
Platform port Transmit buffer:
    05 13 eb 05 00 13 02 00 01 90 02 00 00 5b a7 b5 06 1c 4b 1c b1 5e eb f0 e1 12 f2 e1 5b 41 22 f2 93 72 62 85 7c 72 52 37 50 52 7b 95 e3 2c a4 5e bb a2 d5 7c a5 4c fe 7a 31 40 da 6f eb a5 87 4a 49 96 96 32 8f 02 03 01 00 01 a3 81 bc 30 81 b9 30 0c 06 03 55 1d 13 01 01 ff 04 02 30 00 30 0b 06 03 55 1d 0f 04 04 03 02 05 e0 30 1d 06 03 55 1d 0e 04 16 04 14 ad 7d 0a 9c 33 d2 d9 7b 1f 4e fd b6 bf f3 eb 30 86 09 3c 01 30 31 06 03 55 1d 11 04 2a 30 28 a0 26 06 0a 2b 06 01 04 01 83 1c 82 12 01 a0 18 0c 16 41 43 4d 45 3a 57 49 44 47 45 54 3a 31 32 33 34 35 36 37 38 39 30 30 2a 06 03 55 1d 25 01 01 ff 04 20 30 1e 06 08 2b 06 01 05 05 07 03 01 06 08 2b 06 01 05 05 07 03 02 06 08 2b 06 01 05 05 07 03 09 30 1e 06 0a 2b 06 01 04 01 83 1c 82 12 06 04 10 30 0e 30 0c 06 0a 2b 06 01 04 01 83 1c 82 12 02 30 0d 06 09 2a 86 48 86 f7 0d 01 01 0c 05 00 03 82 01 81 00 95 fc ed 8b fe d1 f4 be f0 76 b8 5a 19 f7 f9 d3 44 2b 47 6f 5b 86 47 bb f2 64 72 64 5f c7 7b b5 4c 27 9d e3 28 7b 96 75 ab 1a bc 38 b8 c9 e1 18 ed a3 b5 f9 8d 3e 6e 82 6c 5b cc b8 b6 d2 72 16 15 3f 59 d2 3e 7c 4b 52 da f4 38 20 b3 c9 fc b6 99 07 b0 06 3e 00 db fa 9d 14 61 ce ab 80 82 5f 7d a9 2d c7 9c 7f 78 b8 32 bf 4f 23 73 52 36 d9 44 16 b5 06 d4 f5 8c ec ee 5c 45 45 52 2c c5 8a b0 3d 38 5e 7e 03 28 f1 55 85 60 21 f3 ca 6f 76 d2 bf cc ae 8f fa 31 7e 3d 12 7d 93 24 2e 2d 99 05 87 51 e9 9e 5c 98 64 5f 25 6f 90 2a dd a2 4d 4e 09 53 35 65 0d 86 e4 32 aa 58 9d 76 44 e3 88 c6 50 e5 c3 77 eb a1 f6 02 71 de c4 c8 ca a9 fb eb 8b a8 14 6b bf fc ec 2d b6 fe 13 da 1b 89 6d 90 00 85 87 c9 18 fb 68 42 59 8c ce 59 e2 12 fe 5a 17 7d 4e 30 f3 7a 3b 58 ec 67 da 1d 64 f1 d5 1b 29 47 5b b3 03 fc 81 3a 3b 2c 44 ba 81 2a f4 e2 3b 1d da 19 78 a1 e9 aa 4c 4f 8e a3 6a 3e 93 25 c8 b0 56 65 d7 2e dc b4 b3 71 bc 16 62 de 6e 96 9f 48 58 78 1a 6b ac 2b 33 32 b0 5e 8e 05 07 56 91 06 03 de e8 0d 28 63 de a5 8b ed 53 d2 e9 6b ce db 33 63 f5 f2 0a fc 14 a2 19 28 83 55 c1 03 20 f3 5c bd 83 b0 5e 64 c3 5e b5 ba c6 d7 f4 37 71 47 cc 16 fa 93 1a 38 97 e9 5e f2 b3 44 2d 
Platform port Receive command: 00 00 00 01 
Platform port Receive transport_type: 00 00 00 01 
Platform port Receive size: 00 00 00 35 
Platform port Receive buffer:
    05 13 6b 06 01 05 00 00 00 13 83 00 00 51 0c 09 27 ec fd c7 0b e8 0a 76 c0 9b a3 bc 1e 5c 56 46 96 03 6b a1 26 49 7f f3 be 52 8f 04 a5 00 00 00 00 00 00 00 00 
libspdm_receive_spdm_response[0] msg SPDM_ENCAPSULATED_RESPONSE_ACK(0x6b), size (0x34): 
0000: 13 6b 06 01 05 00 00 00 13 83 00 00 51 0c 09 27 ec fd c7 0b e8 0a 76 c0 9b a3 bc 1e 5c 56 46 96 
0020: 03 6b a1 26 49 7f f3 be 52 8f 04 a5 00 00 00 00 00 00 00 00 
m1m2 Mut hash - 0e 0c 03 02 be ab 8d 92 34 e8 d6 58 23 23 da 5b 6e 0b 1a ec a3 61 a7 cc 1e a8 d0 6b e8 a8 d9 c5 a4 e7 39 1e 68 9f 2d aa 8b 7c 3f eb 9e 63 0d 48 
libspdm_send_spdm_request[0] msg SPDM_DELIVER_ENCAPSULATED_RESPONSE(0xeb), size (0x1e2): 
0000: 13 eb 06 00 13 03 00 07 4f 87 c0 26 1a 89 7c ac e3 cf 0b 0b 7a fb ad 8b f4 a9 67 f8 9c fd dc 9e 
0020: d6 37 4e bb 64 11 27 ae a4 25 a4 67 2e 48 d8 49 e9 f8 66 dd 79 e8 99 0c 94 bb 6f b4 6b aa bc 30 
0040: fc 4a ab ea 71 8b 99 89 ea a3 b0 de 2b b2 72 11 23 0c e8 22 a5 1a 9e bd 00 00 00 00 00 00 00 00 
0060: 00 00 1e 47 cc 91 2e 49 e8 0f f9 f1 d9 ce 8c f6 86 a2 d2 f8 e1 e8 8f 57 ca e0 da 29 8e a9 ad e2 
0080: 58 29 9f c9 d1 df 01 31 71 2b 1a f7 63 64 06 83 24 72 06 9b bc 59 34 dc a1 b9 e8 25 54 dd f7 5b 
00a0: f1 d7 4e 4c 0b 1c 26 bb a0 ee 83 57 a1 8c ca 84 e1 3e ec cc 5f 2a 25 59 9a da 10 61 f2 a7 92 b0 
00c0: 5f 21 e8 f3 1f 0b 9c 21 d1 18 38 62 df 72 c7 f7 83 eb ab 3f ff 4c 79 99 b1 e6 a2 01 6a 48 06 22 
00e0: cc 1e 80 fc 2b 52 9f fb a1 4e fd 36 e5 a8 c0 e0 6f 39 7f 0c 3c b1 79 21 3e b3 1c 12 c9 0e 80 c4 
0100: 2b 50 e9 3b b2 d1 57 27 18 3d 2c be 19 f5 a9 5b 98 b0 30 63 45 cf 11 54 c6 8e fc 92 c5 77 ed 05 
0120: 2e a2 90 83 ea ff 9b b7 76 9e eb 30 93 81 f1 bf 8b 60 22 47 cd 05 48 93 10 05 e4 dc 2f 96 89 47 
0140: 3b d7 71 0e 01 ba f1 b5 24 f2 67 49 63 28 1b 99 a6 23 65 53 73 b1 f7 c4 98 3c 97 08 58 45 0c 8f 
0160: 7d 3a 2a a4 ef 2b e4 c5 16 57 c4 9e b6 54 60 21 b9 a5 61 00 b1 7b 55 99 63 8d 8a 53 5f 25 b4 64 
0180: 2a bd ef 10 a4 a0 d5 43 97 ea 7f b4 6d 3f e6 db 6c 5a 5b 69 c5 3a b4 53 60 63 ce e1 4c eb 35 75 
01a0: 27 43 f2 de c9 3d 81 8b 51 c2 0b 7e 54 29 34 77 a6 de c7 7b dc e0 3a 6f 9c 92 b9 16 25 22 3c b4 
01c0: a6 6c b6 ed 68 99 f4 45 4b de 33 80 a5 6d fb 81 ab 31 c0 6b 1a 3d 64 d6 d7 aa e5 3d de fd 0d f9 
01e0: 9d c6 
Platform port Transmit command: 00 00 00 01 
Platform port Transmit transport_type: 00 00 00 01 
Platform port Transmit size: 00 00 01 e3 
Platform port Transmit buffer:
    05 13 eb 06 00 13 03 00 07 4f 87 c0 26 1a 89 7c ac e3 cf 0b 0b 7a fb ad 8b f4 a9 67 f8 9c fd dc 9e d6 37 4e bb 64 11 27 ae a4 25 a4 67 2e 48 d8 49 e9 f8 66 dd 79 e8 99 0c 94 bb 6f b4 6b aa bc 30 fc 4a ab ea 71 8b 99 89 ea a3 b0 de 2b b2 72 11 23 0c e8 22 a5 1a 9e bd 00 00 00 00 00 00 00 00 00 00 1e 47 cc 91 2e 49 e8 0f f9 f1 d9 ce 8c f6 86 a2 d2 f8 e1 e8 8f 57 ca e0 da 29 8e a9 ad e2 58 29 9f c9 d1 df 01 31 71 2b 1a f7 63 64 06 83 24 72 06 9b bc 59 34 dc a1 b9 e8 25 54 dd f7 5b f1 d7 4e 4c 0b 1c 26 bb a0 ee 83 57 a1 8c ca 84 e1 3e ec cc 5f 2a 25 59 9a da 10 61 f2 a7 92 b0 5f 21 e8 f3 1f 0b 9c 21 d1 18 38 62 df 72 c7 f7 83 eb ab 3f ff 4c 79 99 b1 e6 a2 01 6a 48 06 22 cc 1e 80 fc 2b 52 9f fb a1 4e fd 36 e5 a8 c0 e0 6f 39 7f 0c 3c b1 79 21 3e b3 1c 12 c9 0e 80 c4 2b 50 e9 3b b2 d1 57 27 18 3d 2c be 19 f5 a9 5b 98 b0 30 63 45 cf 11 54 c6 8e fc 92 c5 77 ed 05 2e a2 90 83 ea ff 9b b7 76 9e eb 30 93 81 f1 bf 8b 60 22 47 cd 05 48 93 10 05 e4 dc 2f 96 89 47 3b d7 71 0e 01 ba f1 b5 24 f2 67 49 63 28 1b 99 a6 23 65 53 73 b1 f7 c4 98 3c 97 08 58 45 0c 8f 7d 3a 2a a4 ef 2b e4 c5 16 57 c4 9e b6 54 60 21 b9 a5 61 00 b1 7b 55 99 63 8d 8a 53 5f 25 b4 64 2a bd ef 10 a4 a0 d5 43 97 ea 7f b4 6d 3f e6 db 6c 5a 5b 69 c5 3a b4 53 60 63 ce e1 4c eb 35 75 27 43 f2 de c9 3d 81 8b 51 c2 0b 7e 54 29 34 77 a6 de c7 7b dc e0 3a 6f 9c 92 b9 16 25 22 3c b4 a6 6c b6 ed 68 99 f4 45 4b de 33 80 a5 6d fb 81 ab 31 c0 6b 1a 3d 64 d6 d7 aa e5 3d de fd 0d f9 9d c6 
Platform port Receive command: 00 00 00 01 
Platform port Receive transport_type: 00 00 00 01 
Platform port Receive size: 00 00 00 09 
Platform port Receive buffer:
    05 13 6b 00 00 06 00 00 00 
libspdm_receive_spdm_response[0] msg SPDM_ENCAPSULATED_RESPONSE_ACK(0x6b), size (0x8): 
0000: 13 6b 00 00 06 00 00 00 
libspdm_challenge - libspdm_encapsulated_request - 0u
libspdm_send_spdm_request[0] msg SPDM_GET_DIGESTS(0x81), size (0x4): 
0000: 13 81 00 00 
Platform port Transmit command: 00 00 00 01 
Platform port Transmit transport_type: 00 00 00 01 
Platform port Transmit size: 00 00 00 05 
Platform port Transmit buffer:
    05 13 81 00 00 
Platform port Receive command: 00 00 00 01 
Platform port Receive transport_type: 00 00 00 01 
Platform port Receive size: 00 00 00 a1 
Platform port Receive buffer:
    05 13 01 07 07 dc 02 4e 78 fa 5e 45 d8 2e 45 c6 7f b5 fc e2 b9 98 7a df ee 9e a3 3e 56 d5 ed 83 47 e8 aa a3 d0 18 91 72 7f 3c 5d d7 a2 e1 ab 7f d3 61 38 37 5d 0d 0d 5c f1 c3 ba 90 2c d5 9c 95 f2 5e 29 15 0f a3 78 70 8e a1 cd 97 82 da 82 ff c3 ea c4 8e 13 48 22 0e 89 ab 97 f8 bb 92 8a 82 4e 9e f5 95 1f dc 02 4e 78 fa 5e 45 d8 2e 45 c6 7f b5 fc e2 b9 98 7a df ee 9e a3 3e 56 d5 ed 83 47 e8 aa a3 d0 18 91 72 7f 3c 5d d7 a2 e1 ab 7f d3 61 38 37 5d a0 a1 a2 01 01 01 0f 00 0f 00 0f 00 
libspdm_receive_spdm_response[0] msg SPDM_DIGESTS(0x1), size (0xa0): 
0000: 13 01 07 07 dc 02 4e 78 fa 5e 45 d8 2e 45 c6 7f b5 fc e2 b9 98 7a df ee 9e a3 3e 56 d5 ed 83 47 
0020: e8 aa a3 d0 18 91 72 7f 3c 5d d7 a2 e1 ab 7f d3 61 38 37 5d 0d 0d 5c f1 c3 ba 90 2c d5 9c 95 f2 
0040: 5e 29 15 0f a3 78 70 8e a1 cd 97 82 da 82 ff c3 ea c4 8e 13 48 22 0e 89 ab 97 f8 bb 92 8a 82 4e 
0060: 9e f5 95 1f dc 02 4e 78 fa 5e 45 d8 2e 45 c6 7f b5 fc e2 b9 98 7a df ee 9e a3 3e 56 d5 ed 83 47 
0080: e8 aa a3 d0 18 91 72 7f 3c 5d d7 a2 e1 ab 7f d3 61 38 37 5d a0 a1 a2 01 01 01 0f 00 0f 00 0f 00 
provisioned_slot_mask - 0x07
supported_slot_mask - 0x07
digest (0x0) - dc 02 4e 78 fa 5e 45 d8 2e 45 c6 7f b5 fc e2 b9 98 7a df ee 9e a3 3e 56 d5 ed 83 47 e8 aa a3 d0 18 91 72 7f 3c 5d d7 a2 e1 ab 7f d3 61 38 37 5d 
digest (0x1) - 0d 0d 5c f1 c3 ba 90 2c d5 9c 95 f2 5e 29 15 0f a3 78 70 8e a1 cd 97 82 da 82 ff c3 ea c4 8e 13 48 22 0e 89 ab 97 f8 bb 92 8a 82 4e 9e f5 95 1f 
digest (0x2) - dc 02 4e 78 fa 5e 45 d8 2e 45 c6 7f b5 fc e2 b9 98 7a df ee 9e a3 3e 56 d5 ed 83 47 e8 aa a3 d0 18 91 72 7f 3c 5d d7 a2 e1 ab 7f d3 61 38 37 5d 
key_pair_id (0x0) - 0xa0
key_pair_id (0x1) - 0xa1
key_pair_id (0x2) - 0xa2
cert_info (0x0) - 0x01
cert_info (0x1) - 0x01
cert_info (0x2) - 0x01
key_usage_bit_mask (0x0) - 0x000f
key_usage_bit_mask (0x1) - 0x000f
key_usage_bit_mask (0x2) - 0x000f
request (offset 0x0, size 0x400):
libspdm_send_spdm_request[0] msg SPDM_GET_CERTIFICATE(0x82), size (0x8): 
0000: 13 82 00 00 00 00 00 04 
Platform port Transmit command: 00 00 00 01 
Platform port Transmit transport_type: 00 00 00 01 
Platform port Transmit size: 00 00 00 09 
Platform port Transmit buffer:
    05 13 82 00 00 00 00 00 04 
Platform port Receive command: 00 00 00 01 
Platform port Receive transport_type: 00 00 00 01 
Platform port Receive size: 00 00 04 09 
Platform port Receive buffer:
    05 13 02 00 01 00 04 37 02 37 06 00 00 71 0b a5 94 61 1d 3a 37 c9 10 a1 44 38 f6 d9 2e 7d b9 bb aa 6b ab 66 de bc ea b1 cf 23 a3 38 90 73 24 2e 5f 6c e9 f6 7b c9 8a 7f a2 fa 38 46 e2 30 82 01 d4 30 82 01 5a a0 03 02 01 02 02 14 21 41 dd 4e ec f8 19 62 24 2e 7e d6 ae 64 cb 29 5d c4 90 51 30 0a 06 08 2a 86 48 ce 3d 04 03 03 30 21 31 1f 30 1d 06 03 55 04 03 0c 16 44 4d 54 46 20 6c 69 62 73 70 64 6d 20 45 43 50 33 38 34 20 43 41 30 1e 17 0d 32 33 30 34 32 30 30 31 31 33 35 34 5a 17 0d 33 33 30 34 31 37 30 31 31 33 35 34 5a 30 21 31 1f 30 1d 06 03 55 04 03 0c 16 44 4d 54 46 20 6c 69 62 73 70 64 6d 20 45 43 50 33 38 34 20 43 41 30 76 30 10 06 07 2a 86 48 ce 3d 02 01 06 05 2b 81 04 00 22 03 62 00 04 15 1c 0b 41 fb 87 d5 20 e0 7a f8 58 67 ef c0 ed 61 af 58 bf 92 52 33 ae 87 a9 7f 46 8b d4 b6 ef aa 2c 5b 0f 84 19 a0 8c 10 9b 81 4c d7 64 7e 32 6e 02 c5 fc 3d 25 7c a3 bc b5 ca a6 ce 04 11 8d bd ba 19 73 92 98 56 cc 99 24 48 17 ef b2 fb 54 3f f0 31 1d b4 a3 04 ea dc 22 ca c8 9a 2d fd fc a3 53 30 51 30 1d 06 03 55 1d 0e 04 16 04 14 4a e2 a4 0a c0 5d ae a2 30 aa d0 57 70 d0 51 58 5f 5c a3 52 30 1f 06 03 55 1d 23 04 18 30 16 80 14 4a e2 a4 0a c0 5d ae a2 30 aa d0 57 70 d0 51 58 5f 5c a3 52 30 0f 06 03 55 1d 13 01 01 ff 04 05 30 03 01 01 ff 30 0a 06 08 2a 86 48 ce 3d 04 03 03 03 68 00 30 65 02 30 2a 32 95 2c ff aa 1f 33 52 6f 6c fd 40 72 ff 17 89 6e 03 5f bb 42 03 c4 6e 17 86 aa 98 a8 c1 20 12 d9 04 7c 16 ea 1f ae 8a ef 85 11 41 57 df fc 02 31 00 a8 4c b9 90 4b 2f 6a 4f c2 8e d8 23 ad 81 de 4c 51 50 0b 27 17 8f 46 26 89 3b 9f f9 ce 48 e0 ee 28 fd 3f 06 e1 b3 4d 8f 6c 48 1c 2a 94 a9 d0 de 30 82 01 dc 30 82 01 61 a0 03 02 01 02 02 01 01 30 0a 06 08 2a 86 48 ce 3d 04 03 03 30 21 31 1f 30 1d 06 03 55 04 03 0c 16 44 4d 54 46 20 6c 69 62 73 70 64 6d 20 45 43 50 33 38 34 20 43 41 30 1e 17 0d 32 33 30 34 32 30 30 31 31 34 30 35 5a 17 0d 33 33 30 34 31 37 30 31 31 34 30 35 5a 30 30 31 2e 30 2c 06 03 55 04 03 0c 25 44 4d 54 46 20 6c 69 62 73 70 64 6d 20 45 43 50 33 38 34 20 69 6e 74 65 72 6d 65 64 69 61 74 65 20 63 65 72 74 30 76 30 10 06 07 2a 86 48 ce 3d 02 01 06 05 2b 81 04 00 22 03 62 00 04 31 7d 01 41 1a f7 e9 ea 5c 39 1e 37 6a 16 8d 2c 6e d9 7e ea 19 25 c5 97 40 dc ce 39 7f 92 46 cb fb 4b 44 d8 f7 3d db 47 a6 44 bf 55 77 02 35 d1 37 27 68 a4 e8 04 4e 87 75 8f 59 57 a9 80 b8 b4 3c 97 ca fa 1b 13 a8 50 dc 0d 7a be 13 3d 31 5b fd d8 9f d6 fc aa 27 33 b8 92 5c 5b b8 0c 24 ca a3 5e 30 5c 30 0c 06 03 55 1d 13 04 05 30 03 01 01 ff 30 0b 06 03 55 1d 0f 04 04 03 02 01 fe 30 1d 06 03 55 1d 0e 04 16 04 14 00 0f 6f a7 6b 1f 34 03 0e 5a 21 c7 38 eb f1 a5 57 d5 57 cd 30 20 06 03 55 1d 25 01 01 ff 04 16 30 14 06 08 2b 06 01 05 05 07 03 01 06 08 2b 06 01 05 05 07 03 02 30 0a 06 08 2a 86 48 ce 3d 04 03 03 03 69 00 30 66 02 31 00 99 03 64 47 66 6c 30 6a b7 9d d3 5a 99 21 68 ae 09 50 6f eb b4 fd ef 69 0b cf b2 56 4f b6 8f 1f 43 11 0c de f6 fd 77 fd a9 34 25 81 7e 97 64 4c 02 31 00 f9 c7 5c 54 3d 43 92 9a 30 3d 61 1a 1e f8 65 51 d4 d5 20 90 d2 85 f0 44 de 40 85 ea 34 61 dd 6b fe 60 bd 0a c0 db 3d 43 2c ad d4 c4 e9 fa 22 33 30 82 02 47 30 82 01 cc a0 03 02 01 02 02 01 03 30 0a 06 08 
libspdm_receive_spdm_response[0] msg SPDM_CERTIFICATE(0x2), size (0x408): 
0000: 13 02 00 01 00 04 37 02 37 06 00 00 71 0b a5 94 61 1d 3a 37 c9 10 a1 44 38 f6 d9 2e 7d b9 bb aa 
0020: 6b ab 66 de bc ea b1 cf 23 a3 38 90 73 24 2e 5f 6c e9 f6 7b c9 8a 7f a2 fa 38 46 e2 30 82 01 d4 
0040: 30 82 01 5a a0 03 02 01 02 02 14 21 41 dd 4e ec f8 19 62 24 2e 7e d6 ae 64 cb 29 5d c4 90 51 30 
0060: 0a 06 08 2a 86 48 ce 3d 04 03 03 30 21 31 1f 30 1d 06 03 55 04 03 0c 16 44 4d 54 46 20 6c 69 62 
0080: 73 70 64 6d 20 45 43 50 33 38 34 20 43 41 30 1e 17 0d 32 33 30 34 32 30 30 31 31 33 35 34 5a 17 
00a0: 0d 33 33 30 34 31 37 30 31 31 33 35 34 5a 30 21 31 1f 30 1d 06 03 55 04 03 0c 16 44 4d 54 46 20 
00c0: 6c 69 62 73 70 64 6d 20 45 43 50 33 38 34 20 43 41 30 76 30 10 06 07 2a 86 48 ce 3d 02 01 06 05 
00e0: 2b 81 04 00 22 03 62 00 04 15 1c 0b 41 fb 87 d5 20 e0 7a f8 58 67 ef c0 ed 61 af 58 bf 92 52 33 
0100: ae 87 a9 7f 46 8b d4 b6 ef aa 2c 5b 0f 84 19 a0 8c 10 9b 81 4c d7 64 7e 32 6e 02 c5 fc 3d 25 7c 
0120: a3 bc b5 ca a6 ce 04 11 8d bd ba 19 73 92 98 56 cc 99 24 48 17 ef b2 fb 54 3f f0 31 1d b4 a3 04 
0140: ea dc 22 ca c8 9a 2d fd fc a3 53 30 51 30 1d 06 03 55 1d 0e 04 16 04 14 4a e2 a4 0a c0 5d ae a2 
0160: 30 aa d0 57 70 d0 51 58 5f 5c a3 52 30 1f 06 03 55 1d 23 04 18 30 16 80 14 4a e2 a4 0a c0 5d ae 
0180: a2 30 aa d0 57 70 d0 51 58 5f 5c a3 52 30 0f 06 03 55 1d 13 01 01 ff 04 05 30 03 01 01 ff 30 0a 
01a0: 06 08 2a 86 48 ce 3d 04 03 03 03 68 00 30 65 02 30 2a 32 95 2c ff aa 1f 33 52 6f 6c fd 40 72 ff 
01c0: 17 89 6e 03 5f bb 42 03 c4 6e 17 86 aa 98 a8 c1 20 12 d9 04 7c 16 ea 1f ae 8a ef 85 11 41 57 df 
01e0: fc 02 31 00 a8 4c b9 90 4b 2f 6a 4f c2 8e d8 23 ad 81 de 4c 51 50 0b 27 17 8f 46 26 89 3b 9f f9 
0200: ce 48 e0 ee 28 fd 3f 06 e1 b3 4d 8f 6c 48 1c 2a 94 a9 d0 de 30 82 01 dc 30 82 01 61 a0 03 02 01 
0220: 02 02 01 01 30 0a 06 08 2a 86 48 ce 3d 04 03 03 30 21 31 1f 30 1d 06 03 55 04 03 0c 16 44 4d 54 
0240: 46 20 6c 69 62 73 70 64 6d 20 45 43 50 33 38 34 20 43 41 30 1e 17 0d 32 33 30 34 32 30 30 31 31 
0260: 34 30 35 5a 17 0d 33 33 30 34 31 37 30 31 31 34 30 35 5a 30 30 31 2e 30 2c 06 03 55 04 03 0c 25 
0280: 44 4d 54 46 20 6c 69 62 73 70 64 6d 20 45 43 50 33 38 34 20 69 6e 74 65 72 6d 65 64 69 61 74 65 
02a0: 20 63 65 72 74 30 76 30 10 06 07 2a 86 48 ce 3d 02 01 06 05 2b 81 04 00 22 03 62 00 04 31 7d 01 
02c0: 41 1a f7 e9 ea 5c 39 1e 37 6a 16 8d 2c 6e d9 7e ea 19 25 c5 97 40 dc ce 39 7f 92 46 cb fb 4b 44 
02e0: d8 f7 3d db 47 a6 44 bf 55 77 02 35 d1 37 27 68 a4 e8 04 4e 87 75 8f 59 57 a9 80 b8 b4 3c 97 ca 
0300: fa 1b 13 a8 50 dc 0d 7a be 13 3d 31 5b fd d8 9f d6 fc aa 27 33 b8 92 5c 5b b8 0c 24 ca a3 5e 30 
0320: 5c 30 0c 06 03 55 1d 13 04 05 30 03 01 01 ff 30 0b 06 03 55 1d 0f 04 04 03 02 01 fe 30 1d 06 03 
0340: 55 1d 0e 04 16 04 14 00 0f 6f a7 6b 1f 34 03 0e 5a 21 c7 38 eb f1 a5 57 d5 57 cd 30 20 06 03 55 
0360: 1d 25 01 01 ff 04 16 30 14 06 08 2b 06 01 05 05 07 03 01 06 08 2b 06 01 05 05 07 03 02 30 0a 06 
0380: 08 2a 86 48 ce 3d 04 03 03 03 69 00 30 66 02 31 00 99 03 64 47 66 6c 30 6a b7 9d d3 5a 99 21 68 
03a0: ae 09 50 6f eb b4 fd ef 69 0b cf b2 56 4f b6 8f 1f 43 11 0c de f6 fd 77 fd a9 34 25 81 7e 97 64 
03c0: 4c 02 31 00 f9 c7 5c 54 3d 43 92 9a 30 3d 61 1a 1e f8 65 51 d4 d5 20 90 d2 85 f0 44 de 40 85 ea 
03e0: 34 61 dd 6b fe 60 bd 0a c0 db 3d 43 2c ad d4 c4 e9 fa 22 33 30 82 02 47 30 82 01 cc a0 03 02 01 
0400: 02 02 01 03 30 0a 06 08 
cert_info - 0x01
Certificate (offset 0x0, size 0x400):
0000: 37 06 00 00 71 0b a5 94 61 1d 3a 37 c9 10 a1 44 38 f6 d9 2e 7d b9 bb aa 6b ab 66 de bc ea b1 cf 
0020: 23 a3 38 90 73 24 2e 5f 6c e9 f6 7b c9 8a 7f a2 fa 38 46 e2 30 82 01 d4 30 82 01 5a a0 03 02 01 
0040: 02 02 14 21 41 dd 4e ec f8 19 62 24 2e 7e d6 ae 64 cb 29 5d c4 90 51 30 0a 06 08 2a 86 48 ce 3d 
0060: 04 03 03 30 21 31 1f 30 1d 06 03 55 04 03 0c 16 44 4d 54 46 20 6c 69 62 73 70 64 6d 20 45 43 50 
0080: 33 38 34 20 43 41 30 1e 17 0d 32 33 30 34 32 30 30 31 31 33 35 34 5a 17 0d 33 33 30 34 31 37 30 
00a0: 31 31 33 35 34 5a 30 21 31 1f 30 1d 06 03 55 04 03 0c 16 44 4d 54 46 20 6c 69 62 73 70 64 6d 20 
00c0: 45 43 50 33 38 34 20 43 41 30 76 30 10 06 07 2a 86 48 ce 3d 02 01 06 05 2b 81 04 00 22 03 62 00 
00e0: 04 15 1c 0b 41 fb 87 d5 20 e0 7a f8 58 67 ef c0 ed 61 af 58 bf 92 52 33 ae 87 a9 7f 46 8b d4 b6 
0100: ef aa 2c 5b 0f 84 19 a0 8c 10 9b 81 4c d7 64 7e 32 6e 02 c5 fc 3d 25 7c a3 bc b5 ca a6 ce 04 11 
0120: 8d bd ba 19 73 92 98 56 cc 99 24 48 17 ef b2 fb 54 3f f0 31 1d b4 a3 04 ea dc 22 ca c8 9a 2d fd 
0140: fc a3 53 30 51 30 1d 06 03 55 1d 0e 04 16 04 14 4a e2 a4 0a c0 5d ae a2 30 aa d0 57 70 d0 51 58 
0160: 5f 5c a3 52 30 1f 06 03 55 1d 23 04 18 30 16 80 14 4a e2 a4 0a c0 5d ae a2 30 aa d0 57 70 d0 51 
0180: 58 5f 5c a3 52 30 0f 06 03 55 1d 13 01 01 ff 04 05 30 03 01 01 ff 30 0a 06 08 2a 86 48 ce 3d 04 
01a0: 03 03 03 68 00 30 65 02 30 2a 32 95 2c ff aa 1f 33 52 6f 6c fd 40 72 ff 17 89 6e 03 5f bb 42 03 
01c0: c4 6e 17 86 aa 98 a8 c1 20 12 d9 04 7c 16 ea 1f ae 8a ef 85 11 41 57 df fc 02 31 00 a8 4c b9 90 
01e0: 4b 2f 6a 4f c2 8e d8 23 ad 81 de 4c 51 50 0b 27 17 8f 46 26 89 3b 9f f9 ce 48 e0 ee 28 fd 3f 06 
0200: e1 b3 4d 8f 6c 48 1c 2a 94 a9 d0 de 30 82 01 dc 30 82 01 61 a0 03 02 01 02 02 01 01 30 0a 06 08 
0220: 2a 86 48 ce 3d 04 03 03 30 21 31 1f 30 1d 06 03 55 04 03 0c 16 44 4d 54 46 20 6c 69 62 73 70 64 
0240: 6d 20 45 43 50 33 38 34 20 43 41 30 1e 17 0d 32 33 30 34 32 30 30 31 31 34 30 35 5a 17 0d 33 33 
0260: 30 34 31 37 30 31 31 34 30 35 5a 30 30 31 2e 30 2c 06 03 55 04 03 0c 25 44 4d 54 46 20 6c 69 62 
0280: 73 70 64 6d 20 45 43 50 33 38 34 20 69 6e 74 65 72 6d 65 64 69 61 74 65 20 63 65 72 74 30 76 30 
02a0: 10 06 07 2a 86 48 ce 3d 02 01 06 05 2b 81 04 00 22 03 62 00 04 31 7d 01 41 1a f7 e9 ea 5c 39 1e 
02c0: 37 6a 16 8d 2c 6e d9 7e ea 19 25 c5 97 40 dc ce 39 7f 92 46 cb fb 4b 44 d8 f7 3d db 47 a6 44 bf 
02e0: 55 77 02 35 d1 37 27 68 a4 e8 04 4e 87 75 8f 59 57 a9 80 b8 b4 3c 97 ca fa 1b 13 a8 50 dc 0d 7a 
0300: be 13 3d 31 5b fd d8 9f d6 fc aa 27 33 b8 92 5c 5b b8 0c 24 ca a3 5e 30 5c 30 0c 06 03 55 1d 13 
0320: 04 05 30 03 01 01 ff 30 0b 06 03 55 1d 0f 04 04 03 02 01 fe 30 1d 06 03 55 1d 0e 04 16 04 14 00 
0340: 0f 6f a7 6b 1f 34 03 0e 5a 21 c7 38 eb f1 a5 57 d5 57 cd 30 20 06 03 55 1d 25 01 01 ff 04 16 30 
0360: 14 06 08 2b 06 01 05 05 07 03 01 06 08 2b 06 01 05 05 07 03 02 30 0a 06 08 2a 86 48 ce 3d 04 03 
0380: 03 03 69 00 30 66 02 31 00 99 03 64 47 66 6c 30 6a b7 9d d3 5a 99 21 68 ae 09 50 6f eb b4 fd ef 
03a0: 69 0b cf b2 56 4f b6 8f 1f 43 11 0c de f6 fd 77 fd a9 34 25 81 7e 97 64 4c 02 31 00 f9 c7 5c 54 
03c0: 3d 43 92 9a 30 3d 61 1a 1e f8 65 51 d4 d5 20 90 d2 85 f0 44 de 40 85 ea 34 61 dd 6b fe 60 bd 0a 
03e0: c0 db 3d 43 2c ad d4 c4 e9 fa 22 33 30 82 02 47 30 82 01 cc a0 03 02 01 02 02 01 03 30 0a 06 08 
request (offset 0x400, size 0x237):
libspdm_send_spdm_request[0] msg SPDM_GET_CERTIFICATE(0x82), size (0x8): 
0000: 13 82 00 00 00 04 37 02 
Platform port Transmit command: 00 00 00 01 
Platform port Transmit transport_type: 00 00 00 01 
Platform port Transmit size: 00 00 00 09 
Platform port Transmit buffer:
    05 13 82 00 00 00 04 37 02 
Platform port Receive command: 00 00 00 01 
Platform port Receive transport_type: 00 00 00 01 
Platform port Receive size: 00 00 02 40 
Platform port Receive buffer:
    05 13 02 00 01 37 02 00 00 2a 86 48 ce 3d 04 03 03 30 30 31 2e 30 2c 06 03 55 04 03 0c 25 44 4d 54 46 20 6c 69 62 73 70 64 6d 20 45 43 50 33 38 34 20 69 6e 74 65 72 6d 65 64 69 61 74 65 20 63 65 72 74 30 1e 17 0d 32 33 30 39 31 32 30 37 31 31 33 33 5a 17 0d 33 33 30 39 30 39 30 37 31 31 33 33 5a 30 2d 31 2b 30 29 06 03 55 04 03 0c 22 44 4d 54 46 20 6c 69 62 73 70 64 6d 20 45 43 50 33 38 34 20 72 65 73 70 6f 6e 64 65 72 20 63 65 72 74 30 76 30 10 06 07 2a 86 48 ce 3d 02 01 06 05 2b 81 04 00 22 03 62 00 04 0d 1c b9 20 1c dc ed c8 64 e9 70 a3 62 12 da d4 fe 59 94 ce bd ae d7 d2 94 e4 e3 11 88 78 b9 88 c0 ed 5b e1 41 4a df 28 db 49 0f 38 81 52 68 b5 4c 6a 11 0b 58 b1 9c c1 4d 47 41 14 1f 6d d6 57 ac a3 9f d1 b9 64 de 07 11 e8 31 78 de 75 3a b7 2c 15 56 ea f5 20 63 93 0f 33 a9 71 a3 7e 78 19 a3 81 bc 30 81 b9 30 0c 06 03 55 1d 13 01 01 ff 04 02 30 00 30 0b 06 03 55 1d 0f 04 04 03 02 05 e0 30 1d 06 03 55 1d 0e 04 16 04 14 14 3c 4f 66 c7 d7 60 40 7f 67 c1 95 68 b3 87 28 3e c5 23 83 30 31 06 03 55 1d 11 04 2a 30 28 a0 26 06 0a 2b 06 01 04 01 83 1c 82 12 01 a0 18 0c 16 41 43 4d 45 3a 57 49 44 47 45 54 3a 31 32 33 34 35 36 37 38 39 30 30 2a 06 03 55 1d 25 01 01 ff 04 20 30 1e 06 08 2b 06 01 05 05 07 03 01 06 08 2b 06 01 05 05 07 03 02 06 08 2b 06 01 05 05 07 03 09 30 1e 06 0a 2b 06 01 04 01 83 1c 82 12 06 04 10 30 0e 30 0c 06 0a 2b 06 01 04 01 83 1c 82 12 02 30 0a 06 08 2a 86 48 ce 3d 04 03 03 03 69 00 30 66 02 31 00 af 75 02 a9 b3 a6 47 4a 6e f4 0c b0 85 07 fc 3c 53 9d 29 b0 09 c2 b9 b3 f3 96 b9 99 be c5 75 9c ac 4f c3 8a 7a 24 7d 17 f7 cb 2a 71 14 57 3e 92 02 31 00 d3 57 af 94 68 e1 02 b6 51 50 0c 4a 74 97 72 37 b5 03 ff 58 80 e0 f5 eb ae 1e 81 d8 d5 84 3d 18 83 60 fe 07 cd 43 2d 27 bd f5 a4 a5 19 7f 5d 09 
libspdm_receive_spdm_response[0] msg SPDM_CERTIFICATE(0x2), size (0x23f): 
0000: 13 02 00 01 37 02 00 00 2a 86 48 ce 3d 04 03 03 30 30 31 2e 30 2c 06 03 55 04 03 0c 25 44 4d 54 
0020: 46 20 6c 69 62 73 70 64 6d 20 45 43 50 33 38 34 20 69 6e 74 65 72 6d 65 64 69 61 74 65 20 63 65 
0040: 72 74 30 1e 17 0d 32 33 30 39 31 32 30 37 31 31 33 33 5a 17 0d 33 33 30 39 30 39 30 37 31 31 33 
0060: 33 5a 30 2d 31 2b 30 29 06 03 55 04 03 0c 22 44 4d 54 46 20 6c 69 62 73 70 64 6d 20 45 43 50 33 
0080: 38 34 20 72 65 73 70 6f 6e 64 65 72 20 63 65 72 74 30 76 30 10 06 07 2a 86 48 ce 3d 02 01 06 05 
00a0: 2b 81 04 00 22 03 62 00 04 0d 1c b9 20 1c dc ed c8 64 e9 70 a3 62 12 da d4 fe 59 94 ce bd ae d7 
00c0: d2 94 e4 e3 11 88 78 b9 88 c0 ed 5b e1 41 4a df 28 db 49 0f 38 81 52 68 b5 4c 6a 11 0b 58 b1 9c 
00e0: c1 4d 47 41 14 1f 6d d6 57 ac a3 9f d1 b9 64 de 07 11 e8 31 78 de 75 3a b7 2c 15 56 ea f5 20 63 
0100: 93 0f 33 a9 71 a3 7e 78 19 a3 81 bc 30 81 b9 30 0c 06 03 55 1d 13 01 01 ff 04 02 30 00 30 0b 06 
0120: 03 55 1d 0f 04 04 03 02 05 e0 30 1d 06 03 55 1d 0e 04 16 04 14 14 3c 4f 66 c7 d7 60 40 7f 67 c1 
0140: 95 68 b3 87 28 3e c5 23 83 30 31 06 03 55 1d 11 04 2a 30 28 a0 26 06 0a 2b 06 01 04 01 83 1c 82 
0160: 12 01 a0 18 0c 16 41 43 4d 45 3a 57 49 44 47 45 54 3a 31 32 33 34 35 36 37 38 39 30 30 2a 06 03 
0180: 55 1d 25 01 01 ff 04 20 30 1e 06 08 2b 06 01 05 05 07 03 01 06 08 2b 06 01 05 05 07 03 02 06 08 
01a0: 2b 06 01 05 05 07 03 09 30 1e 06 0a 2b 06 01 04 01 83 1c 82 12 06 04 10 30 0e 30 0c 06 0a 2b 06 
01c0: 01 04 01 83 1c 82 12 02 30 0a 06 08 2a 86 48 ce 3d 04 03 03 03 69 00 30 66 02 31 00 af 75 02 a9 
01e0: b3 a6 47 4a 6e f4 0c b0 85 07 fc 3c 53 9d 29 b0 09 c2 b9 b3 f3 96 b9 99 be c5 75 9c ac 4f c3 8a 
0200: 7a 24 7d 17 f7 cb 2a 71 14 57 3e 92 02 31 00 d3 57 af 94 68 e1 02 b6 51 50 0c 4a 74 97 72 37 b5 
0220: 03 ff 58 80 e0 f5 eb ae 1e 81 d8 d5 84 3d 18 83 60 fe 07 cd 43 2d 27 bd f5 a4 a5 19 7f 5d 09 
cert_info - 0x01
Certificate (offset 0x400, size 0x237):
0000: 2a 86 48 ce 3d 04 03 03 30 30 31 2e 30 2c 06 03 55 04 03 0c 25 44 4d 54 46 20 6c 69 62 73 70 64 
0020: 6d 20 45 43 50 33 38 34 20 69 6e 74 65 72 6d 65 64 69 61 74 65 20 63 65 72 74 30 1e 17 0d 32 33 
0040: 30 39 31 32 30 37 31 31 33 33 5a 17 0d 33 33 30 39 30 39 30 37 31 31 33 33 5a 30 2d 31 2b 30 29 
0060: 06 03 55 04 03 0c 22 44 4d 54 46 20 6c 69 62 73 70 64 6d 20 45 43 50 33 38 34 20 72 65 73 70 6f 
0080: 6e 64 65 72 20 63 65 72 74 30 76 30 10 06 07 2a 86 48 ce 3d 02 01 06 05 2b 81 04 00 22 03 62 00 
00a0: 04 0d 1c b9 20 1c dc ed c8 64 e9 70 a3 62 12 da d4 fe 59 94 ce bd ae d7 d2 94 e4 e3 11 88 78 b9 
00c0: 88 c0 ed 5b e1 41 4a df 28 db 49 0f 38 81 52 68 b5 4c 6a 11 0b 58 b1 9c c1 4d 47 41 14 1f 6d d6 
00e0: 57 ac a3 9f d1 b9 64 de 07 11 e8 31 78 de 75 3a b7 2c 15 56 ea f5 20 63 93 0f 33 a9 71 a3 7e 78 
0100: 19 a3 81 bc 30 81 b9 30 0c 06 03 55 1d 13 01 01 ff 04 02 30 00 30 0b 06 03 55 1d 0f 04 04 03 02 
0120: 05 e0 30 1d 06 03 55 1d 0e 04 16 04 14 14 3c 4f 66 c7 d7 60 40 7f 67 c1 95 68 b3 87 28 3e c5 23 
0140: 83 30 31 06 03 55 1d 11 04 2a 30 28 a0 26 06 0a 2b 06 01 04 01 83 1c 82 12 01 a0 18 0c 16 41 43 
0160: 4d 45 3a 57 49 44 47 45 54 3a 31 32 33 34 35 36 37 38 39 30 30 2a 06 03 55 1d 25 01 01 ff 04 20 
0180: 30 1e 06 08 2b 06 01 05 05 07 03 01 06 08 2b 06 01 05 05 07 03 02 06 08 2b 06 01 05 05 07 03 09 
01a0: 30 1e 06 0a 2b 06 01 04 01 83 1c 82 12 06 04 10 30 0e 30 0c 06 0a 2b 06 01 04 01 83 1c 82 12 02 
01c0: 30 0a 06 08 2a 86 48 ce 3d 04 03 03 03 69 00 30 66 02 31 00 af 75 02 a9 b3 a6 47 4a 6e f4 0c b0 
01e0: 85 07 fc 3c 53 9d 29 b0 09 c2 b9 b3 f3 96 b9 99 be c5 75 9c ac 4f c3 8a 7a 24 7d 17 f7 cb 2a 71 
0200: 14 57 3e 92 02 31 00 d3 57 af 94 68 e1 02 b6 51 50 0c 4a 74 97 72 37 b5 03 ff 58 80 e0 f5 eb ae 
0220: 1e 81 d8 d5 84 3d 18 83 60 fe 07 cd 43 2d 27 bd f5 a4 a5 19 7f 5d 09 
!!! VerifyCertificateChainBuffer - PASS (cert root hash match) !!!
!!! verify_peer_cert_chain_buffer - PASS !!!
libspdm_send_spdm_request[0] msg SPDM_GET_DIGESTS(0x81), size (0x4): 
0000: 13 81 00 00 
Platform port Transmit command: 00 00 00 01 
Platform port Transmit transport_type: 00 00 00 01 
Platform port Transmit size: 00 00 00 05 
Platform port Transmit buffer:
    05 13 81 00 00 
Platform port Receive command: 00 00 00 01 
Platform port Receive transport_type: 00 00 00 01 
Platform port Receive size: 00 00 00 a1 
Platform port Receive buffer:
    05 13 01 07 07 dc 02 4e 78 fa 5e 45 d8 2e 45 c6 7f b5 fc e2 b9 98 7a df ee 9e a3 3e 56 d5 ed 83 47 e8 aa a3 d0 18 91 72 7f 3c 5d d7 a2 e1 ab 7f d3 61 38 37 5d 0d 0d 5c f1 c3 ba 90 2c d5 9c 95 f2 5e 29 15 0f a3 78 70 8e a1 cd 97 82 da 82 ff c3 ea c4 8e 13 48 22 0e 89 ab 97 f8 bb 92 8a 82 4e 9e f5 95 1f dc 02 4e 78 fa 5e 45 d8 2e 45 c6 7f b5 fc e2 b9 98 7a df ee 9e a3 3e 56 d5 ed 83 47 e8 aa a3 d0 18 91 72 7f 3c 5d d7 a2 e1 ab 7f d3 61 38 37 5d a0 a1 a2 01 01 01 0f 00 0f 00 0f 00 
libspdm_receive_spdm_response[0] msg SPDM_DIGESTS(0x1), size (0xa0): 
0000: 13 01 07 07 dc 02 4e 78 fa 5e 45 d8 2e 45 c6 7f b5 fc e2 b9 98 7a df ee 9e a3 3e 56 d5 ed 83 47 
0020: e8 aa a3 d0 18 91 72 7f 3c 5d d7 a2 e1 ab 7f d3 61 38 37 5d 0d 0d 5c f1 c3 ba 90 2c d5 9c 95 f2 
0040: 5e 29 15 0f a3 78 70 8e a1 cd 97 82 da 82 ff c3 ea c4 8e 13 48 22 0e 89 ab 97 f8 bb 92 8a 82 4e 
0060: 9e f5 95 1f dc 02 4e 78 fa 5e 45 d8 2e 45 c6 7f b5 fc e2 b9 98 7a df ee 9e a3 3e 56 d5 ed 83 47 
0080: e8 aa a3 d0 18 91 72 7f 3c 5d d7 a2 e1 ab 7f d3 61 38 37 5d a0 a1 a2 01 01 01 0f 00 0f 00 0f 00 
provisioned_slot_mask - 0x07
supported_slot_mask - 0x07
digest (0x0) - dc 02 4e 78 fa 5e 45 d8 2e 45 c6 7f b5 fc e2 b9 98 7a df ee 9e a3 3e 56 d5 ed 83 47 e8 aa a3 d0 18 91 72 7f 3c 5d d7 a2 e1 ab 7f d3 61 38 37 5d 
digest (0x1) - 0d 0d 5c f1 c3 ba 90 2c d5 9c 95 f2 5e 29 15 0f a3 78 70 8e a1 cd 97 82 da 82 ff c3 ea c4 8e 13 48 22 0e 89 ab 97 f8 bb 92 8a 82 4e 9e f5 95 1f 
digest (0x2) - dc 02 4e 78 fa 5e 45 d8 2e 45 c6 7f b5 fc e2 b9 98 7a df ee 9e a3 3e 56 d5 ed 83 47 e8 aa a3 d0 18 91 72 7f 3c 5d d7 a2 e1 ab 7f d3 61 38 37 5d 
key_pair_id (0x0) - 0xa0
key_pair_id (0x1) - 0xa1
key_pair_id (0x2) - 0xa2
cert_info (0x0) - 0x01
cert_info (0x1) - 0x01
cert_info (0x2) - 0x01
key_usage_bit_mask (0x0) - 0x000f
key_usage_bit_mask (0x1) - 0x000f
key_usage_bit_mask (0x2) - 0x000f
RequesterContext - aa bb cc dd ee ff 00 00 
libspdm_send_spdm_request[0] msg SPDM_GET_MEASUREMENTS(0xe0), size (0xc): 
0000: 13 e0 00 00 aa bb cc dd ee ff 00 00 
Platform port Transmit command: 00 00 00 01 
Platform port Transmit transport_type: 00 00 00 01 
Platform port Transmit size: 00 00 00 0d 
Platform port Transmit buffer:
    05 13 e0 00 00 aa bb cc dd ee ff 00 00 
Platform port Receive command: 00 00 00 01 
Platform port Receive transport_type: 00 00 00 01 
Platform port Receive size: 00 00 00 33 
Platform port Receive buffer:
    05 13 60 08 00 00 00 00 00 38 67 b7 e6 40 6b 5c ff e0 d9 d2 b2 40 03 22 ee a0 30 11 39 d6 53 0a dd ea 44 76 1f 1a 95 4c 54 00 00 aa bb cc dd ee ff 00 00 
libspdm_receive_spdm_response[0] msg SPDM_MEASUREMENTS(0x60), size (0x32): 
0000: 13 60 08 00 00 00 00 00 38 67 b7 e6 40 6b 5c ff e0 d9 d2 b2 40 03 22 ee a0 30 11 39 d6 53 0a dd 
0020: ea 44 76 1f 1a 95 4c 54 00 00 aa bb cc dd ee ff 00 00 
nonce (0x20) - 38 67 b7 e6 40 6b 5c ff e0 d9 d2 b2 40 03 22 ee a0 30 11 39 d6 53 0a dd ea 44 76 1f 1a 95 4c 54 
RequesterContext - aa bb cc dd ee ff 00 00 
number_of_blocks - 0x8
index - 0x1
RequesterContext - aa bb cc dd ee ff 00 01 
libspdm_send_spdm_request[0] msg SPDM_GET_MEASUREMENTS(0xe0), size (0xc): 
0000: 13 e0 00 01 aa bb cc dd ee ff 00 01 
Platform port Transmit command: 00 00 00 01 
Platform port Transmit transport_type: 00 00 00 01 
Platform port Transmit size: 00 00 00 0d 
Platform port Transmit buffer:
    05 13 e0 00 01 aa bb cc dd ee ff 00 01 
Platform port Receive command: 00 00 00 01 
Platform port Receive transport_type: 00 00 00 01 
Platform port Receive size: 00 00 00 7a 
Platform port Receive buffer:
    05 13 60 00 00 01 47 00 00 01 01 43 00 00 40 00 8d 53 1d 77 d8 21 e1 67 11 4d 1e b0 7e 0a e1 9c fb 56 51 52 40 88 43 c7 68 f1 13 5b 54 8f df a1 3a 20 3e 5c 7f 12 9c ea cc 01 7d f2 6c 99 9f 62 da 26 db f2 e1 12 83 45 ec 0f 65 d3 7f 87 ca 41 49 67 79 5e 7f dd b8 ec 3e 61 96 11 54 a4 3c be 49 ab e3 d3 fe 9e ff 7c 58 43 6f d7 89 93 fe 1b 00 00 aa bb cc dd ee ff 00 01 
libspdm_receive_spdm_response[0] msg SPDM_MEASUREMENTS(0x60), size (0x79): 
0000: 13 60 00 00 01 47 00 00 01 01 43 00 00 40 00 8d 53 1d 77 d8 21 e1 67 11 4d 1e b0 7e 0a e1 9c fb 
0020: 56 51 52 40 88 43 c7 68 f1 13 5b 54 8f df a1 3a 20 3e 5c 7f 12 9c ea cc 01 7d f2 6c 99 9f 62 da 
0040: 26 db f2 e1 12 83 45 ec 0f 65 d3 7f 87 ca 41 49 67 79 5e 7f dd b8 ec 3e 61 96 11 54 a4 3c be 49 
0060: ab e3 d3 fe 9e ff 7c 58 43 6f d7 89 93 fe 1b 00 00 aa bb cc dd ee ff 00 01 
measurement_record_length - 0x000047
nonce (0x20) - 49 67 79 5e 7f dd b8 ec 3e 61 96 11 54 a4 3c be 49 ab e3 d3 fe 9e ff 7c 58 43 6f d7 89 93 fe 1b 
RequesterContext - aa bb cc dd ee ff 00 01 
index - 0x2
RequesterContext - aa bb cc dd ee ff 00 02 
libspdm_send_spdm_request[0] msg SPDM_GET_MEASUREMENTS(0xe0), size (0xc): 
0000: 13 e0 00 02 aa bb cc dd ee ff 00 02 
Platform port Transmit command: 00 00 00 01 
Platform port Transmit transport_type: 00 00 00 01 
Platform port Transmit size: 00 00 00 0d 
Platform port Transmit buffer:
    05 13 e0 00 02 aa bb cc dd ee ff 00 02 
Platform port Receive command: 00 00 00 01 
Platform port Receive transport_type: 00 00 00 01 
Platform port Receive size: 00 00 00 7a 
Platform port Receive buffer:
    05 13 60 00 00 01 47 00 00 02 01 43 00 01 40 00 9e ff d8 a6 68 f7 6d 3f ce 35 45 1a 13 6f 8e f6 71 02 60 e9 ca 28 be ef 89 7f 55 9f cd ba 48 a4 c0 66 56 0f b4 90 01 95 ca e4 d4 fa b1 f7 d1 12 43 42 10 08 af 86 14 d9 2a 3f ca bb bf 75 24 8f 1c 41 e2 dd c9 bf 1d c3 2e 21 08 45 b1 3f b4 e5 eb 66 33 1c ce d8 69 7b dc bd be ec ce 4e b1 f5 00 00 aa bb cc dd ee ff 00 02 
libspdm_receive_spdm_response[0] msg SPDM_MEASUREMENTS(0x60), size (0x79): 
0000: 13 60 00 00 01 47 00 00 02 01 43 00 01 40 00 9e ff d8 a6 68 f7 6d 3f ce 35 45 1a 13 6f 8e f6 71 
0020: 02 60 e9 ca 28 be ef 89 7f 55 9f cd ba 48 a4 c0 66 56 0f b4 90 01 95 ca e4 d4 fa b1 f7 d1 12 43 
0040: 42 10 08 af 86 14 d9 2a 3f ca bb bf 75 24 8f 1c 41 e2 dd c9 bf 1d c3 2e 21 08 45 b1 3f b4 e5 eb 
0060: 66 33 1c ce d8 69 7b dc bd be ec ce 4e b1 f5 00 00 aa bb cc dd ee ff 00 02 
measurement_record_length - 0x000047
nonce (0x20) - 1c 41 e2 dd c9 bf 1d c3 2e 21 08 45 b1 3f b4 e5 eb 66 33 1c ce d8 69 7b dc bd be ec ce 4e b1 f5 
RequesterContext - aa bb cc dd ee ff 00 02 
index - 0x3
RequesterContext - aa bb cc dd ee ff 00 03 
libspdm_send_spdm_request[0] msg SPDM_GET_MEASUREMENTS(0xe0), size (0xc): 
0000: 13 e0 00 03 aa bb cc dd ee ff 00 03 
Platform port Transmit command: 00 00 00 01 
Platform port Transmit transport_type: 00 00 00 01 
Platform port Transmit size: 00 00 00 0d 
Platform port Transmit buffer:
    05 13 e0 00 03 aa bb cc dd ee ff 00 03 
Platform port Receive command: 00 00 00 01 
Platform port Receive transport_type: 00 00 00 01 
Platform port Receive size: 00 00 00 7a 
Platform port Receive buffer:
    05 13 60 00 00 01 47 00 00 03 01 43 00 02 40 00 ff de 42 48 3a 68 7d d4 7d 05 f9 56 a2 d6 20 07 b7 1a 29 88 08 4d a1 09 5e c2 e4 3b ca 15 66 80 ca e0 7d 0b 84 cb c7 fc 9b 1d 4e 80 cd 86 69 aa 95 6a ed 8b b1 7b 0a 20 a5 03 1c 28 8d fa 8b 9f 79 a3 64 aa 20 5f 47 6a a3 73 41 a8 c3 ee 2c 2e 89 43 0a db b0 26 10 4f c4 4a 2f 62 65 cf 2e 4a 00 00 aa bb cc dd ee ff 00 03 
libspdm_receive_spdm_response[0] msg SPDM_MEASUREMENTS(0x60), size (0x79): 
0000: 13 60 00 00 01 47 00 00 03 01 43 00 02 40 00 ff de 42 48 3a 68 7d d4 7d 05 f9 56 a2 d6 20 07 b7 
0020: 1a 29 88 08 4d a1 09 5e c2 e4 3b ca 15 66 80 ca e0 7d 0b 84 cb c7 fc 9b 1d 4e 80 cd 86 69 aa 95 
0040: 6a ed 8b b1 7b 0a 20 a5 03 1c 28 8d fa 8b 9f 79 a3 64 aa 20 5f 47 6a a3 73 41 a8 c3 ee 2c 2e 89 
0060: 43 0a db b0 26 10 4f c4 4a 2f 62 65 cf 2e 4a 00 00 aa bb cc dd ee ff 00 03 
measurement_record_length - 0x000047
nonce (0x20) - 79 a3 64 aa 20 5f 47 6a a3 73 41 a8 c3 ee 2c 2e 89 43 0a db b0 26 10 4f c4 4a 2f 62 65 cf 2e 4a 
RequesterContext - aa bb cc dd ee ff 00 03 
index - 0x4
RequesterContext - aa bb cc dd ee ff 00 04 
libspdm_send_spdm_request[0] msg SPDM_GET_MEASUREMENTS(0xe0), size (0xc): 
0000: 13 e0 00 04 aa bb cc dd ee ff 00 04 
Platform port Transmit command: 00 00 00 01 
Platform port Transmit transport_type: 00 00 00 01 
Platform port Transmit size: 00 00 00 0d 
Platform port Transmit buffer:
    05 13 e0 00 04 aa bb cc dd ee ff 00 04 
Platform port Receive command: 00 00 00 01 
Platform port Receive transport_type: 00 00 00 01 
Platform port Receive size: 00 00 00 7a 
Platform port Receive buffer:
    05 13 60 00 00 01 47 00 00 04 01 43 00 03 40 00 3a 0b d5 b0 84 36 b1 d3 86 12 20 90 cf a0 44 6c f2 57 1b 74 f2 a1 5f 44 df 73 56 95 da b8 4b bb 1b eb b3 ae f3 9a f6 a0 f9 72 79 b5 fb 04 d5 13 a5 2d d1 65 47 fe 88 d0 45 58 15 52 0c 86 1e d4 c3 d5 50 c4 49 91 13 7c 01 2d ab e7 f5 1b 03 3a 16 a9 be ec 36 48 0c 4a f2 db 04 42 f3 90 4c 20 00 00 aa bb cc dd ee ff 00 04 
libspdm_receive_spdm_response[0] msg SPDM_MEASUREMENTS(0x60), size (0x79): 
0000: 13 60 00 00 01 47 00 00 04 01 43 00 03 40 00 3a 0b d5 b0 84 36 b1 d3 86 12 20 90 cf a0 44 6c f2 
0020: 57 1b 74 f2 a1 5f 44 df 73 56 95 da b8 4b bb 1b eb b3 ae f3 9a f6 a0 f9 72 79 b5 fb 04 d5 13 a5 
0040: 2d d1 65 47 fe 88 d0 45 58 15 52 0c 86 1e d4 c3 d5 50 c4 49 91 13 7c 01 2d ab e7 f5 1b 03 3a 16 
0060: a9 be ec 36 48 0c 4a f2 db 04 42 f3 90 4c 20 00 00 aa bb cc dd ee ff 00 04 
measurement_record_length - 0x000047
nonce (0x20) - c3 d5 50 c4 49 91 13 7c 01 2d ab e7 f5 1b 03 3a 16 a9 be ec 36 48 0c 4a f2 db 04 42 f3 90 4c 20 
RequesterContext - aa bb cc dd ee ff 00 04 
index - 0x5
RequesterContext - aa bb cc dd ee ff 00 05 
libspdm_send_spdm_request[0] msg SPDM_GET_MEASUREMENTS(0xe0), size (0xc): 
0000: 13 e0 00 05 aa bb cc dd ee ff 00 05 
Platform port Transmit command: 00 00 00 01 
Platform port Transmit transport_type: 00 00 00 01 
Platform port Transmit size: 00 00 00 0d 
Platform port Transmit buffer:
    05 13 e0 00 05 aa bb cc dd ee ff 00 05 
Platform port Receive command: 00 00 00 01 
Platform port Receive transport_type: 00 00 00 01 
Platform port Receive size: 00 00 00 05 
Platform port Receive buffer:
    05 13 7f 01 00 
libspdm_receive_spdm_response[0] msg SPDM_ERROR(0x7f), size (0x4): 
0000: 13 7f 01 00 
index - 0x6
RequesterContext - aa bb cc dd ee ff 00 06 
libspdm_send_spdm_request[0] msg SPDM_GET_MEASUREMENTS(0xe0), size (0xc): 
0000: 13 e0 00 06 aa bb cc dd ee ff 00 06 
Platform port Transmit command: 00 00 00 01 
Platform port Transmit transport_type: 00 00 00 01 
Platform port Transmit size: 00 00 00 0d 
Platform port Transmit buffer:
    05 13 e0 00 06 aa bb cc dd ee ff 00 06 
Platform port Receive command: 00 00 00 01 
Platform port Receive transport_type: 00 00 00 01 
Platform port Receive size: 00 00 00 05 
Platform port Receive buffer:
    05 13 7f 01 00 
libspdm_receive_spdm_response[0] msg SPDM_ERROR(0x7f), size (0x4): 
0000: 13 7f 01 00 
index - 0x7
RequesterContext - aa bb cc dd ee ff 00 07 
libspdm_send_spdm_request[0] msg SPDM_GET_MEASUREMENTS(0xe0), size (0xc): 
0000: 13 e0 00 07 aa bb cc dd ee ff 00 07 
Platform port Transmit command: 00 00 00 01 
Platform port Transmit transport_type: 00 00 00 01 
Platform port Transmit size: 00 00 00 0d 
Platform port Transmit buffer:
    05 13 e0 00 07 aa bb cc dd ee ff 00 07 
Platform port Receive command: 00 00 00 01 
Platform port Receive transport_type: 00 00 00 01 
Platform port Receive size: 00 00 00 05 
Platform port Receive buffer:
    05 13 7f 01 00 
libspdm_receive_spdm_response[0] msg SPDM_ERROR(0x7f), size (0x4): 
0000: 13 7f 01 00 
index - 0x8
RequesterContext - aa bb cc dd ee ff 00 08 
libspdm_send_spdm_request[0] msg SPDM_GET_MEASUREMENTS(0xe0), size (0xc): 
0000: 13 e0 00 08 aa bb cc dd ee ff 00 08 
Platform port Transmit command: 00 00 00 01 
Platform port Transmit transport_type: 00 00 00 01 
Platform port Transmit size: 00 00 00 0d 
Platform port Transmit buffer:
    05 13 e0 00 08 aa bb cc dd ee ff 00 08 
Platform port Receive command: 00 00 00 01 
Platform port Receive transport_type: 00 00 00 01 
Platform port Receive size: 00 00 00 05 
Platform port Receive buffer:
    05 13 7f 01 00 
libspdm_receive_spdm_response[0] msg SPDM_ERROR(0x7f), size (0x4): 
0000: 13 7f 01 00 
index - 0x9
RequesterContext - aa bb cc dd ee ff 00 09 
libspdm_send_spdm_request[0] msg SPDM_GET_MEASUREMENTS(0xe0), size (0xc): 
0000: 13 e0 00 09 aa bb cc dd ee ff 00 09 
Platform port Transmit command: 00 00 00 01 
Platform port Transmit transport_type: 00 00 00 01 
Platform port Transmit size: 00 00 00 0d 
Platform port Transmit buffer:
    05 13 e0 00 09 aa bb cc dd ee ff 00 09 
Platform port Receive command: 00 00 00 01 
Platform port Receive transport_type: 00 00 00 01 
Platform port Receive size: 00 00 00 05 
Platform port Receive buffer:
    05 13 7f 01 00 
libspdm_receive_spdm_response[0] msg SPDM_ERROR(0x7f), size (0x4): 
0000: 13 7f 01 00 
index - 0xa
RequesterContext - aa bb cc dd ee ff 00 0a 
libspdm_send_spdm_request[0] msg SPDM_GET_MEASUREMENTS(0xe0), size (0xc): 
0000: 13 e0 00 0a aa bb cc dd ee ff 00 0a 
Platform port Transmit command: 00 00 00 01 
Platform port Transmit transport_type: 00 00 00 01 
Platform port Transmit size: 00 00 00 0d 
Platform port Transmit buffer:
    05 13 e0 00 0a aa bb cc dd ee ff 00 0a 
Platform port Receive command: 00 00 00 01 
Platform port Receive transport_type: 00 00 00 01 
Platform port Receive size: 00 00 00 05 
Platform port Receive buffer:
    05 13 7f 01 00 
libspdm_receive_spdm_response[0] msg SPDM_ERROR(0x7f), size (0x4): 
0000: 13 7f 01 00 
index - 0xb
RequesterContext - aa bb cc dd ee ff 00 0b 
libspdm_send_spdm_request[0] msg SPDM_GET_MEASUREMENTS(0xe0), size (0xc): 
0000: 13 e0 00 0b aa bb cc dd ee ff 00 0b 
Platform port Transmit command: 00 00 00 01 
Platform port Transmit transport_type: 00 00 00 01 
Platform port Transmit size: 00 00 00 0d 
Platform port Transmit buffer:
    05 13 e0 00 0b aa bb cc dd ee ff 00 0b 
Platform port Receive command: 00 00 00 01 
Platform port Receive transport_type: 00 00 00 01 
Platform port Receive size: 00 00 00 05 
Platform port Receive buffer:
    05 13 7f 01 00 
libspdm_receive_spdm_response[0] msg SPDM_ERROR(0x7f), size (0x4): 
0000: 13 7f 01 00 
index - 0xc
RequesterContext - aa bb cc dd ee ff 00 0c 
libspdm_send_spdm_request[0] msg SPDM_GET_MEASUREMENTS(0xe0), size (0xc): 
0000: 13 e0 00 0c aa bb cc dd ee ff 00 0c 
Platform port Transmit command: 00 00 00 01 
Platform port Transmit transport_type: 00 00 00 01 
Platform port Transmit size: 00 00 00 0d 
Platform port Transmit buffer:
    05 13 e0 00 0c aa bb cc dd ee ff 00 0c 
Platform port Receive command: 00 00 00 01 
Platform port Receive transport_type: 00 00 00 01 
Platform port Receive size: 00 00 00 05 
Platform port Receive buffer:
    05 13 7f 01 00 
libspdm_receive_spdm_response[0] msg SPDM_ERROR(0x7f), size (0x4): 
0000: 13 7f 01 00 
index - 0xd
RequesterContext - aa bb cc dd ee ff 00 0d 
libspdm_send_spdm_request[0] msg SPDM_GET_MEASUREMENTS(0xe0), size (0xc): 
0000: 13 e0 00 0d aa bb cc dd ee ff 00 0d 
Platform port Transmit command: 00 00 00 01 
Platform port Transmit transport_type: 00 00 00 01 
Platform port Transmit size: 00 00 00 0d 
Platform port Transmit buffer:
    05 13 e0 00 0d aa bb cc dd ee ff 00 0d 
Platform port Receive command: 00 00 00 01 
Platform port Receive transport_type: 00 00 00 01 
Platform port Receive size: 00 00 00 05 
Platform port Receive buffer:
    05 13 7f 01 00 
libspdm_receive_spdm_response[0] msg SPDM_ERROR(0x7f), size (0x4): 
0000: 13 7f 01 00 
index - 0xe
RequesterContext - aa bb cc dd ee ff 00 0e 
libspdm_send_spdm_request[0] msg SPDM_GET_MEASUREMENTS(0xe0), size (0xc): 
0000: 13 e0 00 0e aa bb cc dd ee ff 00 0e 
Platform port Transmit command: 00 00 00 01 
Platform port Transmit transport_type: 00 00 00 01 
Platform port Transmit size: 00 00 00 0d 
Platform port Transmit buffer:
    05 13 e0 00 0e aa bb cc dd ee ff 00 0e 
Platform port Receive command: 00 00 00 01 
Platform port Receive transport_type: 00 00 00 01 
Platform port Receive size: 00 00 00 05 
Platform port Receive buffer:
    05 13 7f 01 00 
libspdm_receive_spdm_response[0] msg SPDM_ERROR(0x7f), size (0x4): 
0000: 13 7f 01 00 
index - 0xf
RequesterContext - aa bb cc dd ee ff 00 0f 
libspdm_send_spdm_request[0] msg SPDM_GET_MEASUREMENTS(0xe0), size (0xc): 
0000: 13 e0 00 0f aa bb cc dd ee ff 00 0f 
Platform port Transmit command: 00 00 00 01 
Platform port Transmit transport_type: 00 00 00 01 
Platform port Transmit size: 00 00 00 0d 
Platform port Transmit buffer:
    05 13 e0 00 0f aa bb cc dd ee ff 00 0f 
Platform port Receive command: 00 00 00 01 
Platform port Receive transport_type: 00 00 00 01 
Platform port Receive size: 00 00 00 05 
Platform port Receive buffer:
    05 13 7f 01 00 
libspdm_receive_spdm_response[0] msg SPDM_ERROR(0x7f), size (0x4): 
0000: 13 7f 01 00 
index - 0x10
RequesterContext - aa bb cc dd ee ff 00 10 
libspdm_send_spdm_request[0] msg SPDM_GET_MEASUREMENTS(0xe0), size (0xc): 
0000: 13 e0 00 10 aa bb cc dd ee ff 00 10 
Platform port Transmit command: 00 00 00 01 
Platform port Transmit transport_type: 00 00 00 01 
Platform port Transmit size: 00 00 00 0d 
Platform port Transmit buffer:
    05 13 e0 00 10 aa bb cc dd ee ff 00 10 
Platform port Receive command: 00 00 00 01 
Platform port Receive transport_type: 00 00 00 01 
Platform port Receive size: 00 00 00 42 
Platform port Receive buffer:
    05 13 60 00 00 01 0f 00 00 10 01 0b 00 87 08 00 07 00 00 00 00 00 00 00 75 0a df 5d 69 8f 8a b0 69 22 db ab d0 77 44 91 2a 30 e1 d8 1f e5 99 64 77 45 f8 34 3d 20 4e aa 00 00 aa bb cc dd ee ff 00 10 
libspdm_receive_spdm_response[0] msg SPDM_MEASUREMENTS(0x60), size (0x41): 
0000: 13 60 00 00 01 0f 00 00 10 01 0b 00 87 08 00 07 00 00 00 00 00 00 00 75 0a df 5d 69 8f 8a b0 69 
0020: 22 db ab d0 77 44 91 2a 30 e1 d8 1f e5 99 64 77 45 f8 34 3d 20 4e aa 00 00 aa bb cc dd ee ff 00 
0040: 10 
measurement_record_length - 0x00000f
nonce (0x20) - 75 0a df 5d 69 8f 8a b0 69 22 db ab d0 77 44 91 2a 30 e1 d8 1f e5 99 64 77 45 f8 34 3d 20 4e aa 
RequesterContext - aa bb cc dd ee ff 00 10 
index - 0x11
RequesterContext - aa bb cc dd ee ff 00 11 
libspdm_send_spdm_request[0] msg SPDM_GET_MEASUREMENTS(0xe0), size (0xc): 
0000: 13 e0 00 11 aa bb cc dd ee ff 00 11 
Platform port Transmit command: 00 00 00 01 
Platform port Transmit transport_type: 00 00 00 01 
Platform port Transmit size: 00 00 00 0d 
Platform port Transmit buffer:
    05 13 e0 00 11 aa bb cc dd ee ff 00 11 
Platform port Receive command: 00 00 00 01 
Platform port Receive transport_type: 00 00 00 01 
Platform port Receive size: 00 00 00 7a 
Platform port Receive buffer:
    05 13 60 00 00 01 47 00 00 11 01 43 00 08 40 00 c4 f9 62 5b 48 d4 e0 e1 92 c4 63 a2 d0 0b 43 30 5d 7d 58 8d 7d 9c 84 6c 1d 3f 9e d1 19 88 83 72 9a 55 b9 17 8a 4f 71 01 df a1 c8 32 34 39 1b 2e e9 80 27 e8 a4 35 d0 28 3e 29 78 4e cd a6 40 6e 8b 1d be 26 60 7d 6e 71 7a a8 74 4a 78 19 d9 4a f9 0f 92 14 77 95 51 83 f8 da ac bf 41 d4 fa dc 00 00 aa bb cc dd ee ff 00 11 
libspdm_receive_spdm_response[0] msg SPDM_MEASUREMENTS(0x60), size (0x79): 
0000: 13 60 00 00 01 47 00 00 11 01 43 00 08 40 00 c4 f9 62 5b 48 d4 e0 e1 92 c4 63 a2 d0 0b 43 30 5d 
0020: 7d 58 8d 7d 9c 84 6c 1d 3f 9e d1 19 88 83 72 9a 55 b9 17 8a 4f 71 01 df a1 c8 32 34 39 1b 2e e9 
0040: 80 27 e8 a4 35 d0 28 3e 29 78 4e cd a6 40 6e 8b 1d be 26 60 7d 6e 71 7a a8 74 4a 78 19 d9 4a f9 
0060: 0f 92 14 77 95 51 83 f8 da ac bf 41 d4 fa dc 00 00 aa bb cc dd ee ff 00 11 
measurement_record_length - 0x000047
nonce (0x20) - 8b 1d be 26 60 7d 6e 71 7a a8 74 4a 78 19 d9 4a f9 0f 92 14 77 95 51 83 f8 da ac bf 41 d4 fa dc 
RequesterContext - aa bb cc dd ee ff 00 11 
index - 0x12
RequesterContext - aa bb cc dd ee ff 00 12 
libspdm_send_spdm_request[0] msg SPDM_GET_MEASUREMENTS(0xe0), size (0xc): 
0000: 13 e0 00 12 aa bb cc dd ee ff 00 12 
Platform port Transmit command: 00 00 00 01 
Platform port Transmit transport_type: 00 00 00 01 
Platform port Transmit size: 00 00 00 0d 
Platform port Transmit buffer:
    05 13 e0 00 12 aa bb cc dd ee ff 00 12 
Platform port Receive command: 00 00 00 01 
Platform port Receive transport_type: 00 00 00 01 
Platform port Receive size: 00 00 00 05 
Platform port Receive buffer:
    05 13 7f 01 00 
libspdm_receive_spdm_response[0] msg SPDM_ERROR(0x7f), size (0x4): 
0000: 13 7f 01 00 
index - 0x13
RequesterContext - aa bb cc dd ee ff 00 13 
libspdm_send_spdm_request[0] msg SPDM_GET_MEASUREMENTS(0xe0), size (0xc): 
0000: 13 e0 00 13 aa bb cc dd ee ff 00 13 
Platform port Transmit command: 00 00 00 01 
Platform port Transmit transport_type: 00 00 00 01 
Platform port Transmit size: 00 00 00 0d 
Platform port Transmit buffer:
    05 13 e0 00 13 aa bb cc dd ee ff 00 13 
Platform port Receive command: 00 00 00 01 
Platform port Receive transport_type: 00 00 00 01 
Platform port Receive size: 00 00 00 05 
Platform port Receive buffer:
    05 13 7f 01 00 
libspdm_receive_spdm_response[0] msg SPDM_ERROR(0x7f), size (0x4): 
0000: 13 7f 01 00 
index - 0x14
RequesterContext - aa bb cc dd ee ff 00 14 
libspdm_send_spdm_request[0] msg SPDM_GET_MEASUREMENTS(0xe0), size (0xc): 
0000: 13 e0 00 14 aa bb cc dd ee ff 00 14 
Platform port Transmit command: 00 00 00 01 
Platform port Transmit transport_type: 00 00 00 01 
Platform port Transmit size: 00 00 00 0d 
Platform port Transmit buffer:
    05 13 e0 00 14 aa bb cc dd ee ff 00 14 
Platform port Receive command: 00 00 00 01 
Platform port Receive transport_type: 00 00 00 01 
Platform port Receive size: 00 00 00 05 
Platform port Receive buffer:
    05 13 7f 01 00 
libspdm_receive_spdm_response[0] msg SPDM_ERROR(0x7f), size (0x4): 
0000: 13 7f 01 00 
index - 0x15
RequesterContext - aa bb cc dd ee ff 00 15 
libspdm_send_spdm_request[0] msg SPDM_GET_MEASUREMENTS(0xe0), size (0xc): 
0000: 13 e0 00 15 aa bb cc dd ee ff 00 15 
Platform port Transmit command: 00 00 00 01 
Platform port Transmit transport_type: 00 00 00 01 
Platform port Transmit size: 00 00 00 0d 
Platform port Transmit buffer:
    05 13 e0 00 15 aa bb cc dd ee ff 00 15 
Platform port Receive command: 00 00 00 01 
Platform port Receive transport_type: 00 00 00 01 
Platform port Receive size: 00 00 00 05 
Platform port Receive buffer:
    05 13 7f 01 00 
libspdm_receive_spdm_response[0] msg SPDM_ERROR(0x7f), size (0x4): 
0000: 13 7f 01 00 
index - 0x16
RequesterContext - aa bb cc dd ee ff 00 16 
libspdm_send_spdm_request[0] msg SPDM_GET_MEASUREMENTS(0xe0), size (0xc): 
0000: 13 e0 00 16 aa bb cc dd ee ff 00 16 
Platform port Transmit command: 00 00 00 01 
Platform port Transmit transport_type: 00 00 00 01 
Platform port Transmit size: 00 00 00 0d 
Platform port Transmit buffer:
    05 13 e0 00 16 aa bb cc dd ee ff 00 16 
Platform port Receive command: 00 00 00 01 
Platform port Receive transport_type: 00 00 00 01 
Platform port Receive size: 00 00 00 05 
Platform port Receive buffer:
    05 13 7f 01 00 
libspdm_receive_spdm_response[0] msg SPDM_ERROR(0x7f), size (0x4): 
0000: 13 7f 01 00 
index - 0x17
RequesterContext - aa bb cc dd ee ff 00 17 
libspdm_send_spdm_request[0] msg SPDM_GET_MEASUREMENTS(0xe0), size (0xc): 
0000: 13 e0 00 17 aa bb cc dd ee ff 00 17 
Platform port Transmit command: 00 00 00 01 
Platform port Transmit transport_type: 00 00 00 01 
Platform port Transmit size: 00 00 00 0d 
Platform port Transmit buffer:
    05 13 e0 00 17 aa bb cc dd ee ff 00 17 
Platform port Receive command: 00 00 00 01 
Platform port Receive transport_type: 00 00 00 01 
Platform port Receive size: 00 00 00 05 
Platform port Receive buffer:
    05 13 7f 01 00 
libspdm_receive_spdm_response[0] msg SPDM_ERROR(0x7f), size (0x4): 
0000: 13 7f 01 00 
index - 0x18
RequesterContext - aa bb cc dd ee ff 00 18 
libspdm_send_spdm_request[0] msg SPDM_GET_MEASUREMENTS(0xe0), size (0xc): 
0000: 13 e0 00 18 aa bb cc dd ee ff 00 18 
Platform port Transmit command: 00 00 00 01 
Platform port Transmit transport_type: 00 00 00 01 
Platform port Transmit size: 00 00 00 0d 
Platform port Transmit buffer:
    05 13 e0 00 18 aa bb cc dd ee ff 00 18 
Platform port Receive command: 00 00 00 01 
Platform port Receive transport_type: 00 00 00 01 
Platform port Receive size: 00 00 00 05 
Platform port Receive buffer:
    05 13 7f 01 00 
libspdm_receive_spdm_response[0] msg SPDM_ERROR(0x7f), size (0x4): 
0000: 13 7f 01 00 
index - 0x19
RequesterContext - aa bb cc dd ee ff 00 19 
libspdm_send_spdm_request[0] msg SPDM_GET_MEASUREMENTS(0xe0), size (0xc): 
0000: 13 e0 00 19 aa bb cc dd ee ff 00 19 
Platform port Transmit command: 00 00 00 01 
Platform port Transmit transport_type: 00 00 00 01 
Platform port Transmit size: 00 00 00 0d 
Platform port Transmit buffer:
    05 13 e0 00 19 aa bb cc dd ee ff 00 19 
Platform port Receive command: 00 00 00 01 
Platform port Receive transport_type: 00 00 00 01 
Platform port Receive size: 00 00 00 05 
Platform port Receive buffer:
    05 13 7f 01 00 
libspdm_receive_spdm_response[0] msg SPDM_ERROR(0x7f), size (0x4): 
0000: 13 7f 01 00 
index - 0x1a
RequesterContext - aa bb cc dd ee ff 00 1a 
libspdm_send_spdm_request[0] msg SPDM_GET_MEASUREMENTS(0xe0), size (0xc): 
0000: 13 e0 00 1a aa bb cc dd ee ff 00 1a 
Platform port Transmit command: 00 00 00 01 
Platform port Transmit transport_type: 00 00 00 01 
Platform port Transmit size: 00 00 00 0d 
Platform port Transmit buffer:
    05 13 e0 00 1a aa bb cc dd ee ff 00 1a 
Platform port Receive command: 00 00 00 01 
Platform port Receive transport_type: 00 00 00 01 
Platform port Receive size: 00 00 00 05 
Platform port Receive buffer:
    05 13 7f 01 00 
libspdm_receive_spdm_response[0] msg SPDM_ERROR(0x7f), size (0x4): 
0000: 13 7f 01 00 
index - 0x1b
RequesterContext - aa bb cc dd ee ff 00 1b 
libspdm_send_spdm_request[0] msg SPDM_GET_MEASUREMENTS(0xe0), size (0xc): 
0000: 13 e0 00 1b aa bb cc dd ee ff 00 1b 
Platform port Transmit command: 00 00 00 01 
Platform port Transmit transport_type: 00 00 00 01 
Platform port Transmit size: 00 00 00 0d 
Platform port Transmit buffer:
    05 13 e0 00 1b aa bb cc dd ee ff 00 1b 
Platform port Receive command: 00 00 00 01 
Platform port Receive transport_type: 00 00 00 01 
Platform port Receive size: 00 00 00 05 
Platform port Receive buffer:
    05 13 7f 01 00 
libspdm_receive_spdm_response[0] msg SPDM_ERROR(0x7f), size (0x4): 
0000: 13 7f 01 00 
index - 0x1c
RequesterContext - aa bb cc dd ee ff 00 1c 
libspdm_send_spdm_request[0] msg SPDM_GET_MEASUREMENTS(0xe0), size (0xc): 
0000: 13 e0 00 1c aa bb cc dd ee ff 00 1c 
Platform port Transmit command: 00 00 00 01 
Platform port Transmit transport_type: 00 00 00 01 
Platform port Transmit size: 00 00 00 0d 
Platform port Transmit buffer:
    05 13 e0 00 1c aa bb cc dd ee ff 00 1c 
Platform port Receive command: 00 00 00 01 
Platform port Receive transport_type: 00 00 00 01 
Platform port Receive size: 00 00 00 05 
Platform port Receive buffer:
    05 13 7f 01 00 
libspdm_receive_spdm_response[0] msg SPDM_ERROR(0x7f), size (0x4): 
0000: 13 7f 01 00 
index - 0x1d
RequesterContext - aa bb cc dd ee ff 00 1d 
libspdm_send_spdm_request[0] msg SPDM_GET_MEASUREMENTS(0xe0), size (0xc): 
0000: 13 e0 00 1d aa bb cc dd ee ff 00 1d 
Platform port Transmit command: 00 00 00 01 
Platform port Transmit transport_type: 00 00 00 01 
Platform port Transmit size: 00 00 00 0d 
Platform port Transmit buffer:
    05 13 e0 00 1d aa bb cc dd ee ff 00 1d 
Platform port Receive command: 00 00 00 01 
Platform port Receive transport_type: 00 00 00 01 
Platform port Receive size: 00 00 00 05 
Platform port Receive buffer:
    05 13 7f 01 00 
libspdm_receive_spdm_response[0] msg SPDM_ERROR(0x7f), size (0x4): 
0000: 13 7f 01 00 
index - 0x1e
RequesterContext - aa bb cc dd ee ff 00 1e 
libspdm_send_spdm_request[0] msg SPDM_GET_MEASUREMENTS(0xe0), size (0xc): 
0000: 13 e0 00 1e aa bb cc dd ee ff 00 1e 
Platform port Transmit command: 00 00 00 01 
Platform port Transmit transport_type: 00 00 00 01 
Platform port Transmit size: 00 00 00 0d 
Platform port Transmit buffer:
    05 13 e0 00 1e aa bb cc dd ee ff 00 1e 
Platform port Receive command: 00 00 00 01 
Platform port Receive transport_type: 00 00 00 01 
Platform port Receive size: 00 00 00 05 
Platform port Receive buffer:
    05 13 7f 01 00 
libspdm_receive_spdm_response[0] msg SPDM_ERROR(0x7f), size (0x4): 
0000: 13 7f 01 00 
index - 0x1f
RequesterContext - aa bb cc dd ee ff 00 1f 
libspdm_send_spdm_request[0] msg SPDM_GET_MEASUREMENTS(0xe0), size (0xc): 
0000: 13 e0 00 1f aa bb cc dd ee ff 00 1f 
Platform port Transmit command: 00 00 00 01 
Platform port Transmit transport_type: 00 00 00 01 
Platform port Transmit size: 00 00 00 0d 
Platform port Transmit buffer:
    05 13 e0 00 1f aa bb cc dd ee ff 00 1f 
Platform port Receive command: 00 00 00 01 
Platform port Receive transport_type: 00 00 00 01 
Platform port Receive size: 00 00 00 05 
Platform port Receive buffer:
    05 13 7f 01 00 
libspdm_receive_spdm_response[0] msg SPDM_ERROR(0x7f), size (0x4): 
0000: 13 7f 01 00 
index - 0x20
RequesterContext - aa bb cc dd ee ff 00 20 
libspdm_send_spdm_request[0] msg SPDM_GET_MEASUREMENTS(0xe0), size (0xc): 
0000: 13 e0 00 20 aa bb cc dd ee ff 00 20 
Platform port Transmit command: 00 00 00 01 
Platform port Transmit transport_type: 00 00 00 01 
Platform port Transmit size: 00 00 00 0d 
Platform port Transmit buffer:
    05 13 e0 00 20 aa bb cc dd ee ff 00 20 
Platform port Receive command: 00 00 00 01 
Platform port Receive transport_type: 00 00 00 01 
Platform port Receive size: 00 00 00 05 
Platform port Receive buffer:
    05 13 7f 01 00 
libspdm_receive_spdm_response[0] msg SPDM_ERROR(0x7f), size (0x4): 
0000: 13 7f 01 00 
index - 0x21
RequesterContext - aa bb cc dd ee ff 00 21 
libspdm_send_spdm_request[0] msg SPDM_GET_MEASUREMENTS(0xe0), size (0xc): 
0000: 13 e0 00 21 aa bb cc dd ee ff 00 21 
Platform port Transmit command: 00 00 00 01 
Platform port Transmit transport_type: 00 00 00 01 
Platform port Transmit size: 00 00 00 0d 
Platform port Transmit buffer:
    05 13 e0 00 21 aa bb cc dd ee ff 00 21 
Platform port Receive command: 00 00 00 01 
Platform port Receive transport_type: 00 00 00 01 
Platform port Receive size: 00 00 00 05 
Platform port Receive buffer:
    05 13 7f 01 00 
libspdm_receive_spdm_response[0] msg SPDM_ERROR(0x7f), size (0x4): 
0000: 13 7f 01 00 
index - 0x22
RequesterContext - aa bb cc dd ee ff 00 22 
libspdm_send_spdm_request[0] msg SPDM_GET_MEASUREMENTS(0xe0), size (0xc): 
0000: 13 e0 00 22 aa bb cc dd ee ff 00 22 
Platform port Transmit command: 00 00 00 01 
Platform port Transmit transport_type: 00 00 00 01 
Platform port Transmit size: 00 00 00 0d 
Platform port Transmit buffer:
    05 13 e0 00 22 aa bb cc dd ee ff 00 22 
Platform port Receive command: 00 00 00 01 
Platform port Receive transport_type: 00 00 00 01 
Platform port Receive size: 00 00 00 05 
Platform port Receive buffer:
    05 13 7f 01 00 
libspdm_receive_spdm_response[0] msg SPDM_ERROR(0x7f), size (0x4): 
0000: 13 7f 01 00 
index - 0x23
RequesterContext - aa bb cc dd ee ff 00 23 
libspdm_send_spdm_request[0] msg SPDM_GET_MEASUREMENTS(0xe0), size (0xc): 
0000: 13 e0 00 23 aa bb cc dd ee ff 00 23 
Platform port Transmit command: 00 00 00 01 
Platform port Transmit transport_type: 00 00 00 01 
Platform port Transmit size: 00 00 00 0d 
Platform port Transmit buffer:
    05 13 e0 00 23 aa bb cc dd ee ff 00 23 
Platform port Receive command: 00 00 00 01 
Platform port Receive transport_type: 00 00 00 01 
Platform port Receive size: 00 00 00 05 
Platform port Receive buffer:
    05 13 7f 01 00 
libspdm_receive_spdm_response[0] msg SPDM_ERROR(0x7f), size (0x4): 
0000: 13 7f 01 00 
index - 0x24
RequesterContext - aa bb cc dd ee ff 00 24 
libspdm_send_spdm_request[0] msg SPDM_GET_MEASUREMENTS(0xe0), size (0xc): 
0000: 13 e0 00 24 aa bb cc dd ee ff 00 24 
Platform port Transmit command: 00 00 00 01 
Platform port Transmit transport_type: 00 00 00 01 
Platform port Transmit size: 00 00 00 0d 
Platform port Transmit buffer:
    05 13 e0 00 24 aa bb cc dd ee ff 00 24 
Platform port Receive command: 00 00 00 01 
Platform port Receive transport_type: 00 00 00 01 
Platform port Receive size: 00 00 00 05 
Platform port Receive buffer:
    05 13 7f 01 00 
libspdm_receive_spdm_response[0] msg SPDM_ERROR(0x7f), size (0x4): 
0000: 13 7f 01 00 
index - 0x25
RequesterContext - aa bb cc dd ee ff 00 25 
libspdm_send_spdm_request[0] msg SPDM_GET_MEASUREMENTS(0xe0), size (0xc): 
0000: 13 e0 00 25 aa bb cc dd ee ff 00 25 
Platform port Transmit command: 00 00 00 01 
Platform port Transmit transport_type: 00 00 00 01 
Platform port Transmit size: 00 00 00 0d 
Platform port Transmit buffer:
    05 13 e0 00 25 aa bb cc dd ee ff 00 25 
Platform port Receive command: 00 00 00 01 
Platform port Receive transport_type: 00 00 00 01 
Platform port Receive size: 00 00 00 05 
Platform port Receive buffer:
    05 13 7f 01 00 
libspdm_receive_spdm_response[0] msg SPDM_ERROR(0x7f), size (0x4): 
0000: 13 7f 01 00 
index - 0x26
RequesterContext - aa bb cc dd ee ff 00 26 
libspdm_send_spdm_request[0] msg SPDM_GET_MEASUREMENTS(0xe0), size (0xc): 
0000: 13 e0 00 26 aa bb cc dd ee ff 00 26 
Platform port Transmit command: 00 00 00 01 
Platform port Transmit transport_type: 00 00 00 01 
Platform port Transmit size: 00 00 00 0d 
Platform port Transmit buffer:
    05 13 e0 00 26 aa bb cc dd ee ff 00 26 
Platform port Receive command: 00 00 00 01 
Platform port Receive transport_type: 00 00 00 01 
Platform port Receive size: 00 00 00 05 
Platform port Receive buffer:
    05 13 7f 01 00 
libspdm_receive_spdm_response[0] msg SPDM_ERROR(0x7f), size (0x4): 
0000: 13 7f 01 00 
index - 0x27
RequesterContext - aa bb cc dd ee ff 00 27 
libspdm_send_spdm_request[0] msg SPDM_GET_MEASUREMENTS(0xe0), size (0xc): 
0000: 13 e0 00 27 aa bb cc dd ee ff 00 27 
Platform port Transmit command: 00 00 00 01 
Platform port Transmit transport_type: 00 00 00 01 
Platform port Transmit size: 00 00 00 0d 
Platform port Transmit buffer:
    05 13 e0 00 27 aa bb cc dd ee ff 00 27 
Platform port Receive command: 00 00 00 01 
Platform port Receive transport_type: 00 00 00 01 
Platform port Receive size: 00 00 00 05 
Platform port Receive buffer:
    05 13 7f 01 00 
libspdm_receive_spdm_response[0] msg SPDM_ERROR(0x7f), size (0x4): 
0000: 13 7f 01 00 
index - 0x28
RequesterContext - aa bb cc dd ee ff 00 28 
libspdm_send_spdm_request[0] msg SPDM_GET_MEASUREMENTS(0xe0), size (0xc): 
0000: 13 e0 00 28 aa bb cc dd ee ff 00 28 
Platform port Transmit command: 00 00 00 01 
Platform port Transmit transport_type: 00 00 00 01 
Platform port Transmit size: 00 00 00 0d 
Platform port Transmit buffer:
    05 13 e0 00 28 aa bb cc dd ee ff 00 28 
Platform port Receive command: 00 00 00 01 
Platform port Receive transport_type: 00 00 00 01 
Platform port Receive size: 00 00 00 05 
Platform port Receive buffer:
    05 13 7f 01 00 
libspdm_receive_spdm_response[0] msg SPDM_ERROR(0x7f), size (0x4): 
0000: 13 7f 01 00 
index - 0x29
RequesterContext - aa bb cc dd ee ff 00 29 
libspdm_send_spdm_request[0] msg SPDM_GET_MEASUREMENTS(0xe0), size (0xc): 
0000: 13 e0 00 29 aa bb cc dd ee ff 00 29 
Platform port Transmit command: 00 00 00 01 
Platform port Transmit transport_type: 00 00 00 01 
Platform port Transmit size: 00 00 00 0d 
Platform port Transmit buffer:
    05 13 e0 00 29 aa bb cc dd ee ff 00 29 
Platform port Receive command: 00 00 00 01 
Platform port Receive transport_type: 00 00 00 01 
Platform port Receive size: 00 00 00 05 
Platform port Receive buffer:
    05 13 7f 01 00 
libspdm_receive_spdm_response[0] msg SPDM_ERROR(0x7f), size (0x4): 
0000: 13 7f 01 00 
index - 0x2a
RequesterContext - aa bb cc dd ee ff 00 2a 
libspdm_send_spdm_request[0] msg SPDM_GET_MEASUREMENTS(0xe0), size (0xc): 
0000: 13 e0 00 2a aa bb cc dd ee ff 00 2a 
Platform port Transmit command: 00 00 00 01 
Platform port Transmit transport_type: 00 00 00 01 
Platform port Transmit size: 00 00 00 0d 
Platform port Transmit buffer:
    05 13 e0 00 2a aa bb cc dd ee ff 00 2a 
Platform port Receive command: 00 00 00 01 
Platform port Receive transport_type: 00 00 00 01 
Platform port Receive size: 00 00 00 05 
Platform port Receive buffer:
    05 13 7f 01 00 
libspdm_receive_spdm_response[0] msg SPDM_ERROR(0x7f), size (0x4): 
0000: 13 7f 01 00 
index - 0x2b
RequesterContext - aa bb cc dd ee ff 00 2b 
libspdm_send_spdm_request[0] msg SPDM_GET_MEASUREMENTS(0xe0), size (0xc): 
0000: 13 e0 00 2b aa bb cc dd ee ff 00 2b 
Platform port Transmit command: 00 00 00 01 
Platform port Transmit transport_type: 00 00 00 01 
Platform port Transmit size: 00 00 00 0d 
Platform port Transmit buffer:
    05 13 e0 00 2b aa bb cc dd ee ff 00 2b 
Platform port Receive command: 00 00 00 01 
Platform port Receive transport_type: 00 00 00 01 
Platform port Receive size: 00 00 00 05 
Platform port Receive buffer:
    05 13 7f 01 00 
libspdm_receive_spdm_response[0] msg SPDM_ERROR(0x7f), size (0x4): 
0000: 13 7f 01 00 
index - 0x2c
RequesterContext - aa bb cc dd ee ff 00 2c 
libspdm_send_spdm_request[0] msg SPDM_GET_MEASUREMENTS(0xe0), size (0xc): 
0000: 13 e0 00 2c aa bb cc dd ee ff 00 2c 
Platform port Transmit command: 00 00 00 01 
Platform port Transmit transport_type: 00 00 00 01 
Platform port Transmit size: 00 00 00 0d 
Platform port Transmit buffer:
    05 13 e0 00 2c aa bb cc dd ee ff 00 2c 
Platform port Receive command: 00 00 00 01 
Platform port Receive transport_type: 00 00 00 01 
Platform port Receive size: 00 00 00 05 
Platform port Receive buffer:
    05 13 7f 01 00 
libspdm_receive_spdm_response[0] msg SPDM_ERROR(0x7f), size (0x4): 
0000: 13 7f 01 00 
index - 0x2d
RequesterContext - aa bb cc dd ee ff 00 2d 
libspdm_send_spdm_request[0] msg SPDM_GET_MEASUREMENTS(0xe0), size (0xc): 
0000: 13 e0 00 2d aa bb cc dd ee ff 00 2d 
Platform port Transmit command: 00 00 00 01 
Platform port Transmit transport_type: 00 00 00 01 
Platform port Transmit size: 00 00 00 0d 
Platform port Transmit buffer:
    05 13 e0 00 2d aa bb cc dd ee ff 00 2d 
Platform port Receive command: 00 00 00 01 
Platform port Receive transport_type: 00 00 00 01 
Platform port Receive size: 00 00 00 05 
Platform port Receive buffer:
    05 13 7f 01 00 
libspdm_receive_spdm_response[0] msg SPDM_ERROR(0x7f), size (0x4): 
0000: 13 7f 01 00 
index - 0x2e
RequesterContext - aa bb cc dd ee ff 00 2e 
libspdm_send_spdm_request[0] msg SPDM_GET_MEASUREMENTS(0xe0), size (0xc): 
0000: 13 e0 00 2e aa bb cc dd ee ff 00 2e 
Platform port Transmit command: 00 00 00 01 
Platform port Transmit transport_type: 00 00 00 01 
Platform port Transmit size: 00 00 00 0d 
Platform port Transmit buffer:
    05 13 e0 00 2e aa bb cc dd ee ff 00 2e 
Platform port Receive command: 00 00 00 01 
Platform port Receive transport_type: 00 00 00 01 
Platform port Receive size: 00 00 00 05 
Platform port Receive buffer:
    05 13 7f 01 00 
libspdm_receive_spdm_response[0] msg SPDM_ERROR(0x7f), size (0x4): 
0000: 13 7f 01 00 
index - 0x2f
RequesterContext - aa bb cc dd ee ff 00 2f 
libspdm_send_spdm_request[0] msg SPDM_GET_MEASUREMENTS(0xe0), size (0xc): 
0000: 13 e0 00 2f aa bb cc dd ee ff 00 2f 
Platform port Transmit command: 00 00 00 01 
Platform port Transmit transport_type: 00 00 00 01 
Platform port Transmit size: 00 00 00 0d 
Platform port Transmit buffer:
    05 13 e0 00 2f aa bb cc dd ee ff 00 2f 
Platform port Receive command: 00 00 00 01 
Platform port Receive transport_type: 00 00 00 01 
Platform port Receive size: 00 00 00 05 
Platform port Receive buffer:
    05 13 7f 01 00 
libspdm_receive_spdm_response[0] msg SPDM_ERROR(0x7f), size (0x4): 
0000: 13 7f 01 00 
index - 0x30
RequesterContext - aa bb cc dd ee ff 00 30 
libspdm_send_spdm_request[0] msg SPDM_GET_MEASUREMENTS(0xe0), size (0xc): 
0000: 13 e0 00 30 aa bb cc dd ee ff 00 30 
Platform port Transmit command: 00 00 00 01 
Platform port Transmit transport_type: 00 00 00 01 
Platform port Transmit size: 00 00 00 0d 
Platform port Transmit buffer:
    05 13 e0 00 30 aa bb cc dd ee ff 00 30 
Platform port Receive command: 00 00 00 01 
Platform port Receive transport_type: 00 00 00 01 
Platform port Receive size: 00 00 00 05 
Platform port Receive buffer:
    05 13 7f 01 00 
libspdm_receive_spdm_response[0] msg SPDM_ERROR(0x7f), size (0x4): 
0000: 13 7f 01 00 
index - 0x31
RequesterContext - aa bb cc dd ee ff 00 31 
libspdm_send_spdm_request[0] msg SPDM_GET_MEASUREMENTS(0xe0), size (0xc): 
0000: 13 e0 00 31 aa bb cc dd ee ff 00 31 
Platform port Transmit command: 00 00 00 01 
Platform port Transmit transport_type: 00 00 00 01 
Platform port Transmit size: 00 00 00 0d 
Platform port Transmit buffer:
    05 13 e0 00 31 aa bb cc dd ee ff 00 31 
Platform port Receive command: 00 00 00 01 
Platform port Receive transport_type: 00 00 00 01 
Platform port Receive size: 00 00 00 05 
Platform port Receive buffer:
    05 13 7f 01 00 
libspdm_receive_spdm_response[0] msg SPDM_ERROR(0x7f), size (0x4): 
0000: 13 7f 01 00 
index - 0x32
RequesterContext - aa bb cc dd ee ff 00 32 
libspdm_send_spdm_request[0] msg SPDM_GET_MEASUREMENTS(0xe0), size (0xc): 
0000: 13 e0 00 32 aa bb cc dd ee ff 00 32 
Platform port Transmit command: 00 00 00 01 
Platform port Transmit transport_type: 00 00 00 01 
Platform port Transmit size: 00 00 00 0d 
Platform port Transmit buffer:
    05 13 e0 00 32 aa bb cc dd ee ff 00 32 
Platform port Receive command: 00 00 00 01 
Platform port Receive transport_type: 00 00 00 01 
Platform port Receive size: 00 00 00 05 
Platform port Receive buffer:
    05 13 7f 01 00 
libspdm_receive_spdm_response[0] msg SPDM_ERROR(0x7f), size (0x4): 
0000: 13 7f 01 00 
index - 0x33
RequesterContext - aa bb cc dd ee ff 00 33 
libspdm_send_spdm_request[0] msg SPDM_GET_MEASUREMENTS(0xe0), size (0xc): 
0000: 13 e0 00 33 aa bb cc dd ee ff 00 33 
Platform port Transmit command: 00 00 00 01 
Platform port Transmit transport_type: 00 00 00 01 
Platform port Transmit size: 00 00 00 0d 
Platform port Transmit buffer:
    05 13 e0 00 33 aa bb cc dd ee ff 00 33 
Platform port Receive command: 00 00 00 01 
Platform port Receive transport_type: 00 00 00 01 
Platform port Receive size: 00 00 00 05 
Platform port Receive buffer:
    05 13 7f 01 00 
libspdm_receive_spdm_response[0] msg SPDM_ERROR(0x7f), size (0x4): 
0000: 13 7f 01 00 
index - 0x34
RequesterContext - aa bb cc dd ee ff 00 34 
libspdm_send_spdm_request[0] msg SPDM_GET_MEASUREMENTS(0xe0), size (0xc): 
0000: 13 e0 00 34 aa bb cc dd ee ff 00 34 
Platform port Transmit command: 00 00 00 01 
Platform port Transmit transport_type: 00 00 00 01 
Platform port Transmit size: 00 00 00 0d 
Platform port Transmit buffer:
    05 13 e0 00 34 aa bb cc dd ee ff 00 34 
Platform port Receive command: 00 00 00 01 
Platform port Receive transport_type: 00 00 00 01 
Platform port Receive size: 00 00 00 05 
Platform port Receive buffer:
    05 13 7f 01 00 
libspdm_receive_spdm_response[0] msg SPDM_ERROR(0x7f), size (0x4): 
0000: 13 7f 01 00 
index - 0x35
RequesterContext - aa bb cc dd ee ff 00 35 
libspdm_send_spdm_request[0] msg SPDM_GET_MEASUREMENTS(0xe0), size (0xc): 
0000: 13 e0 00 35 aa bb cc dd ee ff 00 35 
Platform port Transmit command: 00 00 00 01 
Platform port Transmit transport_type: 00 00 00 01 
Platform port Transmit size: 00 00 00 0d 
Platform port Transmit buffer:
    05 13 e0 00 35 aa bb cc dd ee ff 00 35 
Platform port Receive command: 00 00 00 01 
Platform port Receive transport_type: 00 00 00 01 
Platform port Receive size: 00 00 00 05 
Platform port Receive buffer:
    05 13 7f 01 00 
libspdm_receive_spdm_response[0] msg SPDM_ERROR(0x7f), size (0x4): 
0000: 13 7f 01 00 
index - 0x36
RequesterContext - aa bb cc dd ee ff 00 36 
libspdm_send_spdm_request[0] msg SPDM_GET_MEASUREMENTS(0xe0), size (0xc): 
0000: 13 e0 00 36 aa bb cc dd ee ff 00 36 
Platform port Transmit command: 00 00 00 01 
Platform port Transmit transport_type: 00 00 00 01 
Platform port Transmit size: 00 00 00 0d 
Platform port Transmit buffer:
    05 13 e0 00 36 aa bb cc dd ee ff 00 36 
Platform port Receive command: 00 00 00 01 
Platform port Receive transport_type: 00 00 00 01 
Platform port Receive size: 00 00 00 05 
Platform port Receive buffer:
    05 13 7f 01 00 
libspdm_receive_spdm_response[0] msg SPDM_ERROR(0x7f), size (0x4): 
0000: 13 7f 01 00 
index - 0x37
RequesterContext - aa bb cc dd ee ff 00 37 
libspdm_send_spdm_request[0] msg SPDM_GET_MEASUREMENTS(0xe0), size (0xc): 
0000: 13 e0 00 37 aa bb cc dd ee ff 00 37 
Platform port Transmit command: 00 00 00 01 
Platform port Transmit transport_type: 00 00 00 01 
Platform port Transmit size: 00 00 00 0d 
Platform port Transmit buffer:
    05 13 e0 00 37 aa bb cc dd ee ff 00 37 
Platform port Receive command: 00 00 00 01 
Platform port Receive transport_type: 00 00 00 01 
Platform port Receive size: 00 00 00 05 
Platform port Receive buffer:
    05 13 7f 01 00 
libspdm_receive_spdm_response[0] msg SPDM_ERROR(0x7f), size (0x4): 
0000: 13 7f 01 00 
index - 0x38
RequesterContext - aa bb cc dd ee ff 00 38 
libspdm_send_spdm_request[0] msg SPDM_GET_MEASUREMENTS(0xe0), size (0xc): 
0000: 13 e0 00 38 aa bb cc dd ee ff 00 38 
Platform port Transmit command: 00 00 00 01 
Platform port Transmit transport_type: 00 00 00 01 
Platform port Transmit size: 00 00 00 0d 
Platform port Transmit buffer:
    05 13 e0 00 38 aa bb cc dd ee ff 00 38 
Platform port Receive command: 00 00 00 01 
Platform port Receive transport_type: 00 00 00 01 
Platform port Receive size: 00 00 00 05 
Platform port Receive buffer:
    05 13 7f 01 00 
libspdm_receive_spdm_response[0] msg SPDM_ERROR(0x7f), size (0x4): 
0000: 13 7f 01 00 
index - 0x39
RequesterContext - aa bb cc dd ee ff 00 39 
libspdm_send_spdm_request[0] msg SPDM_GET_MEASUREMENTS(0xe0), size (0xc): 
0000: 13 e0 00 39 aa bb cc dd ee ff 00 39 
Platform port Transmit command: 00 00 00 01 
Platform port Transmit transport_type: 00 00 00 01 
Platform port Transmit size: 00 00 00 0d 
Platform port Transmit buffer:
    05 13 e0 00 39 aa bb cc dd ee ff 00 39 
Platform port Receive command: 00 00 00 01 
Platform port Receive transport_type: 00 00 00 01 
Platform port Receive size: 00 00 00 05 
Platform port Receive buffer:
    05 13 7f 01 00 
libspdm_receive_spdm_response[0] msg SPDM_ERROR(0x7f), size (0x4): 
0000: 13 7f 01 00 
index - 0x3a
RequesterContext - aa bb cc dd ee ff 00 3a 
libspdm_send_spdm_request[0] msg SPDM_GET_MEASUREMENTS(0xe0), size (0xc): 
0000: 13 e0 00 3a aa bb cc dd ee ff 00 3a 
Platform port Transmit command: 00 00 00 01 
Platform port Transmit transport_type: 00 00 00 01 
Platform port Transmit size: 00 00 00 0d 
Platform port Transmit buffer:
    05 13 e0 00 3a aa bb cc dd ee ff 00 3a 
Platform port Receive command: 00 00 00 01 
Platform port Receive transport_type: 00 00 00 01 
Platform port Receive size: 00 00 00 05 
Platform port Receive buffer:
    05 13 7f 01 00 
libspdm_receive_spdm_response[0] msg SPDM_ERROR(0x7f), size (0x4): 
0000: 13 7f 01 00 
index - 0x3b
RequesterContext - aa bb cc dd ee ff 00 3b 
libspdm_send_spdm_request[0] msg SPDM_GET_MEASUREMENTS(0xe0), size (0xc): 
0000: 13 e0 00 3b aa bb cc dd ee ff 00 3b 
Platform port Transmit command: 00 00 00 01 
Platform port Transmit transport_type: 00 00 00 01 
Platform port Transmit size: 00 00 00 0d 
Platform port Transmit buffer:
    05 13 e0 00 3b aa bb cc dd ee ff 00 3b 
Platform port Receive command: 00 00 00 01 
Platform port Receive transport_type: 00 00 00 01 
Platform port Receive size: 00 00 00 05 
Platform port Receive buffer:
    05 13 7f 01 00 
libspdm_receive_spdm_response[0] msg SPDM_ERROR(0x7f), size (0x4): 
0000: 13 7f 01 00 
index - 0x3c
RequesterContext - aa bb cc dd ee ff 00 3c 
libspdm_send_spdm_request[0] msg SPDM_GET_MEASUREMENTS(0xe0), size (0xc): 
0000: 13 e0 00 3c aa bb cc dd ee ff 00 3c 
Platform port Transmit command: 00 00 00 01 
Platform port Transmit transport_type: 00 00 00 01 
Platform port Transmit size: 00 00 00 0d 
Platform port Transmit buffer:
    05 13 e0 00 3c aa bb cc dd ee ff 00 3c 
Platform port Receive command: 00 00 00 01 
Platform port Receive transport_type: 00 00 00 01 
Platform port Receive size: 00 00 00 05 
Platform port Receive buffer:
    05 13 7f 01 00 
libspdm_receive_spdm_response[0] msg SPDM_ERROR(0x7f), size (0x4): 
0000: 13 7f 01 00 
index - 0x3d
RequesterContext - aa bb cc dd ee ff 00 3d 
libspdm_send_spdm_request[0] msg SPDM_GET_MEASUREMENTS(0xe0), size (0xc): 
0000: 13 e0 00 3d aa bb cc dd ee ff 00 3d 
Platform port Transmit command: 00 00 00 01 
Platform port Transmit transport_type: 00 00 00 01 
Platform port Transmit size: 00 00 00 0d 
Platform port Transmit buffer:
    05 13 e0 00 3d aa bb cc dd ee ff 00 3d 
Platform port Receive command: 00 00 00 01 
Platform port Receive transport_type: 00 00 00 01 
Platform port Receive size: 00 00 00 05 
Platform port Receive buffer:
    05 13 7f 01 00 
libspdm_receive_spdm_response[0] msg SPDM_ERROR(0x7f), size (0x4): 
0000: 13 7f 01 00 
index - 0x3e
RequesterContext - aa bb cc dd ee ff 00 3e 
libspdm_send_spdm_request[0] msg SPDM_GET_MEASUREMENTS(0xe0), size (0xc): 
0000: 13 e0 00 3e aa bb cc dd ee ff 00 3e 
Platform port Transmit command: 00 00 00 01 
Platform port Transmit transport_type: 00 00 00 01 
Platform port Transmit size: 00 00 00 0d 
Platform port Transmit buffer:
    05 13 e0 00 3e aa bb cc dd ee ff 00 3e 
Platform port Receive command: 00 00 00 01 
Platform port Receive transport_type: 00 00 00 01 
Platform port Receive size: 00 00 00 05 
Platform port Receive buffer:
    05 13 7f 01 00 
libspdm_receive_spdm_response[0] msg SPDM_ERROR(0x7f), size (0x4): 
0000: 13 7f 01 00 
index - 0x3f
RequesterContext - aa bb cc dd ee ff 00 3f 
libspdm_send_spdm_request[0] msg SPDM_GET_MEASUREMENTS(0xe0), size (0xc): 
0000: 13 e0 00 3f aa bb cc dd ee ff 00 3f 
Platform port Transmit command: 00 00 00 01 
Platform port Transmit transport_type: 00 00 00 01 
Platform port Transmit size: 00 00 00 0d 
Platform port Transmit buffer:
    05 13 e0 00 3f aa bb cc dd ee ff 00 3f 
Platform port Receive command: 00 00 00 01 
Platform port Receive transport_type: 00 00 00 01 
Platform port Receive size: 00 00 00 05 
Platform port Receive buffer:
    05 13 7f 01 00 
libspdm_receive_spdm_response[0] msg SPDM_ERROR(0x7f), size (0x4): 
0000: 13 7f 01 00 
index - 0x40
RequesterContext - aa bb cc dd ee ff 00 40 
libspdm_send_spdm_request[0] msg SPDM_GET_MEASUREMENTS(0xe0), size (0xc): 
0000: 13 e0 00 40 aa bb cc dd ee ff 00 40 
Platform port Transmit command: 00 00 00 01 
Platform port Transmit transport_type: 00 00 00 01 
Platform port Transmit size: 00 00 00 0d 
Platform port Transmit buffer:
    05 13 e0 00 40 aa bb cc dd ee ff 00 40 
Platform port Receive command: 00 00 00 01 
Platform port Receive transport_type: 00 00 00 01 
Platform port Receive size: 00 00 00 05 
Platform port Receive buffer:
    05 13 7f 01 00 
libspdm_receive_spdm_response[0] msg SPDM_ERROR(0x7f), size (0x4): 
0000: 13 7f 01 00 
index - 0x41
RequesterContext - aa bb cc dd ee ff 00 41 
libspdm_send_spdm_request[0] msg SPDM_GET_MEASUREMENTS(0xe0), size (0xc): 
0000: 13 e0 00 41 aa bb cc dd ee ff 00 41 
Platform port Transmit command: 00 00 00 01 
Platform port Transmit transport_type: 00 00 00 01 
Platform port Transmit size: 00 00 00 0d 
Platform port Transmit buffer:
    05 13 e0 00 41 aa bb cc dd ee ff 00 41 
Platform port Receive command: 00 00 00 01 
Platform port Receive transport_type: 00 00 00 01 
Platform port Receive size: 00 00 00 05 
Platform port Receive buffer:
    05 13 7f 01 00 
libspdm_receive_spdm_response[0] msg SPDM_ERROR(0x7f), size (0x4): 
0000: 13 7f 01 00 
index - 0x42
RequesterContext - aa bb cc dd ee ff 00 42 
libspdm_send_spdm_request[0] msg SPDM_GET_MEASUREMENTS(0xe0), size (0xc): 
0000: 13 e0 00 42 aa bb cc dd ee ff 00 42 
Platform port Transmit command: 00 00 00 01 
Platform port Transmit transport_type: 00 00 00 01 
Platform port Transmit size: 00 00 00 0d 
Platform port Transmit buffer:
    05 13 e0 00 42 aa bb cc dd ee ff 00 42 
Platform port Receive command: 00 00 00 01 
Platform port Receive transport_type: 00 00 00 01 
Platform port Receive size: 00 00 00 05 
Platform port Receive buffer:
    05 13 7f 01 00 
libspdm_receive_spdm_response[0] msg SPDM_ERROR(0x7f), size (0x4): 
0000: 13 7f 01 00 
index - 0x43
RequesterContext - aa bb cc dd ee ff 00 43 
libspdm_send_spdm_request[0] msg SPDM_GET_MEASUREMENTS(0xe0), size (0xc): 
0000: 13 e0 00 43 aa bb cc dd ee ff 00 43 
Platform port Transmit command: 00 00 00 01 
Platform port Transmit transport_type: 00 00 00 01 
Platform port Transmit size: 00 00 00 0d 
Platform port Transmit buffer:
    05 13 e0 00 43 aa bb cc dd ee ff 00 43 
Platform port Receive command: 00 00 00 01 
Platform port Receive transport_type: 00 00 00 01 
Platform port Receive size: 00 00 00 05 
Platform port Receive buffer:
    05 13 7f 01 00 
libspdm_receive_spdm_response[0] msg SPDM_ERROR(0x7f), size (0x4): 
0000: 13 7f 01 00 
index - 0x44
RequesterContext - aa bb cc dd ee ff 00 44 
libspdm_send_spdm_request[0] msg SPDM_GET_MEASUREMENTS(0xe0), size (0xc): 
0000: 13 e0 00 44 aa bb cc dd ee ff 00 44 
Platform port Transmit command: 00 00 00 01 
Platform port Transmit transport_type: 00 00 00 01 
Platform port Transmit size: 00 00 00 0d 
Platform port Transmit buffer:
    05 13 e0 00 44 aa bb cc dd ee ff 00 44 
Platform port Receive command: 00 00 00 01 
Platform port Receive transport_type: 00 00 00 01 
Platform port Receive size: 00 00 00 05 
Platform port Receive buffer:
    05 13 7f 01 00 
libspdm_receive_spdm_response[0] msg SPDM_ERROR(0x7f), size (0x4): 
0000: 13 7f 01 00 
index - 0x45
RequesterContext - aa bb cc dd ee ff 00 45 
libspdm_send_spdm_request[0] msg SPDM_GET_MEASUREMENTS(0xe0), size (0xc): 
0000: 13 e0 00 45 aa bb cc dd ee ff 00 45 
Platform port Transmit command: 00 00 00 01 
Platform port Transmit transport_type: 00 00 00 01 
Platform port Transmit size: 00 00 00 0d 
Platform port Transmit buffer:
    05 13 e0 00 45 aa bb cc dd ee ff 00 45 
Platform port Receive command: 00 00 00 01 
Platform port Receive transport_type: 00 00 00 01 
Platform port Receive size: 00 00 00 05 
Platform port Receive buffer:
    05 13 7f 01 00 
libspdm_receive_spdm_response[0] msg SPDM_ERROR(0x7f), size (0x4): 
0000: 13 7f 01 00 
index - 0x46
RequesterContext - aa bb cc dd ee ff 00 46 
libspdm_send_spdm_request[0] msg SPDM_GET_MEASUREMENTS(0xe0), size (0xc): 
0000: 13 e0 00 46 aa bb cc dd ee ff 00 46 
Platform port Transmit command: 00 00 00 01 
Platform port Transmit transport_type: 00 00 00 01 
Platform port Transmit size: 00 00 00 0d 
Platform port Transmit buffer:
    05 13 e0 00 46 aa bb cc dd ee ff 00 46 
Platform port Receive command: 00 00 00 01 
Platform port Receive transport_type: 00 00 00 01 
Platform port Receive size: 00 00 00 05 
Platform port Receive buffer:
    05 13 7f 01 00 
libspdm_receive_spdm_response[0] msg SPDM_ERROR(0x7f), size (0x4): 
0000: 13 7f 01 00 
index - 0x47
RequesterContext - aa bb cc dd ee ff 00 47 
libspdm_send_spdm_request[0] msg SPDM_GET_MEASUREMENTS(0xe0), size (0xc): 
0000: 13 e0 00 47 aa bb cc dd ee ff 00 47 
Platform port Transmit command: 00 00 00 01 
Platform port Transmit transport_type: 00 00 00 01 
Platform port Transmit size: 00 00 00 0d 
Platform port Transmit buffer:
    05 13 e0 00 47 aa bb cc dd ee ff 00 47 
Platform port Receive command: 00 00 00 01 
Platform port Receive transport_type: 00 00 00 01 
Platform port Receive size: 00 00 00 05 
Platform port Receive buffer:
    05 13 7f 01 00 
libspdm_receive_spdm_response[0] msg SPDM_ERROR(0x7f), size (0x4): 
0000: 13 7f 01 00 
index - 0x48
RequesterContext - aa bb cc dd ee ff 00 48 
libspdm_send_spdm_request[0] msg SPDM_GET_MEASUREMENTS(0xe0), size (0xc): 
0000: 13 e0 00 48 aa bb cc dd ee ff 00 48 
Platform port Transmit command: 00 00 00 01 
Platform port Transmit transport_type: 00 00 00 01 
Platform port Transmit size: 00 00 00 0d 
Platform port Transmit buffer:
    05 13 e0 00 48 aa bb cc dd ee ff 00 48 
Platform port Receive command: 00 00 00 01 
Platform port Receive transport_type: 00 00 00 01 
Platform port Receive size: 00 00 00 05 
Platform port Receive buffer:
    05 13 7f 01 00 
libspdm_receive_spdm_response[0] msg SPDM_ERROR(0x7f), size (0x4): 
0000: 13 7f 01 00 
index - 0x49
RequesterContext - aa bb cc dd ee ff 00 49 
libspdm_send_spdm_request[0] msg SPDM_GET_MEASUREMENTS(0xe0), size (0xc): 
0000: 13 e0 00 49 aa bb cc dd ee ff 00 49 
Platform port Transmit command: 00 00 00 01 
Platform port Transmit transport_type: 00 00 00 01 
Platform port Transmit size: 00 00 00 0d 
Platform port Transmit buffer:
    05 13 e0 00 49 aa bb cc dd ee ff 00 49 
Platform port Receive command: 00 00 00 01 
Platform port Receive transport_type: 00 00 00 01 
Platform port Receive size: 00 00 00 05 
Platform port Receive buffer:
    05 13 7f 01 00 
libspdm_receive_spdm_response[0] msg SPDM_ERROR(0x7f), size (0x4): 
0000: 13 7f 01 00 
index - 0x4a
RequesterContext - aa bb cc dd ee ff 00 4a 
libspdm_send_spdm_request[0] msg SPDM_GET_MEASUREMENTS(0xe0), size (0xc): 
0000: 13 e0 00 4a aa bb cc dd ee ff 00 4a 
Platform port Transmit command: 00 00 00 01 
Platform port Transmit transport_type: 00 00 00 01 
Platform port Transmit size: 00 00 00 0d 
Platform port Transmit buffer:
    05 13 e0 00 4a aa bb cc dd ee ff 00 4a 
Platform port Receive command: 00 00 00 01 
Platform port Receive transport_type: 00 00 00 01 
Platform port Receive size: 00 00 00 05 
Platform port Receive buffer:
    05 13 7f 01 00 
libspdm_receive_spdm_response[0] msg SPDM_ERROR(0x7f), size (0x4): 
0000: 13 7f 01 00 
index - 0x4b
RequesterContext - aa bb cc dd ee ff 00 4b 
libspdm_send_spdm_request[0] msg SPDM_GET_MEASUREMENTS(0xe0), size (0xc): 
0000: 13 e0 00 4b aa bb cc dd ee ff 00 4b 
Platform port Transmit command: 00 00 00 01 
Platform port Transmit transport_type: 00 00 00 01 
Platform port Transmit size: 00 00 00 0d 
Platform port Transmit buffer:
    05 13 e0 00 4b aa bb cc dd ee ff 00 4b 
Platform port Receive command: 00 00 00 01 
Platform port Receive transport_type: 00 00 00 01 
Platform port Receive size: 00 00 00 05 
Platform port Receive buffer:
    05 13 7f 01 00 
libspdm_receive_spdm_response[0] msg SPDM_ERROR(0x7f), size (0x4): 
0000: 13 7f 01 00 
index - 0x4c
RequesterContext - aa bb cc dd ee ff 00 4c 
libspdm_send_spdm_request[0] msg SPDM_GET_MEASUREMENTS(0xe0), size (0xc): 
0000: 13 e0 00 4c aa bb cc dd ee ff 00 4c 
Platform port Transmit command: 00 00 00 01 
Platform port Transmit transport_type: 00 00 00 01 
Platform port Transmit size: 00 00 00 0d 
Platform port Transmit buffer:
    05 13 e0 00 4c aa bb cc dd ee ff 00 4c 
Platform port Receive command: 00 00 00 01 
Platform port Receive transport_type: 00 00 00 01 
Platform port Receive size: 00 00 00 05 
Platform port Receive buffer:
    05 13 7f 01 00 
libspdm_receive_spdm_response[0] msg SPDM_ERROR(0x7f), size (0x4): 
0000: 13 7f 01 00 
index - 0x4d
RequesterContext - aa bb cc dd ee ff 00 4d 
libspdm_send_spdm_request[0] msg SPDM_GET_MEASUREMENTS(0xe0), size (0xc): 
0000: 13 e0 00 4d aa bb cc dd ee ff 00 4d 
Platform port Transmit command: 00 00 00 01 
Platform port Transmit transport_type: 00 00 00 01 
Platform port Transmit size: 00 00 00 0d 
Platform port Transmit buffer:
    05 13 e0 00 4d aa bb cc dd ee ff 00 4d 
Platform port Receive command: 00 00 00 01 
Platform port Receive transport_type: 00 00 00 01 
Platform port Receive size: 00 00 00 05 
Platform port Receive buffer:
    05 13 7f 01 00 
libspdm_receive_spdm_response[0] msg SPDM_ERROR(0x7f), size (0x4): 
0000: 13 7f 01 00 
index - 0x4e
RequesterContext - aa bb cc dd ee ff 00 4e 
libspdm_send_spdm_request[0] msg SPDM_GET_MEASUREMENTS(0xe0), size (0xc): 
0000: 13 e0 00 4e aa bb cc dd ee ff 00 4e 
Platform port Transmit command: 00 00 00 01 
Platform port Transmit transport_type: 00 00 00 01 
Platform port Transmit size: 00 00 00 0d 
Platform port Transmit buffer:
    05 13 e0 00 4e aa bb cc dd ee ff 00 4e 
Platform port Receive command: 00 00 00 01 
Platform port Receive transport_type: 00 00 00 01 
Platform port Receive size: 00 00 00 05 
Platform port Receive buffer:
    05 13 7f 01 00 
libspdm_receive_spdm_response[0] msg SPDM_ERROR(0x7f), size (0x4): 
0000: 13 7f 01 00 
index - 0x4f
RequesterContext - aa bb cc dd ee ff 00 4f 
libspdm_send_spdm_request[0] msg SPDM_GET_MEASUREMENTS(0xe0), size (0xc): 
0000: 13 e0 00 4f aa bb cc dd ee ff 00 4f 
Platform port Transmit command: 00 00 00 01 
Platform port Transmit transport_type: 00 00 00 01 
Platform port Transmit size: 00 00 00 0d 
Platform port Transmit buffer:
    05 13 e0 00 4f aa bb cc dd ee ff 00 4f 
Platform port Receive command: 00 00 00 01 
Platform port Receive transport_type: 00 00 00 01 
Platform port Receive size: 00 00 00 05 
Platform port Receive buffer:
    05 13 7f 01 00 
libspdm_receive_spdm_response[0] msg SPDM_ERROR(0x7f), size (0x4): 
0000: 13 7f 01 00 
index - 0x50
RequesterContext - aa bb cc dd ee ff 00 50 
libspdm_send_spdm_request[0] msg SPDM_GET_MEASUREMENTS(0xe0), size (0xc): 
0000: 13 e0 00 50 aa bb cc dd ee ff 00 50 
Platform port Transmit command: 00 00 00 01 
Platform port Transmit transport_type: 00 00 00 01 
Platform port Transmit size: 00 00 00 0d 
Platform port Transmit buffer:
    05 13 e0 00 50 aa bb cc dd ee ff 00 50 
Platform port Receive command: 00 00 00 01 
Platform port Receive transport_type: 00 00 00 01 
Platform port Receive size: 00 00 00 05 
Platform port Receive buffer:
    05 13 7f 01 00 
libspdm_receive_spdm_response[0] msg SPDM_ERROR(0x7f), size (0x4): 
0000: 13 7f 01 00 
index - 0x51
RequesterContext - aa bb cc dd ee ff 00 51 
libspdm_send_spdm_request[0] msg SPDM_GET_MEASUREMENTS(0xe0), size (0xc): 
0000: 13 e0 00 51 aa bb cc dd ee ff 00 51 
Platform port Transmit command: 00 00 00 01 
Platform port Transmit transport_type: 00 00 00 01 
Platform port Transmit size: 00 00 00 0d 
Platform port Transmit buffer:
    05 13 e0 00 51 aa bb cc dd ee ff 00 51 
Platform port Receive command: 00 00 00 01 
Platform port Receive transport_type: 00 00 00 01 
Platform port Receive size: 00 00 00 05 
Platform port Receive buffer:
    05 13 7f 01 00 
libspdm_receive_spdm_response[0] msg SPDM_ERROR(0x7f), size (0x4): 
0000: 13 7f 01 00 
index - 0x52
RequesterContext - aa bb cc dd ee ff 00 52 
libspdm_send_spdm_request[0] msg SPDM_GET_MEASUREMENTS(0xe0), size (0xc): 
0000: 13 e0 00 52 aa bb cc dd ee ff 00 52 
Platform port Transmit command: 00 00 00 01 
Platform port Transmit transport_type: 00 00 00 01 
Platform port Transmit size: 00 00 00 0d 
Platform port Transmit buffer:
    05 13 e0 00 52 aa bb cc dd ee ff 00 52 
Platform port Receive command: 00 00 00 01 
Platform port Receive transport_type: 00 00 00 01 
Platform port Receive size: 00 00 00 05 
Platform port Receive buffer:
    05 13 7f 01 00 
libspdm_receive_spdm_response[0] msg SPDM_ERROR(0x7f), size (0x4): 
0000: 13 7f 01 00 
index - 0x53
RequesterContext - aa bb cc dd ee ff 00 53 
libspdm_send_spdm_request[0] msg SPDM_GET_MEASUREMENTS(0xe0), size (0xc): 
0000: 13 e0 00 53 aa bb cc dd ee ff 00 53 
Platform port Transmit command: 00 00 00 01 
Platform port Transmit transport_type: 00 00 00 01 
Platform port Transmit size: 00 00 00 0d 
Platform port Transmit buffer:
    05 13 e0 00 53 aa bb cc dd ee ff 00 53 
Platform port Receive command: 00 00 00 01 
Platform port Receive transport_type: 00 00 00 01 
Platform port Receive size: 00 00 00 05 
Platform port Receive buffer:
    05 13 7f 01 00 
libspdm_receive_spdm_response[0] msg SPDM_ERROR(0x7f), size (0x4): 
0000: 13 7f 01 00 
index - 0x54
RequesterContext - aa bb cc dd ee ff 00 54 
libspdm_send_spdm_request[0] msg SPDM_GET_MEASUREMENTS(0xe0), size (0xc): 
0000: 13 e0 00 54 aa bb cc dd ee ff 00 54 
Platform port Transmit command: 00 00 00 01 
Platform port Transmit transport_type: 00 00 00 01 
Platform port Transmit size: 00 00 00 0d 
Platform port Transmit buffer:
    05 13 e0 00 54 aa bb cc dd ee ff 00 54 
Platform port Receive command: 00 00 00 01 
Platform port Receive transport_type: 00 00 00 01 
Platform port Receive size: 00 00 00 05 
Platform port Receive buffer:
    05 13 7f 01 00 
libspdm_receive_spdm_response[0] msg SPDM_ERROR(0x7f), size (0x4): 
0000: 13 7f 01 00 
index - 0x55
RequesterContext - aa bb cc dd ee ff 00 55 
libspdm_send_spdm_request[0] msg SPDM_GET_MEASUREMENTS(0xe0), size (0xc): 
0000: 13 e0 00 55 aa bb cc dd ee ff 00 55 
Platform port Transmit command: 00 00 00 01 
Platform port Transmit transport_type: 00 00 00 01 
Platform port Transmit size: 00 00 00 0d 
Platform port Transmit buffer:
    05 13 e0 00 55 aa bb cc dd ee ff 00 55 
Platform port Receive command: 00 00 00 01 
Platform port Receive transport_type: 00 00 00 01 
Platform port Receive size: 00 00 00 05 
Platform port Receive buffer:
    05 13 7f 01 00 
libspdm_receive_spdm_response[0] msg SPDM_ERROR(0x7f), size (0x4): 
0000: 13 7f 01 00 
index - 0x56
RequesterContext - aa bb cc dd ee ff 00 56 
libspdm_send_spdm_request[0] msg SPDM_GET_MEASUREMENTS(0xe0), size (0xc): 
0000: 13 e0 00 56 aa bb cc dd ee ff 00 56 
Platform port Transmit command: 00 00 00 01 
Platform port Transmit transport_type: 00 00 00 01 
Platform port Transmit size: 00 00 00 0d 
Platform port Transmit buffer:
    05 13 e0 00 56 aa bb cc dd ee ff 00 56 
Platform port Receive command: 00 00 00 01 
Platform port Receive transport_type: 00 00 00 01 
Platform port Receive size: 00 00 00 05 
Platform port Receive buffer:
    05 13 7f 01 00 
libspdm_receive_spdm_response[0] msg SPDM_ERROR(0x7f), size (0x4): 
0000: 13 7f 01 00 
index - 0x57
RequesterContext - aa bb cc dd ee ff 00 57 
libspdm_send_spdm_request[0] msg SPDM_GET_MEASUREMENTS(0xe0), size (0xc): 
0000: 13 e0 00 57 aa bb cc dd ee ff 00 57 
Platform port Transmit command: 00 00 00 01 
Platform port Transmit transport_type: 00 00 00 01 
Platform port Transmit size: 00 00 00 0d 
Platform port Transmit buffer:
    05 13 e0 00 57 aa bb cc dd ee ff 00 57 
Platform port Receive command: 00 00 00 01 
Platform port Receive transport_type: 00 00 00 01 
Platform port Receive size: 00 00 00 05 
Platform port Receive buffer:
    05 13 7f 01 00 
libspdm_receive_spdm_response[0] msg SPDM_ERROR(0x7f), size (0x4): 
0000: 13 7f 01 00 
index - 0x58
RequesterContext - aa bb cc dd ee ff 00 58 
libspdm_send_spdm_request[0] msg SPDM_GET_MEASUREMENTS(0xe0), size (0xc): 
0000: 13 e0 00 58 aa bb cc dd ee ff 00 58 
Platform port Transmit command: 00 00 00 01 
Platform port Transmit transport_type: 00 00 00 01 
Platform port Transmit size: 00 00 00 0d 
Platform port Transmit buffer:
    05 13 e0 00 58 aa bb cc dd ee ff 00 58 
Platform port Receive command: 00 00 00 01 
Platform port Receive transport_type: 00 00 00 01 
Platform port Receive size: 00 00 00 05 
Platform port Receive buffer:
    05 13 7f 01 00 
libspdm_receive_spdm_response[0] msg SPDM_ERROR(0x7f), size (0x4): 
0000: 13 7f 01 00 
index - 0x59
RequesterContext - aa bb cc dd ee ff 00 59 
libspdm_send_spdm_request[0] msg SPDM_GET_MEASUREMENTS(0xe0), size (0xc): 
0000: 13 e0 00 59 aa bb cc dd ee ff 00 59 
Platform port Transmit command: 00 00 00 01 
Platform port Transmit transport_type: 00 00 00 01 
Platform port Transmit size: 00 00 00 0d 
Platform port Transmit buffer:
    05 13 e0 00 59 aa bb cc dd ee ff 00 59 
Platform port Receive command: 00 00 00 01 
Platform port Receive transport_type: 00 00 00 01 
Platform port Receive size: 00 00 00 05 
Platform port Receive buffer:
    05 13 7f 01 00 
libspdm_receive_spdm_response[0] msg SPDM_ERROR(0x7f), size (0x4): 
0000: 13 7f 01 00 
index - 0x5a
RequesterContext - aa bb cc dd ee ff 00 5a 
libspdm_send_spdm_request[0] msg SPDM_GET_MEASUREMENTS(0xe0), size (0xc): 
0000: 13 e0 00 5a aa bb cc dd ee ff 00 5a 
Platform port Transmit command: 00 00 00 01 
Platform port Transmit transport_type: 00 00 00 01 
Platform port Transmit size: 00 00 00 0d 
Platform port Transmit buffer:
    05 13 e0 00 5a aa bb cc dd ee ff 00 5a 
Platform port Receive command: 00 00 00 01 
Platform port Receive transport_type: 00 00 00 01 
Platform port Receive size: 00 00 00 05 
Platform port Receive buffer:
    05 13 7f 01 00 
libspdm_receive_spdm_response[0] msg SPDM_ERROR(0x7f), size (0x4): 
0000: 13 7f 01 00 
index - 0x5b
RequesterContext - aa bb cc dd ee ff 00 5b 
libspdm_send_spdm_request[0] msg SPDM_GET_MEASUREMENTS(0xe0), size (0xc): 
0000: 13 e0 00 5b aa bb cc dd ee ff 00 5b 
Platform port Transmit command: 00 00 00 01 
Platform port Transmit transport_type: 00 00 00 01 
Platform port Transmit size: 00 00 00 0d 
Platform port Transmit buffer:
    05 13 e0 00 5b aa bb cc dd ee ff 00 5b 
Platform port Receive command: 00 00 00 01 
Platform port Receive transport_type: 00 00 00 01 
Platform port Receive size: 00 00 00 05 
Platform port Receive buffer:
    05 13 7f 01 00 
libspdm_receive_spdm_response[0] msg SPDM_ERROR(0x7f), size (0x4): 
0000: 13 7f 01 00 
index - 0x5c
RequesterContext - aa bb cc dd ee ff 00 5c 
libspdm_send_spdm_request[0] msg SPDM_GET_MEASUREMENTS(0xe0), size (0xc): 
0000: 13 e0 00 5c aa bb cc dd ee ff 00 5c 
Platform port Transmit command: 00 00 00 01 
Platform port Transmit transport_type: 00 00 00 01 
Platform port Transmit size: 00 00 00 0d 
Platform port Transmit buffer:
    05 13 e0 00 5c aa bb cc dd ee ff 00 5c 
Platform port Receive command: 00 00 00 01 
Platform port Receive transport_type: 00 00 00 01 
Platform port Receive size: 00 00 00 05 
Platform port Receive buffer:
    05 13 7f 01 00 
libspdm_receive_spdm_response[0] msg SPDM_ERROR(0x7f), size (0x4): 
0000: 13 7f 01 00 
index - 0x5d
RequesterContext - aa bb cc dd ee ff 00 5d 
libspdm_send_spdm_request[0] msg SPDM_GET_MEASUREMENTS(0xe0), size (0xc): 
0000: 13 e0 00 5d aa bb cc dd ee ff 00 5d 
Platform port Transmit command: 00 00 00 01 
Platform port Transmit transport_type: 00 00 00 01 
Platform port Transmit size: 00 00 00 0d 
Platform port Transmit buffer:
    05 13 e0 00 5d aa bb cc dd ee ff 00 5d 
Platform port Receive command: 00 00 00 01 
Platform port Receive transport_type: 00 00 00 01 
Platform port Receive size: 00 00 00 05 
Platform port Receive buffer:
    05 13 7f 01 00 
libspdm_receive_spdm_response[0] msg SPDM_ERROR(0x7f), size (0x4): 
0000: 13 7f 01 00 
index - 0x5e
RequesterContext - aa bb cc dd ee ff 00 5e 
libspdm_send_spdm_request[0] msg SPDM_GET_MEASUREMENTS(0xe0), size (0xc): 
0000: 13 e0 00 5e aa bb cc dd ee ff 00 5e 
Platform port Transmit command: 00 00 00 01 
Platform port Transmit transport_type: 00 00 00 01 
Platform port Transmit size: 00 00 00 0d 
Platform port Transmit buffer:
    05 13 e0 00 5e aa bb cc dd ee ff 00 5e 
Platform port Receive command: 00 00 00 01 
Platform port Receive transport_type: 00 00 00 01 
Platform port Receive size: 00 00 00 05 
Platform port Receive buffer:
    05 13 7f 01 00 
libspdm_receive_spdm_response[0] msg SPDM_ERROR(0x7f), size (0x4): 
0000: 13 7f 01 00 
index - 0x5f
RequesterContext - aa bb cc dd ee ff 00 5f 
libspdm_send_spdm_request[0] msg SPDM_GET_MEASUREMENTS(0xe0), size (0xc): 
0000: 13 e0 00 5f aa bb cc dd ee ff 00 5f 
Platform port Transmit command: 00 00 00 01 
Platform port Transmit transport_type: 00 00 00 01 
Platform port Transmit size: 00 00 00 0d 
Platform port Transmit buffer:
    05 13 e0 00 5f aa bb cc dd ee ff 00 5f 
Platform port Receive command: 00 00 00 01 
Platform port Receive transport_type: 00 00 00 01 
Platform port Receive size: 00 00 00 05 
Platform port Receive buffer:
    05 13 7f 01 00 
libspdm_receive_spdm_response[0] msg SPDM_ERROR(0x7f), size (0x4): 
0000: 13 7f 01 00 
index - 0x60
RequesterContext - aa bb cc dd ee ff 00 60 
libspdm_send_spdm_request[0] msg SPDM_GET_MEASUREMENTS(0xe0), size (0xc): 
0000: 13 e0 00 60 aa bb cc dd ee ff 00 60 
Platform port Transmit command: 00 00 00 01 
Platform port Transmit transport_type: 00 00 00 01 
Platform port Transmit size: 00 00 00 0d 
Platform port Transmit buffer:
    05 13 e0 00 60 aa bb cc dd ee ff 00 60 
Platform port Receive command: 00 00 00 01 
Platform port Receive transport_type: 00 00 00 01 
Platform port Receive size: 00 00 00 05 
Platform port Receive buffer:
    05 13 7f 01 00 
libspdm_receive_spdm_response[0] msg SPDM_ERROR(0x7f), size (0x4): 
0000: 13 7f 01 00 
index - 0x61
RequesterContext - aa bb cc dd ee ff 00 61 
libspdm_send_spdm_request[0] msg SPDM_GET_MEASUREMENTS(0xe0), size (0xc): 
0000: 13 e0 00 61 aa bb cc dd ee ff 00 61 
Platform port Transmit command: 00 00 00 01 
Platform port Transmit transport_type: 00 00 00 01 
Platform port Transmit size: 00 00 00 0d 
Platform port Transmit buffer:
    05 13 e0 00 61 aa bb cc dd ee ff 00 61 
Platform port Receive command: 00 00 00 01 
Platform port Receive transport_type: 00 00 00 01 
Platform port Receive size: 00 00 00 05 
Platform port Receive buffer:
    05 13 7f 01 00 
libspdm_receive_spdm_response[0] msg SPDM_ERROR(0x7f), size (0x4): 
0000: 13 7f 01 00 
index - 0x62
RequesterContext - aa bb cc dd ee ff 00 62 
libspdm_send_spdm_request[0] msg SPDM_GET_MEASUREMENTS(0xe0), size (0xc): 
0000: 13 e0 00 62 aa bb cc dd ee ff 00 62 
Platform port Transmit command: 00 00 00 01 
Platform port Transmit transport_type: 00 00 00 01 
Platform port Transmit size: 00 00 00 0d 
Platform port Transmit buffer:
    05 13 e0 00 62 aa bb cc dd ee ff 00 62 
Platform port Receive command: 00 00 00 01 
Platform port Receive transport_type: 00 00 00 01 
Platform port Receive size: 00 00 00 05 
Platform port Receive buffer:
    05 13 7f 01 00 
libspdm_receive_spdm_response[0] msg SPDM_ERROR(0x7f), size (0x4): 
0000: 13 7f 01 00 
index - 0x63
RequesterContext - aa bb cc dd ee ff 00 63 
libspdm_send_spdm_request[0] msg SPDM_GET_MEASUREMENTS(0xe0), size (0xc): 
0000: 13 e0 00 63 aa bb cc dd ee ff 00 63 
Platform port Transmit command: 00 00 00 01 
Platform port Transmit transport_type: 00 00 00 01 
Platform port Transmit size: 00 00 00 0d 
Platform port Transmit buffer:
    05 13 e0 00 63 aa bb cc dd ee ff 00 63 
Platform port Receive command: 00 00 00 01 
Platform port Receive transport_type: 00 00 00 01 
Platform port Receive size: 00 00 00 05 
Platform port Receive buffer:
    05 13 7f 01 00 
libspdm_receive_spdm_response[0] msg SPDM_ERROR(0x7f), size (0x4): 
0000: 13 7f 01 00 
index - 0x64
RequesterContext - aa bb cc dd ee ff 00 64 
libspdm_send_spdm_request[0] msg SPDM_GET_MEASUREMENTS(0xe0), size (0xc): 
0000: 13 e0 00 64 aa bb cc dd ee ff 00 64 
Platform port Transmit command: 00 00 00 01 
Platform port Transmit transport_type: 00 00 00 01 
Platform port Transmit size: 00 00 00 0d 
Platform port Transmit buffer:
    05 13 e0 00 64 aa bb cc dd ee ff 00 64 
Platform port Receive command: 00 00 00 01 
Platform port Receive transport_type: 00 00 00 01 
Platform port Receive size: 00 00 00 05 
Platform port Receive buffer:
    05 13 7f 01 00 
libspdm_receive_spdm_response[0] msg SPDM_ERROR(0x7f), size (0x4): 
0000: 13 7f 01 00 
index - 0x65
RequesterContext - aa bb cc dd ee ff 00 65 
libspdm_send_spdm_request[0] msg SPDM_GET_MEASUREMENTS(0xe0), size (0xc): 
0000: 13 e0 00 65 aa bb cc dd ee ff 00 65 
Platform port Transmit command: 00 00 00 01 
Platform port Transmit transport_type: 00 00 00 01 
Platform port Transmit size: 00 00 00 0d 
Platform port Transmit buffer:
    05 13 e0 00 65 aa bb cc dd ee ff 00 65 
Platform port Receive command: 00 00 00 01 
Platform port Receive transport_type: 00 00 00 01 
Platform port Receive size: 00 00 00 05 
Platform port Receive buffer:
    05 13 7f 01 00 
libspdm_receive_spdm_response[0] msg SPDM_ERROR(0x7f), size (0x4): 
0000: 13 7f 01 00 
index - 0x66
RequesterContext - aa bb cc dd ee ff 00 66 
libspdm_send_spdm_request[0] msg SPDM_GET_MEASUREMENTS(0xe0), size (0xc): 
0000: 13 e0 00 66 aa bb cc dd ee ff 00 66 
Platform port Transmit command: 00 00 00 01 
Platform port Transmit transport_type: 00 00 00 01 
Platform port Transmit size: 00 00 00 0d 
Platform port Transmit buffer:
    05 13 e0 00 66 aa bb cc dd ee ff 00 66 
Platform port Receive command: 00 00 00 01 
Platform port Receive transport_type: 00 00 00 01 
Platform port Receive size: 00 00 00 05 
Platform port Receive buffer:
    05 13 7f 01 00 
libspdm_receive_spdm_response[0] msg SPDM_ERROR(0x7f), size (0x4): 
0000: 13 7f 01 00 
index - 0x67
RequesterContext - aa bb cc dd ee ff 00 67 
libspdm_send_spdm_request[0] msg SPDM_GET_MEASUREMENTS(0xe0), size (0xc): 
0000: 13 e0 00 67 aa bb cc dd ee ff 00 67 
Platform port Transmit command: 00 00 00 01 
Platform port Transmit transport_type: 00 00 00 01 
Platform port Transmit size: 00 00 00 0d 
Platform port Transmit buffer:
    05 13 e0 00 67 aa bb cc dd ee ff 00 67 
Platform port Receive command: 00 00 00 01 
Platform port Receive transport_type: 00 00 00 01 
Platform port Receive size: 00 00 00 05 
Platform port Receive buffer:
    05 13 7f 01 00 
libspdm_receive_spdm_response[0] msg SPDM_ERROR(0x7f), size (0x4): 
0000: 13 7f 01 00 
index - 0x68
RequesterContext - aa bb cc dd ee ff 00 68 
libspdm_send_spdm_request[0] msg SPDM_GET_MEASUREMENTS(0xe0), size (0xc): 
0000: 13 e0 00 68 aa bb cc dd ee ff 00 68 
Platform port Transmit command: 00 00 00 01 
Platform port Transmit transport_type: 00 00 00 01 
Platform port Transmit size: 00 00 00 0d 
Platform port Transmit buffer:
    05 13 e0 00 68 aa bb cc dd ee ff 00 68 
Platform port Receive command: 00 00 00 01 
Platform port Receive transport_type: 00 00 00 01 
Platform port Receive size: 00 00 00 05 
Platform port Receive buffer:
    05 13 7f 01 00 
libspdm_receive_spdm_response[0] msg SPDM_ERROR(0x7f), size (0x4): 
0000: 13 7f 01 00 
index - 0x69
RequesterContext - aa bb cc dd ee ff 00 69 
libspdm_send_spdm_request[0] msg SPDM_GET_MEASUREMENTS(0xe0), size (0xc): 
0000: 13 e0 00 69 aa bb cc dd ee ff 00 69 
Platform port Transmit command: 00 00 00 01 
Platform port Transmit transport_type: 00 00 00 01 
Platform port Transmit size: 00 00 00 0d 
Platform port Transmit buffer:
    05 13 e0 00 69 aa bb cc dd ee ff 00 69 
Platform port Receive command: 00 00 00 01 
Platform port Receive transport_type: 00 00 00 01 
Platform port Receive size: 00 00 00 05 
Platform port Receive buffer:
    05 13 7f 01 00 
libspdm_receive_spdm_response[0] msg SPDM_ERROR(0x7f), size (0x4): 
0000: 13 7f 01 00 
index - 0x6a
RequesterContext - aa bb cc dd ee ff 00 6a 
libspdm_send_spdm_request[0] msg SPDM_GET_MEASUREMENTS(0xe0), size (0xc): 
0000: 13 e0 00 6a aa bb cc dd ee ff 00 6a 
Platform port Transmit command: 00 00 00 01 
Platform port Transmit transport_type: 00 00 00 01 
Platform port Transmit size: 00 00 00 0d 
Platform port Transmit buffer:
    05 13 e0 00 6a aa bb cc dd ee ff 00 6a 
Platform port Receive command: 00 00 00 01 
Platform port Receive transport_type: 00 00 00 01 
Platform port Receive size: 00 00 00 05 
Platform port Receive buffer:
    05 13 7f 01 00 
libspdm_receive_spdm_response[0] msg SPDM_ERROR(0x7f), size (0x4): 
0000: 13 7f 01 00 
index - 0x6b
RequesterContext - aa bb cc dd ee ff 00 6b 
libspdm_send_spdm_request[0] msg SPDM_GET_MEASUREMENTS(0xe0), size (0xc): 
0000: 13 e0 00 6b aa bb cc dd ee ff 00 6b 
Platform port Transmit command: 00 00 00 01 
Platform port Transmit transport_type: 00 00 00 01 
Platform port Transmit size: 00 00 00 0d 
Platform port Transmit buffer:
    05 13 e0 00 6b aa bb cc dd ee ff 00 6b 
Platform port Receive command: 00 00 00 01 
Platform port Receive transport_type: 00 00 00 01 
Platform port Receive size: 00 00 00 05 
Platform port Receive buffer:
    05 13 7f 01 00 
libspdm_receive_spdm_response[0] msg SPDM_ERROR(0x7f), size (0x4): 
0000: 13 7f 01 00 
index - 0x6c
RequesterContext - aa bb cc dd ee ff 00 6c 
libspdm_send_spdm_request[0] msg SPDM_GET_MEASUREMENTS(0xe0), size (0xc): 
0000: 13 e0 00 6c aa bb cc dd ee ff 00 6c 
Platform port Transmit command: 00 00 00 01 
Platform port Transmit transport_type: 00 00 00 01 
Platform port Transmit size: 00 00 00 0d 
Platform port Transmit buffer:
    05 13 e0 00 6c aa bb cc dd ee ff 00 6c 
Platform port Receive command: 00 00 00 01 
Platform port Receive transport_type: 00 00 00 01 
Platform port Receive size: 00 00 00 05 
Platform port Receive buffer:
    05 13 7f 01 00 
libspdm_receive_spdm_response[0] msg SPDM_ERROR(0x7f), size (0x4): 
0000: 13 7f 01 00 
index - 0x6d
RequesterContext - aa bb cc dd ee ff 00 6d 
libspdm_send_spdm_request[0] msg SPDM_GET_MEASUREMENTS(0xe0), size (0xc): 
0000: 13 e0 00 6d aa bb cc dd ee ff 00 6d 
Platform port Transmit command: 00 00 00 01 
Platform port Transmit transport_type: 00 00 00 01 
Platform port Transmit size: 00 00 00 0d 
Platform port Transmit buffer:
    05 13 e0 00 6d aa bb cc dd ee ff 00 6d 
Platform port Receive command: 00 00 00 01 
Platform port Receive transport_type: 00 00 00 01 
Platform port Receive size: 00 00 00 05 
Platform port Receive buffer:
    05 13 7f 01 00 
libspdm_receive_spdm_response[0] msg SPDM_ERROR(0x7f), size (0x4): 
0000: 13 7f 01 00 
index - 0x6e
RequesterContext - aa bb cc dd ee ff 00 6e 
libspdm_send_spdm_request[0] msg SPDM_GET_MEASUREMENTS(0xe0), size (0xc): 
0000: 13 e0 00 6e aa bb cc dd ee ff 00 6e 
Platform port Transmit command: 00 00 00 01 
Platform port Transmit transport_type: 00 00 00 01 
Platform port Transmit size: 00 00 00 0d 
Platform port Transmit buffer:
    05 13 e0 00 6e aa bb cc dd ee ff 00 6e 
Platform port Receive command: 00 00 00 01 
Platform port Receive transport_type: 00 00 00 01 
Platform port Receive size: 00 00 00 05 
Platform port Receive buffer:
    05 13 7f 01 00 
libspdm_receive_spdm_response[0] msg SPDM_ERROR(0x7f), size (0x4): 
0000: 13 7f 01 00 
index - 0x6f
RequesterContext - aa bb cc dd ee ff 00 6f 
libspdm_send_spdm_request[0] msg SPDM_GET_MEASUREMENTS(0xe0), size (0xc): 
0000: 13 e0 00 6f aa bb cc dd ee ff 00 6f 
Platform port Transmit command: 00 00 00 01 
Platform port Transmit transport_type: 00 00 00 01 
Platform port Transmit size: 00 00 00 0d 
Platform port Transmit buffer:
    05 13 e0 00 6f aa bb cc dd ee ff 00 6f 
Platform port Receive command: 00 00 00 01 
Platform port Receive transport_type: 00 00 00 01 
Platform port Receive size: 00 00 00 05 
Platform port Receive buffer:
    05 13 7f 01 00 
libspdm_receive_spdm_response[0] msg SPDM_ERROR(0x7f), size (0x4): 
0000: 13 7f 01 00 
index - 0x70
RequesterContext - aa bb cc dd ee ff 00 70 
libspdm_send_spdm_request[0] msg SPDM_GET_MEASUREMENTS(0xe0), size (0xc): 
0000: 13 e0 00 70 aa bb cc dd ee ff 00 70 
Platform port Transmit command: 00 00 00 01 
Platform port Transmit transport_type: 00 00 00 01 
Platform port Transmit size: 00 00 00 0d 
Platform port Transmit buffer:
    05 13 e0 00 70 aa bb cc dd ee ff 00 70 
Platform port Receive command: 00 00 00 01 
Platform port Receive transport_type: 00 00 00 01 
Platform port Receive size: 00 00 00 05 
Platform port Receive buffer:
    05 13 7f 01 00 
libspdm_receive_spdm_response[0] msg SPDM_ERROR(0x7f), size (0x4): 
0000: 13 7f 01 00 
index - 0x71
RequesterContext - aa bb cc dd ee ff 00 71 
libspdm_send_spdm_request[0] msg SPDM_GET_MEASUREMENTS(0xe0), size (0xc): 
0000: 13 e0 00 71 aa bb cc dd ee ff 00 71 
Platform port Transmit command: 00 00 00 01 
Platform port Transmit transport_type: 00 00 00 01 
Platform port Transmit size: 00 00 00 0d 
Platform port Transmit buffer:
    05 13 e0 00 71 aa bb cc dd ee ff 00 71 
Platform port Receive command: 00 00 00 01 
Platform port Receive transport_type: 00 00 00 01 
Platform port Receive size: 00 00 00 05 
Platform port Receive buffer:
    05 13 7f 01 00 
libspdm_receive_spdm_response[0] msg SPDM_ERROR(0x7f), size (0x4): 
0000: 13 7f 01 00 
index - 0x72
RequesterContext - aa bb cc dd ee ff 00 72 
libspdm_send_spdm_request[0] msg SPDM_GET_MEASUREMENTS(0xe0), size (0xc): 
0000: 13 e0 00 72 aa bb cc dd ee ff 00 72 
Platform port Transmit command: 00 00 00 01 
Platform port Transmit transport_type: 00 00 00 01 
Platform port Transmit size: 00 00 00 0d 
Platform port Transmit buffer:
    05 13 e0 00 72 aa bb cc dd ee ff 00 72 
Platform port Receive command: 00 00 00 01 
Platform port Receive transport_type: 00 00 00 01 
Platform port Receive size: 00 00 00 05 
Platform port Receive buffer:
    05 13 7f 01 00 
libspdm_receive_spdm_response[0] msg SPDM_ERROR(0x7f), size (0x4): 
0000: 13 7f 01 00 
index - 0x73
RequesterContext - aa bb cc dd ee ff 00 73 
libspdm_send_spdm_request[0] msg SPDM_GET_MEASUREMENTS(0xe0), size (0xc): 
0000: 13 e0 00 73 aa bb cc dd ee ff 00 73 
Platform port Transmit command: 00 00 00 01 
Platform port Transmit transport_type: 00 00 00 01 
Platform port Transmit size: 00 00 00 0d 
Platform port Transmit buffer:
    05 13 e0 00 73 aa bb cc dd ee ff 00 73 
Platform port Receive command: 00 00 00 01 
Platform port Receive transport_type: 00 00 00 01 
Platform port Receive size: 00 00 00 05 
Platform port Receive buffer:
    05 13 7f 01 00 
libspdm_receive_spdm_response[0] msg SPDM_ERROR(0x7f), size (0x4): 
0000: 13 7f 01 00 
index - 0x74
RequesterContext - aa bb cc dd ee ff 00 74 
libspdm_send_spdm_request[0] msg SPDM_GET_MEASUREMENTS(0xe0), size (0xc): 
0000: 13 e0 00 74 aa bb cc dd ee ff 00 74 
Platform port Transmit command: 00 00 00 01 
Platform port Transmit transport_type: 00 00 00 01 
Platform port Transmit size: 00 00 00 0d 
Platform port Transmit buffer:
    05 13 e0 00 74 aa bb cc dd ee ff 00 74 
Platform port Receive command: 00 00 00 01 
Platform port Receive transport_type: 00 00 00 01 
Platform port Receive size: 00 00 00 05 
Platform port Receive buffer:
    05 13 7f 01 00 
libspdm_receive_spdm_response[0] msg SPDM_ERROR(0x7f), size (0x4): 
0000: 13 7f 01 00 
index - 0x75
RequesterContext - aa bb cc dd ee ff 00 75 
libspdm_send_spdm_request[0] msg SPDM_GET_MEASUREMENTS(0xe0), size (0xc): 
0000: 13 e0 00 75 aa bb cc dd ee ff 00 75 
Platform port Transmit command: 00 00 00 01 
Platform port Transmit transport_type: 00 00 00 01 
Platform port Transmit size: 00 00 00 0d 
Platform port Transmit buffer:
    05 13 e0 00 75 aa bb cc dd ee ff 00 75 
Platform port Receive command: 00 00 00 01 
Platform port Receive transport_type: 00 00 00 01 
Platform port Receive size: 00 00 00 05 
Platform port Receive buffer:
    05 13 7f 01 00 
libspdm_receive_spdm_response[0] msg SPDM_ERROR(0x7f), size (0x4): 
0000: 13 7f 01 00 
index - 0x76
RequesterContext - aa bb cc dd ee ff 00 76 
libspdm_send_spdm_request[0] msg SPDM_GET_MEASUREMENTS(0xe0), size (0xc): 
0000: 13 e0 00 76 aa bb cc dd ee ff 00 76 
Platform port Transmit command: 00 00 00 01 
Platform port Transmit transport_type: 00 00 00 01 
Platform port Transmit size: 00 00 00 0d 
Platform port Transmit buffer:
    05 13 e0 00 76 aa bb cc dd ee ff 00 76 
Platform port Receive command: 00 00 00 01 
Platform port Receive transport_type: 00 00 00 01 
Platform port Receive size: 00 00 00 05 
Platform port Receive buffer:
    05 13 7f 01 00 
libspdm_receive_spdm_response[0] msg SPDM_ERROR(0x7f), size (0x4): 
0000: 13 7f 01 00 
index - 0x77
RequesterContext - aa bb cc dd ee ff 00 77 
libspdm_send_spdm_request[0] msg SPDM_GET_MEASUREMENTS(0xe0), size (0xc): 
0000: 13 e0 00 77 aa bb cc dd ee ff 00 77 
Platform port Transmit command: 00 00 00 01 
Platform port Transmit transport_type: 00 00 00 01 
Platform port Transmit size: 00 00 00 0d 
Platform port Transmit buffer:
    05 13 e0 00 77 aa bb cc dd ee ff 00 77 
Platform port Receive command: 00 00 00 01 
Platform port Receive transport_type: 00 00 00 01 
Platform port Receive size: 00 00 00 05 
Platform port Receive buffer:
    05 13 7f 01 00 
libspdm_receive_spdm_response[0] msg SPDM_ERROR(0x7f), size (0x4): 
0000: 13 7f 01 00 
index - 0x78
RequesterContext - aa bb cc dd ee ff 00 78 
libspdm_send_spdm_request[0] msg SPDM_GET_MEASUREMENTS(0xe0), size (0xc): 
0000: 13 e0 00 78 aa bb cc dd ee ff 00 78 
Platform port Transmit command: 00 00 00 01 
Platform port Transmit transport_type: 00 00 00 01 
Platform port Transmit size: 00 00 00 0d 
Platform port Transmit buffer:
    05 13 e0 00 78 aa bb cc dd ee ff 00 78 
Platform port Receive command: 00 00 00 01 
Platform port Receive transport_type: 00 00 00 01 
Platform port Receive size: 00 00 00 05 
Platform port Receive buffer:
    05 13 7f 01 00 
libspdm_receive_spdm_response[0] msg SPDM_ERROR(0x7f), size (0x4): 
0000: 13 7f 01 00 
index - 0x79
RequesterContext - aa bb cc dd ee ff 00 79 
libspdm_send_spdm_request[0] msg SPDM_GET_MEASUREMENTS(0xe0), size (0xc): 
0000: 13 e0 00 79 aa bb cc dd ee ff 00 79 
Platform port Transmit command: 00 00 00 01 
Platform port Transmit transport_type: 00 00 00 01 
Platform port Transmit size: 00 00 00 0d 
Platform port Transmit buffer:
    05 13 e0 00 79 aa bb cc dd ee ff 00 79 
Platform port Receive command: 00 00 00 01 
Platform port Receive transport_type: 00 00 00 01 
Platform port Receive size: 00 00 00 05 
Platform port Receive buffer:
    05 13 7f 01 00 
libspdm_receive_spdm_response[0] msg SPDM_ERROR(0x7f), size (0x4): 
0000: 13 7f 01 00 
index - 0x7a
RequesterContext - aa bb cc dd ee ff 00 7a 
libspdm_send_spdm_request[0] msg SPDM_GET_MEASUREMENTS(0xe0), size (0xc): 
0000: 13 e0 00 7a aa bb cc dd ee ff 00 7a 
Platform port Transmit command: 00 00 00 01 
Platform port Transmit transport_type: 00 00 00 01 
Platform port Transmit size: 00 00 00 0d 
Platform port Transmit buffer:
    05 13 e0 00 7a aa bb cc dd ee ff 00 7a 
Platform port Receive command: 00 00 00 01 
Platform port Receive transport_type: 00 00 00 01 
Platform port Receive size: 00 00 00 05 
Platform port Receive buffer:
    05 13 7f 01 00 
libspdm_receive_spdm_response[0] msg SPDM_ERROR(0x7f), size (0x4): 
0000: 13 7f 01 00 
index - 0x7b
RequesterContext - aa bb cc dd ee ff 00 7b 
libspdm_send_spdm_request[0] msg SPDM_GET_MEASUREMENTS(0xe0), size (0xc): 
0000: 13 e0 00 7b aa bb cc dd ee ff 00 7b 
Platform port Transmit command: 00 00 00 01 
Platform port Transmit transport_type: 00 00 00 01 
Platform port Transmit size: 00 00 00 0d 
Platform port Transmit buffer:
    05 13 e0 00 7b aa bb cc dd ee ff 00 7b 
Platform port Receive command: 00 00 00 01 
Platform port Receive transport_type: 00 00 00 01 
Platform port Receive size: 00 00 00 05 
Platform port Receive buffer:
    05 13 7f 01 00 
libspdm_receive_spdm_response[0] msg SPDM_ERROR(0x7f), size (0x4): 
0000: 13 7f 01 00 
index - 0x7c
RequesterContext - aa bb cc dd ee ff 00 7c 
libspdm_send_spdm_request[0] msg SPDM_GET_MEASUREMENTS(0xe0), size (0xc): 
0000: 13 e0 00 7c aa bb cc dd ee ff 00 7c 
Platform port Transmit command: 00 00 00 01 
Platform port Transmit transport_type: 00 00 00 01 
Platform port Transmit size: 00 00 00 0d 
Platform port Transmit buffer:
    05 13 e0 00 7c aa bb cc dd ee ff 00 7c 
Platform port Receive command: 00 00 00 01 
Platform port Receive transport_type: 00 00 00 01 
Platform port Receive size: 00 00 00 05 
Platform port Receive buffer:
    05 13 7f 01 00 
libspdm_receive_spdm_response[0] msg SPDM_ERROR(0x7f), size (0x4): 
0000: 13 7f 01 00 
index - 0x7d
RequesterContext - aa bb cc dd ee ff 00 7d 
libspdm_send_spdm_request[0] msg SPDM_GET_MEASUREMENTS(0xe0), size (0xc): 
0000: 13 e0 00 7d aa bb cc dd ee ff 00 7d 
Platform port Transmit command: 00 00 00 01 
Platform port Transmit transport_type: 00 00 00 01 
Platform port Transmit size: 00 00 00 0d 
Platform port Transmit buffer:
    05 13 e0 00 7d aa bb cc dd ee ff 00 7d 
Platform port Receive command: 00 00 00 01 
Platform port Receive transport_type: 00 00 00 01 
Platform port Receive size: 00 00 00 05 
Platform port Receive buffer:
    05 13 7f 01 00 
libspdm_receive_spdm_response[0] msg SPDM_ERROR(0x7f), size (0x4): 
0000: 13 7f 01 00 
index - 0x7e
RequesterContext - aa bb cc dd ee ff 00 7e 
libspdm_send_spdm_request[0] msg SPDM_GET_MEASUREMENTS(0xe0), size (0xc): 
0000: 13 e0 00 7e aa bb cc dd ee ff 00 7e 
Platform port Transmit command: 00 00 00 01 
Platform port Transmit transport_type: 00 00 00 01 
Platform port Transmit size: 00 00 00 0d 
Platform port Transmit buffer:
    05 13 e0 00 7e aa bb cc dd ee ff 00 7e 
Platform port Receive command: 00 00 00 01 
Platform port Receive transport_type: 00 00 00 01 
Platform port Receive size: 00 00 00 05 
Platform port Receive buffer:
    05 13 7f 01 00 
libspdm_receive_spdm_response[0] msg SPDM_ERROR(0x7f), size (0x4): 
0000: 13 7f 01 00 
index - 0x7f
RequesterContext - aa bb cc dd ee ff 00 7f 
libspdm_send_spdm_request[0] msg SPDM_GET_MEASUREMENTS(0xe0), size (0xc): 
0000: 13 e0 00 7f aa bb cc dd ee ff 00 7f 
Platform port Transmit command: 00 00 00 01 
Platform port Transmit transport_type: 00 00 00 01 
Platform port Transmit size: 00 00 00 0d 
Platform port Transmit buffer:
    05 13 e0 00 7f aa bb cc dd ee ff 00 7f 
Platform port Receive command: 00 00 00 01 
Platform port Receive transport_type: 00 00 00 01 
Platform port Receive size: 00 00 00 05 
Platform port Receive buffer:
    05 13 7f 01 00 
libspdm_receive_spdm_response[0] msg SPDM_ERROR(0x7f), size (0x4): 
0000: 13 7f 01 00 
index - 0x80
RequesterContext - aa bb cc dd ee ff 00 80 
libspdm_send_spdm_request[0] msg SPDM_GET_MEASUREMENTS(0xe0), size (0xc): 
0000: 13 e0 00 80 aa bb cc dd ee ff 00 80 
Platform port Transmit command: 00 00 00 01 
Platform port Transmit transport_type: 00 00 00 01 
Platform port Transmit size: 00 00 00 0d 
Platform port Transmit buffer:
    05 13 e0 00 80 aa bb cc dd ee ff 00 80 
Platform port Receive command: 00 00 00 01 
Platform port Receive transport_type: 00 00 00 01 
Platform port Receive size: 00 00 00 05 
Platform port Receive buffer:
    05 13 7f 01 00 
libspdm_receive_spdm_response[0] msg SPDM_ERROR(0x7f), size (0x4): 
0000: 13 7f 01 00 
index - 0x81
RequesterContext - aa bb cc dd ee ff 00 81 
libspdm_send_spdm_request[0] msg SPDM_GET_MEASUREMENTS(0xe0), size (0xc): 
0000: 13 e0 00 81 aa bb cc dd ee ff 00 81 
Platform port Transmit command: 00 00 00 01 
Platform port Transmit transport_type: 00 00 00 01 
Platform port Transmit size: 00 00 00 0d 
Platform port Transmit buffer:
    05 13 e0 00 81 aa bb cc dd ee ff 00 81 
Platform port Receive command: 00 00 00 01 
Platform port Receive transport_type: 00 00 00 01 
Platform port Receive size: 00 00 00 05 
Platform port Receive buffer:
    05 13 7f 01 00 
libspdm_receive_spdm_response[0] msg SPDM_ERROR(0x7f), size (0x4): 
0000: 13 7f 01 00 
index - 0x82
RequesterContext - aa bb cc dd ee ff 00 82 
libspdm_send_spdm_request[0] msg SPDM_GET_MEASUREMENTS(0xe0), size (0xc): 
0000: 13 e0 00 82 aa bb cc dd ee ff 00 82 
Platform port Transmit command: 00 00 00 01 
Platform port Transmit transport_type: 00 00 00 01 
Platform port Transmit size: 00 00 00 0d 
Platform port Transmit buffer:
    05 13 e0 00 82 aa bb cc dd ee ff 00 82 
Platform port Receive command: 00 00 00 01 
Platform port Receive transport_type: 00 00 00 01 
Platform port Receive size: 00 00 00 05 
Platform port Receive buffer:
    05 13 7f 01 00 
libspdm_receive_spdm_response[0] msg SPDM_ERROR(0x7f), size (0x4): 
0000: 13 7f 01 00 
index - 0x83
RequesterContext - aa bb cc dd ee ff 00 83 
libspdm_send_spdm_request[0] msg SPDM_GET_MEASUREMENTS(0xe0), size (0xc): 
0000: 13 e0 00 83 aa bb cc dd ee ff 00 83 
Platform port Transmit command: 00 00 00 01 
Platform port Transmit transport_type: 00 00 00 01 
Platform port Transmit size: 00 00 00 0d 
Platform port Transmit buffer:
    05 13 e0 00 83 aa bb cc dd ee ff 00 83 
Platform port Receive command: 00 00 00 01 
Platform port Receive transport_type: 00 00 00 01 
Platform port Receive size: 00 00 00 05 
Platform port Receive buffer:
    05 13 7f 01 00 
libspdm_receive_spdm_response[0] msg SPDM_ERROR(0x7f), size (0x4): 
0000: 13 7f 01 00 
index - 0x84
RequesterContext - aa bb cc dd ee ff 00 84 
libspdm_send_spdm_request[0] msg SPDM_GET_MEASUREMENTS(0xe0), size (0xc): 
0000: 13 e0 00 84 aa bb cc dd ee ff 00 84 
Platform port Transmit command: 00 00 00 01 
Platform port Transmit transport_type: 00 00 00 01 
Platform port Transmit size: 00 00 00 0d 
Platform port Transmit buffer:
    05 13 e0 00 84 aa bb cc dd ee ff 00 84 
Platform port Receive command: 00 00 00 01 
Platform port Receive transport_type: 00 00 00 01 
Platform port Receive size: 00 00 00 05 
Platform port Receive buffer:
    05 13 7f 01 00 
libspdm_receive_spdm_response[0] msg SPDM_ERROR(0x7f), size (0x4): 
0000: 13 7f 01 00 
index - 0x85
RequesterContext - aa bb cc dd ee ff 00 85 
libspdm_send_spdm_request[0] msg SPDM_GET_MEASUREMENTS(0xe0), size (0xc): 
0000: 13 e0 00 85 aa bb cc dd ee ff 00 85 
Platform port Transmit command: 00 00 00 01 
Platform port Transmit transport_type: 00 00 00 01 
Platform port Transmit size: 00 00 00 0d 
Platform port Transmit buffer:
    05 13 e0 00 85 aa bb cc dd ee ff 00 85 
Platform port Receive command: 00 00 00 01 
Platform port Receive transport_type: 00 00 00 01 
Platform port Receive size: 00 00 00 05 
Platform port Receive buffer:
    05 13 7f 01 00 
libspdm_receive_spdm_response[0] msg SPDM_ERROR(0x7f), size (0x4): 
0000: 13 7f 01 00 
index - 0x86
RequesterContext - aa bb cc dd ee ff 00 86 
libspdm_send_spdm_request[0] msg SPDM_GET_MEASUREMENTS(0xe0), size (0xc): 
0000: 13 e0 00 86 aa bb cc dd ee ff 00 86 
Platform port Transmit command: 00 00 00 01 
Platform port Transmit transport_type: 00 00 00 01 
Platform port Transmit size: 00 00 00 0d 
Platform port Transmit buffer:
    05 13 e0 00 86 aa bb cc dd ee ff 00 86 
Platform port Receive command: 00 00 00 01 
Platform port Receive transport_type: 00 00 00 01 
Platform port Receive size: 00 00 00 05 
Platform port Receive buffer:
    05 13 7f 01 00 
libspdm_receive_spdm_response[0] msg SPDM_ERROR(0x7f), size (0x4): 
0000: 13 7f 01 00 
index - 0x87
RequesterContext - aa bb cc dd ee ff 00 87 
libspdm_send_spdm_request[0] msg SPDM_GET_MEASUREMENTS(0xe0), size (0xc): 
0000: 13 e0 00 87 aa bb cc dd ee ff 00 87 
Platform port Transmit command: 00 00 00 01 
Platform port Transmit transport_type: 00 00 00 01 
Platform port Transmit size: 00 00 00 0d 
Platform port Transmit buffer:
    05 13 e0 00 87 aa bb cc dd ee ff 00 87 
Platform port Receive command: 00 00 00 01 
Platform port Receive transport_type: 00 00 00 01 
Platform port Receive size: 00 00 00 05 
Platform port Receive buffer:
    05 13 7f 01 00 
libspdm_receive_spdm_response[0] msg SPDM_ERROR(0x7f), size (0x4): 
0000: 13 7f 01 00 
index - 0x88
RequesterContext - aa bb cc dd ee ff 00 88 
libspdm_send_spdm_request[0] msg SPDM_GET_MEASUREMENTS(0xe0), size (0xc): 
0000: 13 e0 00 88 aa bb cc dd ee ff 00 88 
Platform port Transmit command: 00 00 00 01 
Platform port Transmit transport_type: 00 00 00 01 
Platform port Transmit size: 00 00 00 0d 
Platform port Transmit buffer:
    05 13 e0 00 88 aa bb cc dd ee ff 00 88 
Platform port Receive command: 00 00 00 01 
Platform port Receive transport_type: 00 00 00 01 
Platform port Receive size: 00 00 00 05 
Platform port Receive buffer:
    05 13 7f 01 00 
libspdm_receive_spdm_response[0] msg SPDM_ERROR(0x7f), size (0x4): 
0000: 13 7f 01 00 
index - 0x89
RequesterContext - aa bb cc dd ee ff 00 89 
libspdm_send_spdm_request[0] msg SPDM_GET_MEASUREMENTS(0xe0), size (0xc): 
0000: 13 e0 00 89 aa bb cc dd ee ff 00 89 
Platform port Transmit command: 00 00 00 01 
Platform port Transmit transport_type: 00 00 00 01 
Platform port Transmit size: 00 00 00 0d 
Platform port Transmit buffer:
    05 13 e0 00 89 aa bb cc dd ee ff 00 89 
Platform port Receive command: 00 00 00 01 
Platform port Receive transport_type: 00 00 00 01 
Platform port Receive size: 00 00 00 05 
Platform port Receive buffer:
    05 13 7f 01 00 
libspdm_receive_spdm_response[0] msg SPDM_ERROR(0x7f), size (0x4): 
0000: 13 7f 01 00 
index - 0x8a
RequesterContext - aa bb cc dd ee ff 00 8a 
libspdm_send_spdm_request[0] msg SPDM_GET_MEASUREMENTS(0xe0), size (0xc): 
0000: 13 e0 00 8a aa bb cc dd ee ff 00 8a 
Platform port Transmit command: 00 00 00 01 
Platform port Transmit transport_type: 00 00 00 01 
Platform port Transmit size: 00 00 00 0d 
Platform port Transmit buffer:
    05 13 e0 00 8a aa bb cc dd ee ff 00 8a 
Platform port Receive command: 00 00 00 01 
Platform port Receive transport_type: 00 00 00 01 
Platform port Receive size: 00 00 00 05 
Platform port Receive buffer:
    05 13 7f 01 00 
libspdm_receive_spdm_response[0] msg SPDM_ERROR(0x7f), size (0x4): 
0000: 13 7f 01 00 
index - 0x8b
RequesterContext - aa bb cc dd ee ff 00 8b 
libspdm_send_spdm_request[0] msg SPDM_GET_MEASUREMENTS(0xe0), size (0xc): 
0000: 13 e0 00 8b aa bb cc dd ee ff 00 8b 
Platform port Transmit command: 00 00 00 01 
Platform port Transmit transport_type: 00 00 00 01 
Platform port Transmit size: 00 00 00 0d 
Platform port Transmit buffer:
    05 13 e0 00 8b aa bb cc dd ee ff 00 8b 
Platform port Receive command: 00 00 00 01 
Platform port Receive transport_type: 00 00 00 01 
Platform port Receive size: 00 00 00 05 
Platform port Receive buffer:
    05 13 7f 01 00 
libspdm_receive_spdm_response[0] msg SPDM_ERROR(0x7f), size (0x4): 
0000: 13 7f 01 00 
index - 0x8c
RequesterContext - aa bb cc dd ee ff 00 8c 
libspdm_send_spdm_request[0] msg SPDM_GET_MEASUREMENTS(0xe0), size (0xc): 
0000: 13 e0 00 8c aa bb cc dd ee ff 00 8c 
Platform port Transmit command: 00 00 00 01 
Platform port Transmit transport_type: 00 00 00 01 
Platform port Transmit size: 00 00 00 0d 
Platform port Transmit buffer:
    05 13 e0 00 8c aa bb cc dd ee ff 00 8c 
Platform port Receive command: 00 00 00 01 
Platform port Receive transport_type: 00 00 00 01 
Platform port Receive size: 00 00 00 05 
Platform port Receive buffer:
    05 13 7f 01 00 
libspdm_receive_spdm_response[0] msg SPDM_ERROR(0x7f), size (0x4): 
0000: 13 7f 01 00 
index - 0x8d
RequesterContext - aa bb cc dd ee ff 00 8d 
libspdm_send_spdm_request[0] msg SPDM_GET_MEASUREMENTS(0xe0), size (0xc): 
0000: 13 e0 00 8d aa bb cc dd ee ff 00 8d 
Platform port Transmit command: 00 00 00 01 
Platform port Transmit transport_type: 00 00 00 01 
Platform port Transmit size: 00 00 00 0d 
Platform port Transmit buffer:
    05 13 e0 00 8d aa bb cc dd ee ff 00 8d 
Platform port Receive command: 00 00 00 01 
Platform port Receive transport_type: 00 00 00 01 
Platform port Receive size: 00 00 00 05 
Platform port Receive buffer:
    05 13 7f 01 00 
libspdm_receive_spdm_response[0] msg SPDM_ERROR(0x7f), size (0x4): 
0000: 13 7f 01 00 
index - 0x8e
RequesterContext - aa bb cc dd ee ff 00 8e 
libspdm_send_spdm_request[0] msg SPDM_GET_MEASUREMENTS(0xe0), size (0xc): 
0000: 13 e0 00 8e aa bb cc dd ee ff 00 8e 
Platform port Transmit command: 00 00 00 01 
Platform port Transmit transport_type: 00 00 00 01 
Platform port Transmit size: 00 00 00 0d 
Platform port Transmit buffer:
    05 13 e0 00 8e aa bb cc dd ee ff 00 8e 
Platform port Receive command: 00 00 00 01 
Platform port Receive transport_type: 00 00 00 01 
Platform port Receive size: 00 00 00 05 
Platform port Receive buffer:
    05 13 7f 01 00 
libspdm_receive_spdm_response[0] msg SPDM_ERROR(0x7f), size (0x4): 
0000: 13 7f 01 00 
index - 0x8f
RequesterContext - aa bb cc dd ee ff 00 8f 
libspdm_send_spdm_request[0] msg SPDM_GET_MEASUREMENTS(0xe0), size (0xc): 
0000: 13 e0 00 8f aa bb cc dd ee ff 00 8f 
Platform port Transmit command: 00 00 00 01 
Platform port Transmit transport_type: 00 00 00 01 
Platform port Transmit size: 00 00 00 0d 
Platform port Transmit buffer:
    05 13 e0 00 8f aa bb cc dd ee ff 00 8f 
Platform port Receive command: 00 00 00 01 
Platform port Receive transport_type: 00 00 00 01 
Platform port Receive size: 00 00 00 05 
Platform port Receive buffer:
    05 13 7f 01 00 
libspdm_receive_spdm_response[0] msg SPDM_ERROR(0x7f), size (0x4): 
0000: 13 7f 01 00 
index - 0x90
RequesterContext - aa bb cc dd ee ff 00 90 
libspdm_send_spdm_request[0] msg SPDM_GET_MEASUREMENTS(0xe0), size (0xc): 
0000: 13 e0 00 90 aa bb cc dd ee ff 00 90 
Platform port Transmit command: 00 00 00 01 
Platform port Transmit transport_type: 00 00 00 01 
Platform port Transmit size: 00 00 00 0d 
Platform port Transmit buffer:
    05 13 e0 00 90 aa bb cc dd ee ff 00 90 
Platform port Receive command: 00 00 00 01 
Platform port Receive transport_type: 00 00 00 01 
Platform port Receive size: 00 00 00 05 
Platform port Receive buffer:
    05 13 7f 01 00 
libspdm_receive_spdm_response[0] msg SPDM_ERROR(0x7f), size (0x4): 
0000: 13 7f 01 00 
index - 0x91
RequesterContext - aa bb cc dd ee ff 00 91 
libspdm_send_spdm_request[0] msg SPDM_GET_MEASUREMENTS(0xe0), size (0xc): 
0000: 13 e0 00 91 aa bb cc dd ee ff 00 91 
Platform port Transmit command: 00 00 00 01 
Platform port Transmit transport_type: 00 00 00 01 
Platform port Transmit size: 00 00 00 0d 
Platform port Transmit buffer:
    05 13 e0 00 91 aa bb cc dd ee ff 00 91 
Platform port Receive command: 00 00 00 01 
Platform port Receive transport_type: 00 00 00 01 
Platform port Receive size: 00 00 00 05 
Platform port Receive buffer:
    05 13 7f 01 00 
libspdm_receive_spdm_response[0] msg SPDM_ERROR(0x7f), size (0x4): 
0000: 13 7f 01 00 
index - 0x92
RequesterContext - aa bb cc dd ee ff 00 92 
libspdm_send_spdm_request[0] msg SPDM_GET_MEASUREMENTS(0xe0), size (0xc): 
0000: 13 e0 00 92 aa bb cc dd ee ff 00 92 
Platform port Transmit command: 00 00 00 01 
Platform port Transmit transport_type: 00 00 00 01 
Platform port Transmit size: 00 00 00 0d 
Platform port Transmit buffer:
    05 13 e0 00 92 aa bb cc dd ee ff 00 92 
Platform port Receive command: 00 00 00 01 
Platform port Receive transport_type: 00 00 00 01 
Platform port Receive size: 00 00 00 05 
Platform port Receive buffer:
    05 13 7f 01 00 
libspdm_receive_spdm_response[0] msg SPDM_ERROR(0x7f), size (0x4): 
0000: 13 7f 01 00 
index - 0x93
RequesterContext - aa bb cc dd ee ff 00 93 
libspdm_send_spdm_request[0] msg SPDM_GET_MEASUREMENTS(0xe0), size (0xc): 
0000: 13 e0 00 93 aa bb cc dd ee ff 00 93 
Platform port Transmit command: 00 00 00 01 
Platform port Transmit transport_type: 00 00 00 01 
Platform port Transmit size: 00 00 00 0d 
Platform port Transmit buffer:
    05 13 e0 00 93 aa bb cc dd ee ff 00 93 
Platform port Receive command: 00 00 00 01 
Platform port Receive transport_type: 00 00 00 01 
Platform port Receive size: 00 00 00 05 
Platform port Receive buffer:
    05 13 7f 01 00 
libspdm_receive_spdm_response[0] msg SPDM_ERROR(0x7f), size (0x4): 
0000: 13 7f 01 00 
index - 0x94
RequesterContext - aa bb cc dd ee ff 00 94 
libspdm_send_spdm_request[0] msg SPDM_GET_MEASUREMENTS(0xe0), size (0xc): 
0000: 13 e0 00 94 aa bb cc dd ee ff 00 94 
Platform port Transmit command: 00 00 00 01 
Platform port Transmit transport_type: 00 00 00 01 
Platform port Transmit size: 00 00 00 0d 
Platform port Transmit buffer:
    05 13 e0 00 94 aa bb cc dd ee ff 00 94 
Platform port Receive command: 00 00 00 01 
Platform port Receive transport_type: 00 00 00 01 
Platform port Receive size: 00 00 00 05 
Platform port Receive buffer:
    05 13 7f 01 00 
libspdm_receive_spdm_response[0] msg SPDM_ERROR(0x7f), size (0x4): 
0000: 13 7f 01 00 
index - 0x95
RequesterContext - aa bb cc dd ee ff 00 95 
libspdm_send_spdm_request[0] msg SPDM_GET_MEASUREMENTS(0xe0), size (0xc): 
0000: 13 e0 00 95 aa bb cc dd ee ff 00 95 
Platform port Transmit command: 00 00 00 01 
Platform port Transmit transport_type: 00 00 00 01 
Platform port Transmit size: 00 00 00 0d 
Platform port Transmit buffer:
    05 13 e0 00 95 aa bb cc dd ee ff 00 95 
Platform port Receive command: 00 00 00 01 
Platform port Receive transport_type: 00 00 00 01 
Platform port Receive size: 00 00 00 05 
Platform port Receive buffer:
    05 13 7f 01 00 
libspdm_receive_spdm_response[0] msg SPDM_ERROR(0x7f), size (0x4): 
0000: 13 7f 01 00 
index - 0x96
RequesterContext - aa bb cc dd ee ff 00 96 
libspdm_send_spdm_request[0] msg SPDM_GET_MEASUREMENTS(0xe0), size (0xc): 
0000: 13 e0 00 96 aa bb cc dd ee ff 00 96 
Platform port Transmit command: 00 00 00 01 
Platform port Transmit transport_type: 00 00 00 01 
Platform port Transmit size: 00 00 00 0d 
Platform port Transmit buffer:
    05 13 e0 00 96 aa bb cc dd ee ff 00 96 
Platform port Receive command: 00 00 00 01 
Platform port Receive transport_type: 00 00 00 01 
Platform port Receive size: 00 00 00 05 
Platform port Receive buffer:
    05 13 7f 01 00 
libspdm_receive_spdm_response[0] msg SPDM_ERROR(0x7f), size (0x4): 
0000: 13 7f 01 00 
index - 0x97
RequesterContext - aa bb cc dd ee ff 00 97 
libspdm_send_spdm_request[0] msg SPDM_GET_MEASUREMENTS(0xe0), size (0xc): 
0000: 13 e0 00 97 aa bb cc dd ee ff 00 97 
Platform port Transmit command: 00 00 00 01 
Platform port Transmit transport_type: 00 00 00 01 
Platform port Transmit size: 00 00 00 0d 
Platform port Transmit buffer:
    05 13 e0 00 97 aa bb cc dd ee ff 00 97 
Platform port Receive command: 00 00 00 01 
Platform port Receive transport_type: 00 00 00 01 
Platform port Receive size: 00 00 00 05 
Platform port Receive buffer:
    05 13 7f 01 00 
libspdm_receive_spdm_response[0] msg SPDM_ERROR(0x7f), size (0x4): 
0000: 13 7f 01 00 
index - 0x98
RequesterContext - aa bb cc dd ee ff 00 98 
libspdm_send_spdm_request[0] msg SPDM_GET_MEASUREMENTS(0xe0), size (0xc): 
0000: 13 e0 00 98 aa bb cc dd ee ff 00 98 
Platform port Transmit command: 00 00 00 01 
Platform port Transmit transport_type: 00 00 00 01 
Platform port Transmit size: 00 00 00 0d 
Platform port Transmit buffer:
    05 13 e0 00 98 aa bb cc dd ee ff 00 98 
Platform port Receive command: 00 00 00 01 
Platform port Receive transport_type: 00 00 00 01 
Platform port Receive size: 00 00 00 05 
Platform port Receive buffer:
    05 13 7f 01 00 
libspdm_receive_spdm_response[0] msg SPDM_ERROR(0x7f), size (0x4): 
0000: 13 7f 01 00 
index - 0x99
RequesterContext - aa bb cc dd ee ff 00 99 
libspdm_send_spdm_request[0] msg SPDM_GET_MEASUREMENTS(0xe0), size (0xc): 
0000: 13 e0 00 99 aa bb cc dd ee ff 00 99 
Platform port Transmit command: 00 00 00 01 
Platform port Transmit transport_type: 00 00 00 01 
Platform port Transmit size: 00 00 00 0d 
Platform port Transmit buffer:
    05 13 e0 00 99 aa bb cc dd ee ff 00 99 
Platform port Receive command: 00 00 00 01 
Platform port Receive transport_type: 00 00 00 01 
Platform port Receive size: 00 00 00 05 
Platform port Receive buffer:
    05 13 7f 01 00 
libspdm_receive_spdm_response[0] msg SPDM_ERROR(0x7f), size (0x4): 
0000: 13 7f 01 00 
index - 0x9a
RequesterContext - aa bb cc dd ee ff 00 9a 
libspdm_send_spdm_request[0] msg SPDM_GET_MEASUREMENTS(0xe0), size (0xc): 
0000: 13 e0 00 9a aa bb cc dd ee ff 00 9a 
Platform port Transmit command: 00 00 00 01 
Platform port Transmit transport_type: 00 00 00 01 
Platform port Transmit size: 00 00 00 0d 
Platform port Transmit buffer:
    05 13 e0 00 9a aa bb cc dd ee ff 00 9a 
Platform port Receive command: 00 00 00 01 
Platform port Receive transport_type: 00 00 00 01 
Platform port Receive size: 00 00 00 05 
Platform port Receive buffer:
    05 13 7f 01 00 
libspdm_receive_spdm_response[0] msg SPDM_ERROR(0x7f), size (0x4): 
0000: 13 7f 01 00 
index - 0x9b
RequesterContext - aa bb cc dd ee ff 00 9b 
libspdm_send_spdm_request[0] msg SPDM_GET_MEASUREMENTS(0xe0), size (0xc): 
0000: 13 e0 00 9b aa bb cc dd ee ff 00 9b 
Platform port Transmit command: 00 00 00 01 
Platform port Transmit transport_type: 00 00 00 01 
Platform port Transmit size: 00 00 00 0d 
Platform port Transmit buffer:
    05 13 e0 00 9b aa bb cc dd ee ff 00 9b 
Platform port Receive command: 00 00 00 01 
Platform port Receive transport_type: 00 00 00 01 
Platform port Receive size: 00 00 00 05 
Platform port Receive buffer:
    05 13 7f 01 00 
libspdm_receive_spdm_response[0] msg SPDM_ERROR(0x7f), size (0x4): 
0000: 13 7f 01 00 
index - 0x9c
RequesterContext - aa bb cc dd ee ff 00 9c 
libspdm_send_spdm_request[0] msg SPDM_GET_MEASUREMENTS(0xe0), size (0xc): 
0000: 13 e0 00 9c aa bb cc dd ee ff 00 9c 
Platform port Transmit command: 00 00 00 01 
Platform port Transmit transport_type: 00 00 00 01 
Platform port Transmit size: 00 00 00 0d 
Platform port Transmit buffer:
    05 13 e0 00 9c aa bb cc dd ee ff 00 9c 
Platform port Receive command: 00 00 00 01 
Platform port Receive transport_type: 00 00 00 01 
Platform port Receive size: 00 00 00 05 
Platform port Receive buffer:
    05 13 7f 01 00 
libspdm_receive_spdm_response[0] msg SPDM_ERROR(0x7f), size (0x4): 
0000: 13 7f 01 00 
index - 0x9d
RequesterContext - aa bb cc dd ee ff 00 9d 
libspdm_send_spdm_request[0] msg SPDM_GET_MEASUREMENTS(0xe0), size (0xc): 
0000: 13 e0 00 9d aa bb cc dd ee ff 00 9d 
Platform port Transmit command: 00 00 00 01 
Platform port Transmit transport_type: 00 00 00 01 
Platform port Transmit size: 00 00 00 0d 
Platform port Transmit buffer:
    05 13 e0 00 9d aa bb cc dd ee ff 00 9d 
Platform port Receive command: 00 00 00 01 
Platform port Receive transport_type: 00 00 00 01 
Platform port Receive size: 00 00 00 05 
Platform port Receive buffer:
    05 13 7f 01 00 
libspdm_receive_spdm_response[0] msg SPDM_ERROR(0x7f), size (0x4): 
0000: 13 7f 01 00 
index - 0x9e
RequesterContext - aa bb cc dd ee ff 00 9e 
libspdm_send_spdm_request[0] msg SPDM_GET_MEASUREMENTS(0xe0), size (0xc): 
0000: 13 e0 00 9e aa bb cc dd ee ff 00 9e 
Platform port Transmit command: 00 00 00 01 
Platform port Transmit transport_type: 00 00 00 01 
Platform port Transmit size: 00 00 00 0d 
Platform port Transmit buffer:
    05 13 e0 00 9e aa bb cc dd ee ff 00 9e 
Platform port Receive command: 00 00 00 01 
Platform port Receive transport_type: 00 00 00 01 
Platform port Receive size: 00 00 00 05 
Platform port Receive buffer:
    05 13 7f 01 00 
libspdm_receive_spdm_response[0] msg SPDM_ERROR(0x7f), size (0x4): 
0000: 13 7f 01 00 
index - 0x9f
RequesterContext - aa bb cc dd ee ff 00 9f 
libspdm_send_spdm_request[0] msg SPDM_GET_MEASUREMENTS(0xe0), size (0xc): 
0000: 13 e0 00 9f aa bb cc dd ee ff 00 9f 
Platform port Transmit command: 00 00 00 01 
Platform port Transmit transport_type: 00 00 00 01 
Platform port Transmit size: 00 00 00 0d 
Platform port Transmit buffer:
    05 13 e0 00 9f aa bb cc dd ee ff 00 9f 
Platform port Receive command: 00 00 00 01 
Platform port Receive transport_type: 00 00 00 01 
Platform port Receive size: 00 00 00 05 
Platform port Receive buffer:
    05 13 7f 01 00 
libspdm_receive_spdm_response[0] msg SPDM_ERROR(0x7f), size (0x4): 
0000: 13 7f 01 00 
index - 0xa0
RequesterContext - aa bb cc dd ee ff 00 a0 
libspdm_send_spdm_request[0] msg SPDM_GET_MEASUREMENTS(0xe0), size (0xc): 
0000: 13 e0 00 a0 aa bb cc dd ee ff 00 a0 
Platform port Transmit command: 00 00 00 01 
Platform port Transmit transport_type: 00 00 00 01 
Platform port Transmit size: 00 00 00 0d 
Platform port Transmit buffer:
    05 13 e0 00 a0 aa bb cc dd ee ff 00 a0 
Platform port Receive command: 00 00 00 01 
Platform port Receive transport_type: 00 00 00 01 
Platform port Receive size: 00 00 00 05 
Platform port Receive buffer:
    05 13 7f 01 00 
libspdm_receive_spdm_response[0] msg SPDM_ERROR(0x7f), size (0x4): 
0000: 13 7f 01 00 
index - 0xa1
RequesterContext - aa bb cc dd ee ff 00 a1 
libspdm_send_spdm_request[0] msg SPDM_GET_MEASUREMENTS(0xe0), size (0xc): 
0000: 13 e0 00 a1 aa bb cc dd ee ff 00 a1 
Platform port Transmit command: 00 00 00 01 
Platform port Transmit transport_type: 00 00 00 01 
Platform port Transmit size: 00 00 00 0d 
Platform port Transmit buffer:
    05 13 e0 00 a1 aa bb cc dd ee ff 00 a1 
Platform port Receive command: 00 00 00 01 
Platform port Receive transport_type: 00 00 00 01 
Platform port Receive size: 00 00 00 05 
Platform port Receive buffer:
    05 13 7f 01 00 
libspdm_receive_spdm_response[0] msg SPDM_ERROR(0x7f), size (0x4): 
0000: 13 7f 01 00 
index - 0xa2
RequesterContext - aa bb cc dd ee ff 00 a2 
libspdm_send_spdm_request[0] msg SPDM_GET_MEASUREMENTS(0xe0), size (0xc): 
0000: 13 e0 00 a2 aa bb cc dd ee ff 00 a2 
Platform port Transmit command: 00 00 00 01 
Platform port Transmit transport_type: 00 00 00 01 
Platform port Transmit size: 00 00 00 0d 
Platform port Transmit buffer:
    05 13 e0 00 a2 aa bb cc dd ee ff 00 a2 
Platform port Receive command: 00 00 00 01 
Platform port Receive transport_type: 00 00 00 01 
Platform port Receive size: 00 00 00 05 
Platform port Receive buffer:
    05 13 7f 01 00 
libspdm_receive_spdm_response[0] msg SPDM_ERROR(0x7f), size (0x4): 
0000: 13 7f 01 00 
index - 0xa3
RequesterContext - aa bb cc dd ee ff 00 a3 
libspdm_send_spdm_request[0] msg SPDM_GET_MEASUREMENTS(0xe0), size (0xc): 
0000: 13 e0 00 a3 aa bb cc dd ee ff 00 a3 
Platform port Transmit command: 00 00 00 01 
Platform port Transmit transport_type: 00 00 00 01 
Platform port Transmit size: 00 00 00 0d 
Platform port Transmit buffer:
    05 13 e0 00 a3 aa bb cc dd ee ff 00 a3 
Platform port Receive command: 00 00 00 01 
Platform port Receive transport_type: 00 00 00 01 
Platform port Receive size: 00 00 00 05 
Platform port Receive buffer:
    05 13 7f 01 00 
libspdm_receive_spdm_response[0] msg SPDM_ERROR(0x7f), size (0x4): 
0000: 13 7f 01 00 
index - 0xa4
RequesterContext - aa bb cc dd ee ff 00 a4 
libspdm_send_spdm_request[0] msg SPDM_GET_MEASUREMENTS(0xe0), size (0xc): 
0000: 13 e0 00 a4 aa bb cc dd ee ff 00 a4 
Platform port Transmit command: 00 00 00 01 
Platform port Transmit transport_type: 00 00 00 01 
Platform port Transmit size: 00 00 00 0d 
Platform port Transmit buffer:
    05 13 e0 00 a4 aa bb cc dd ee ff 00 a4 
Platform port Receive command: 00 00 00 01 
Platform port Receive transport_type: 00 00 00 01 
Platform port Receive size: 00 00 00 05 
Platform port Receive buffer:
    05 13 7f 01 00 
libspdm_receive_spdm_response[0] msg SPDM_ERROR(0x7f), size (0x4): 
0000: 13 7f 01 00 
index - 0xa5
RequesterContext - aa bb cc dd ee ff 00 a5 
libspdm_send_spdm_request[0] msg SPDM_GET_MEASUREMENTS(0xe0), size (0xc): 
0000: 13 e0 00 a5 aa bb cc dd ee ff 00 a5 
Platform port Transmit command: 00 00 00 01 
Platform port Transmit transport_type: 00 00 00 01 
Platform port Transmit size: 00 00 00 0d 
Platform port Transmit buffer:
    05 13 e0 00 a5 aa bb cc dd ee ff 00 a5 
Platform port Receive command: 00 00 00 01 
Platform port Receive transport_type: 00 00 00 01 
Platform port Receive size: 00 00 00 05 
Platform port Receive buffer:
    05 13 7f 01 00 
libspdm_receive_spdm_response[0] msg SPDM_ERROR(0x7f), size (0x4): 
0000: 13 7f 01 00 
index - 0xa6
RequesterContext - aa bb cc dd ee ff 00 a6 
libspdm_send_spdm_request[0] msg SPDM_GET_MEASUREMENTS(0xe0), size (0xc): 
0000: 13 e0 00 a6 aa bb cc dd ee ff 00 a6 
Platform port Transmit command: 00 00 00 01 
Platform port Transmit transport_type: 00 00 00 01 
Platform port Transmit size: 00 00 00 0d 
Platform port Transmit buffer:
    05 13 e0 00 a6 aa bb cc dd ee ff 00 a6 
Platform port Receive command: 00 00 00 01 
Platform port Receive transport_type: 00 00 00 01 
Platform port Receive size: 00 00 00 05 
Platform port Receive buffer:
    05 13 7f 01 00 
libspdm_receive_spdm_response[0] msg SPDM_ERROR(0x7f), size (0x4): 
0000: 13 7f 01 00 
index - 0xa7
RequesterContext - aa bb cc dd ee ff 00 a7 
libspdm_send_spdm_request[0] msg SPDM_GET_MEASUREMENTS(0xe0), size (0xc): 
0000: 13 e0 00 a7 aa bb cc dd ee ff 00 a7 
Platform port Transmit command: 00 00 00 01 
Platform port Transmit transport_type: 00 00 00 01 
Platform port Transmit size: 00 00 00 0d 
Platform port Transmit buffer:
    05 13 e0 00 a7 aa bb cc dd ee ff 00 a7 
Platform port Receive command: 00 00 00 01 
Platform port Receive transport_type: 00 00 00 01 
Platform port Receive size: 00 00 00 05 
Platform port Receive buffer:
    05 13 7f 01 00 
libspdm_receive_spdm_response[0] msg SPDM_ERROR(0x7f), size (0x4): 
0000: 13 7f 01 00 
index - 0xa8
RequesterContext - aa bb cc dd ee ff 00 a8 
libspdm_send_spdm_request[0] msg SPDM_GET_MEASUREMENTS(0xe0), size (0xc): 
0000: 13 e0 00 a8 aa bb cc dd ee ff 00 a8 
Platform port Transmit command: 00 00 00 01 
Platform port Transmit transport_type: 00 00 00 01 
Platform port Transmit size: 00 00 00 0d 
Platform port Transmit buffer:
    05 13 e0 00 a8 aa bb cc dd ee ff 00 a8 
Platform port Receive command: 00 00 00 01 
Platform port Receive transport_type: 00 00 00 01 
Platform port Receive size: 00 00 00 05 
Platform port Receive buffer:
    05 13 7f 01 00 
libspdm_receive_spdm_response[0] msg SPDM_ERROR(0x7f), size (0x4): 
0000: 13 7f 01 00 
index - 0xa9
RequesterContext - aa bb cc dd ee ff 00 a9 
libspdm_send_spdm_request[0] msg SPDM_GET_MEASUREMENTS(0xe0), size (0xc): 
0000: 13 e0 00 a9 aa bb cc dd ee ff 00 a9 
Platform port Transmit command: 00 00 00 01 
Platform port Transmit transport_type: 00 00 00 01 
Platform port Transmit size: 00 00 00 0d 
Platform port Transmit buffer:
    05 13 e0 00 a9 aa bb cc dd ee ff 00 a9 
Platform port Receive command: 00 00 00 01 
Platform port Receive transport_type: 00 00 00 01 
Platform port Receive size: 00 00 00 05 
Platform port Receive buffer:
    05 13 7f 01 00 
libspdm_receive_spdm_response[0] msg SPDM_ERROR(0x7f), size (0x4): 
0000: 13 7f 01 00 
index - 0xaa
RequesterContext - aa bb cc dd ee ff 00 aa 
libspdm_send_spdm_request[0] msg SPDM_GET_MEASUREMENTS(0xe0), size (0xc): 
0000: 13 e0 00 aa aa bb cc dd ee ff 00 aa 
Platform port Transmit command: 00 00 00 01 
Platform port Transmit transport_type: 00 00 00 01 
Platform port Transmit size: 00 00 00 0d 
Platform port Transmit buffer:
    05 13 e0 00 aa aa bb cc dd ee ff 00 aa 
Platform port Receive command: 00 00 00 01 
Platform port Receive transport_type: 00 00 00 01 
Platform port Receive size: 00 00 00 05 
Platform port Receive buffer:
    05 13 7f 01 00 
libspdm_receive_spdm_response[0] msg SPDM_ERROR(0x7f), size (0x4): 
0000: 13 7f 01 00 
index - 0xab
RequesterContext - aa bb cc dd ee ff 00 ab 
libspdm_send_spdm_request[0] msg SPDM_GET_MEASUREMENTS(0xe0), size (0xc): 
0000: 13 e0 00 ab aa bb cc dd ee ff 00 ab 
Platform port Transmit command: 00 00 00 01 
Platform port Transmit transport_type: 00 00 00 01 
Platform port Transmit size: 00 00 00 0d 
Platform port Transmit buffer:
    05 13 e0 00 ab aa bb cc dd ee ff 00 ab 
Platform port Receive command: 00 00 00 01 
Platform port Receive transport_type: 00 00 00 01 
Platform port Receive size: 00 00 00 05 
Platform port Receive buffer:
    05 13 7f 01 00 
libspdm_receive_spdm_response[0] msg SPDM_ERROR(0x7f), size (0x4): 
0000: 13 7f 01 00 
index - 0xac
RequesterContext - aa bb cc dd ee ff 00 ac 
libspdm_send_spdm_request[0] msg SPDM_GET_MEASUREMENTS(0xe0), size (0xc): 
0000: 13 e0 00 ac aa bb cc dd ee ff 00 ac 
Platform port Transmit command: 00 00 00 01 
Platform port Transmit transport_type: 00 00 00 01 
Platform port Transmit size: 00 00 00 0d 
Platform port Transmit buffer:
    05 13 e0 00 ac aa bb cc dd ee ff 00 ac 
Platform port Receive command: 00 00 00 01 
Platform port Receive transport_type: 00 00 00 01 
Platform port Receive size: 00 00 00 05 
Platform port Receive buffer:
    05 13 7f 01 00 
libspdm_receive_spdm_response[0] msg SPDM_ERROR(0x7f), size (0x4): 
0000: 13 7f 01 00 
index - 0xad
RequesterContext - aa bb cc dd ee ff 00 ad 
libspdm_send_spdm_request[0] msg SPDM_GET_MEASUREMENTS(0xe0), size (0xc): 
0000: 13 e0 00 ad aa bb cc dd ee ff 00 ad 
Platform port Transmit command: 00 00 00 01 
Platform port Transmit transport_type: 00 00 00 01 
Platform port Transmit size: 00 00 00 0d 
Platform port Transmit buffer:
    05 13 e0 00 ad aa bb cc dd ee ff 00 ad 
Platform port Receive command: 00 00 00 01 
Platform port Receive transport_type: 00 00 00 01 
Platform port Receive size: 00 00 00 05 
Platform port Receive buffer:
    05 13 7f 01 00 
libspdm_receive_spdm_response[0] msg SPDM_ERROR(0x7f), size (0x4): 
0000: 13 7f 01 00 
index - 0xae
RequesterContext - aa bb cc dd ee ff 00 ae 
libspdm_send_spdm_request[0] msg SPDM_GET_MEASUREMENTS(0xe0), size (0xc): 
0000: 13 e0 00 ae aa bb cc dd ee ff 00 ae 
Platform port Transmit command: 00 00 00 01 
Platform port Transmit transport_type: 00 00 00 01 
Platform port Transmit size: 00 00 00 0d 
Platform port Transmit buffer:
    05 13 e0 00 ae aa bb cc dd ee ff 00 ae 
Platform port Receive command: 00 00 00 01 
Platform port Receive transport_type: 00 00 00 01 
Platform port Receive size: 00 00 00 05 
Platform port Receive buffer:
    05 13 7f 01 00 
libspdm_receive_spdm_response[0] msg SPDM_ERROR(0x7f), size (0x4): 
0000: 13 7f 01 00 
index - 0xaf
RequesterContext - aa bb cc dd ee ff 00 af 
libspdm_send_spdm_request[0] msg SPDM_GET_MEASUREMENTS(0xe0), size (0xc): 
0000: 13 e0 00 af aa bb cc dd ee ff 00 af 
Platform port Transmit command: 00 00 00 01 
Platform port Transmit transport_type: 00 00 00 01 
Platform port Transmit size: 00 00 00 0d 
Platform port Transmit buffer:
    05 13 e0 00 af aa bb cc dd ee ff 00 af 
Platform port Receive command: 00 00 00 01 
Platform port Receive transport_type: 00 00 00 01 
Platform port Receive size: 00 00 00 05 
Platform port Receive buffer:
    05 13 7f 01 00 
libspdm_receive_spdm_response[0] msg SPDM_ERROR(0x7f), size (0x4): 
0000: 13 7f 01 00 
index - 0xb0
RequesterContext - aa bb cc dd ee ff 00 b0 
libspdm_send_spdm_request[0] msg SPDM_GET_MEASUREMENTS(0xe0), size (0xc): 
0000: 13 e0 00 b0 aa bb cc dd ee ff 00 b0 
Platform port Transmit command: 00 00 00 01 
Platform port Transmit transport_type: 00 00 00 01 
Platform port Transmit size: 00 00 00 0d 
Platform port Transmit buffer:
    05 13 e0 00 b0 aa bb cc dd ee ff 00 b0 
Platform port Receive command: 00 00 00 01 
Platform port Receive transport_type: 00 00 00 01 
Platform port Receive size: 00 00 00 05 
Platform port Receive buffer:
    05 13 7f 01 00 
libspdm_receive_spdm_response[0] msg SPDM_ERROR(0x7f), size (0x4): 
0000: 13 7f 01 00 
index - 0xb1
RequesterContext - aa bb cc dd ee ff 00 b1 
libspdm_send_spdm_request[0] msg SPDM_GET_MEASUREMENTS(0xe0), size (0xc): 
0000: 13 e0 00 b1 aa bb cc dd ee ff 00 b1 
Platform port Transmit command: 00 00 00 01 
Platform port Transmit transport_type: 00 00 00 01 
Platform port Transmit size: 00 00 00 0d 
Platform port Transmit buffer:
    05 13 e0 00 b1 aa bb cc dd ee ff 00 b1 
Platform port Receive command: 00 00 00 01 
Platform port Receive transport_type: 00 00 00 01 
Platform port Receive size: 00 00 00 05 
Platform port Receive buffer:
    05 13 7f 01 00 
libspdm_receive_spdm_response[0] msg SPDM_ERROR(0x7f), size (0x4): 
0000: 13 7f 01 00 
index - 0xb2
RequesterContext - aa bb cc dd ee ff 00 b2 
libspdm_send_spdm_request[0] msg SPDM_GET_MEASUREMENTS(0xe0), size (0xc): 
0000: 13 e0 00 b2 aa bb cc dd ee ff 00 b2 
Platform port Transmit command: 00 00 00 01 
Platform port Transmit transport_type: 00 00 00 01 
Platform port Transmit size: 00 00 00 0d 
Platform port Transmit buffer:
    05 13 e0 00 b2 aa bb cc dd ee ff 00 b2 
Platform port Receive command: 00 00 00 01 
Platform port Receive transport_type: 00 00 00 01 
Platform port Receive size: 00 00 00 05 
Platform port Receive buffer:
    05 13 7f 01 00 
libspdm_receive_spdm_response[0] msg SPDM_ERROR(0x7f), size (0x4): 
0000: 13 7f 01 00 
index - 0xb3
RequesterContext - aa bb cc dd ee ff 00 b3 
libspdm_send_spdm_request[0] msg SPDM_GET_MEASUREMENTS(0xe0), size (0xc): 
0000: 13 e0 00 b3 aa bb cc dd ee ff 00 b3 
Platform port Transmit command: 00 00 00 01 
Platform port Transmit transport_type: 00 00 00 01 
Platform port Transmit size: 00 00 00 0d 
Platform port Transmit buffer:
    05 13 e0 00 b3 aa bb cc dd ee ff 00 b3 
Platform port Receive command: 00 00 00 01 
Platform port Receive transport_type: 00 00 00 01 
Platform port Receive size: 00 00 00 05 
Platform port Receive buffer:
    05 13 7f 01 00 
libspdm_receive_spdm_response[0] msg SPDM_ERROR(0x7f), size (0x4): 
0000: 13 7f 01 00 
index - 0xb4
RequesterContext - aa bb cc dd ee ff 00 b4 
libspdm_send_spdm_request[0] msg SPDM_GET_MEASUREMENTS(0xe0), size (0xc): 
0000: 13 e0 00 b4 aa bb cc dd ee ff 00 b4 
Platform port Transmit command: 00 00 00 01 
Platform port Transmit transport_type: 00 00 00 01 
Platform port Transmit size: 00 00 00 0d 
Platform port Transmit buffer:
    05 13 e0 00 b4 aa bb cc dd ee ff 00 b4 
Platform port Receive command: 00 00 00 01 
Platform port Receive transport_type: 00 00 00 01 
Platform port Receive size: 00 00 00 05 
Platform port Receive buffer:
    05 13 7f 01 00 
libspdm_receive_spdm_response[0] msg SPDM_ERROR(0x7f), size (0x4): 
0000: 13 7f 01 00 
index - 0xb5
RequesterContext - aa bb cc dd ee ff 00 b5 
libspdm_send_spdm_request[0] msg SPDM_GET_MEASUREMENTS(0xe0), size (0xc): 
0000: 13 e0 00 b5 aa bb cc dd ee ff 00 b5 
Platform port Transmit command: 00 00 00 01 
Platform port Transmit transport_type: 00 00 00 01 
Platform port Transmit size: 00 00 00 0d 
Platform port Transmit buffer:
    05 13 e0 00 b5 aa bb cc dd ee ff 00 b5 
Platform port Receive command: 00 00 00 01 
Platform port Receive transport_type: 00 00 00 01 
Platform port Receive size: 00 00 00 05 
Platform port Receive buffer:
    05 13 7f 01 00 
libspdm_receive_spdm_response[0] msg SPDM_ERROR(0x7f), size (0x4): 
0000: 13 7f 01 00 
index - 0xb6
RequesterContext - aa bb cc dd ee ff 00 b6 
libspdm_send_spdm_request[0] msg SPDM_GET_MEASUREMENTS(0xe0), size (0xc): 
0000: 13 e0 00 b6 aa bb cc dd ee ff 00 b6 
Platform port Transmit command: 00 00 00 01 
Platform port Transmit transport_type: 00 00 00 01 
Platform port Transmit size: 00 00 00 0d 
Platform port Transmit buffer:
    05 13 e0 00 b6 aa bb cc dd ee ff 00 b6 
Platform port Receive command: 00 00 00 01 
Platform port Receive transport_type: 00 00 00 01 
Platform port Receive size: 00 00 00 05 
Platform port Receive buffer:
    05 13 7f 01 00 
libspdm_receive_spdm_response[0] msg SPDM_ERROR(0x7f), size (0x4): 
0000: 13 7f 01 00 
index - 0xb7
RequesterContext - aa bb cc dd ee ff 00 b7 
libspdm_send_spdm_request[0] msg SPDM_GET_MEASUREMENTS(0xe0), size (0xc): 
0000: 13 e0 00 b7 aa bb cc dd ee ff 00 b7 
Platform port Transmit command: 00 00 00 01 
Platform port Transmit transport_type: 00 00 00 01 
Platform port Transmit size: 00 00 00 0d 
Platform port Transmit buffer:
    05 13 e0 00 b7 aa bb cc dd ee ff 00 b7 
Platform port Receive command: 00 00 00 01 
Platform port Receive transport_type: 00 00 00 01 
Platform port Receive size: 00 00 00 05 
Platform port Receive buffer:
    05 13 7f 01 00 
libspdm_receive_spdm_response[0] msg SPDM_ERROR(0x7f), size (0x4): 
0000: 13 7f 01 00 
index - 0xb8
RequesterContext - aa bb cc dd ee ff 00 b8 
libspdm_send_spdm_request[0] msg SPDM_GET_MEASUREMENTS(0xe0), size (0xc): 
0000: 13 e0 00 b8 aa bb cc dd ee ff 00 b8 
Platform port Transmit command: 00 00 00 01 
Platform port Transmit transport_type: 00 00 00 01 
Platform port Transmit size: 00 00 00 0d 
Platform port Transmit buffer:
    05 13 e0 00 b8 aa bb cc dd ee ff 00 b8 
Platform port Receive command: 00 00 00 01 
Platform port Receive transport_type: 00 00 00 01 
Platform port Receive size: 00 00 00 05 
Platform port Receive buffer:
    05 13 7f 01 00 
libspdm_receive_spdm_response[0] msg SPDM_ERROR(0x7f), size (0x4): 
0000: 13 7f 01 00 
index - 0xb9
RequesterContext - aa bb cc dd ee ff 00 b9 
libspdm_send_spdm_request[0] msg SPDM_GET_MEASUREMENTS(0xe0), size (0xc): 
0000: 13 e0 00 b9 aa bb cc dd ee ff 00 b9 
Platform port Transmit command: 00 00 00 01 
Platform port Transmit transport_type: 00 00 00 01 
Platform port Transmit size: 00 00 00 0d 
Platform port Transmit buffer:
    05 13 e0 00 b9 aa bb cc dd ee ff 00 b9 
Platform port Receive command: 00 00 00 01 
Platform port Receive transport_type: 00 00 00 01 
Platform port Receive size: 00 00 00 05 
Platform port Receive buffer:
    05 13 7f 01 00 
libspdm_receive_spdm_response[0] msg SPDM_ERROR(0x7f), size (0x4): 
0000: 13 7f 01 00 
index - 0xba
RequesterContext - aa bb cc dd ee ff 00 ba 
libspdm_send_spdm_request[0] msg SPDM_GET_MEASUREMENTS(0xe0), size (0xc): 
0000: 13 e0 00 ba aa bb cc dd ee ff 00 ba 
Platform port Transmit command: 00 00 00 01 
Platform port Transmit transport_type: 00 00 00 01 
Platform port Transmit size: 00 00 00 0d 
Platform port Transmit buffer:
    05 13 e0 00 ba aa bb cc dd ee ff 00 ba 
Platform port Receive command: 00 00 00 01 
Platform port Receive transport_type: 00 00 00 01 
Platform port Receive size: 00 00 00 05 
Platform port Receive buffer:
    05 13 7f 01 00 
libspdm_receive_spdm_response[0] msg SPDM_ERROR(0x7f), size (0x4): 
0000: 13 7f 01 00 
index - 0xbb
RequesterContext - aa bb cc dd ee ff 00 bb 
libspdm_send_spdm_request[0] msg SPDM_GET_MEASUREMENTS(0xe0), size (0xc): 
0000: 13 e0 00 bb aa bb cc dd ee ff 00 bb 
Platform port Transmit command: 00 00 00 01 
Platform port Transmit transport_type: 00 00 00 01 
Platform port Transmit size: 00 00 00 0d 
Platform port Transmit buffer:
    05 13 e0 00 bb aa bb cc dd ee ff 00 bb 
Platform port Receive command: 00 00 00 01 
Platform port Receive transport_type: 00 00 00 01 
Platform port Receive size: 00 00 00 05 
Platform port Receive buffer:
    05 13 7f 01 00 
libspdm_receive_spdm_response[0] msg SPDM_ERROR(0x7f), size (0x4): 
0000: 13 7f 01 00 
index - 0xbc
RequesterContext - aa bb cc dd ee ff 00 bc 
libspdm_send_spdm_request[0] msg SPDM_GET_MEASUREMENTS(0xe0), size (0xc): 
0000: 13 e0 00 bc aa bb cc dd ee ff 00 bc 
Platform port Transmit command: 00 00 00 01 
Platform port Transmit transport_type: 00 00 00 01 
Platform port Transmit size: 00 00 00 0d 
Platform port Transmit buffer:
    05 13 e0 00 bc aa bb cc dd ee ff 00 bc 
Platform port Receive command: 00 00 00 01 
Platform port Receive transport_type: 00 00 00 01 
Platform port Receive size: 00 00 00 05 
Platform port Receive buffer:
    05 13 7f 01 00 
libspdm_receive_spdm_response[0] msg SPDM_ERROR(0x7f), size (0x4): 
0000: 13 7f 01 00 
index - 0xbd
RequesterContext - aa bb cc dd ee ff 00 bd 
libspdm_send_spdm_request[0] msg SPDM_GET_MEASUREMENTS(0xe0), size (0xc): 
0000: 13 e0 00 bd aa bb cc dd ee ff 00 bd 
Platform port Transmit command: 00 00 00 01 
Platform port Transmit transport_type: 00 00 00 01 
Platform port Transmit size: 00 00 00 0d 
Platform port Transmit buffer:
    05 13 e0 00 bd aa bb cc dd ee ff 00 bd 
Platform port Receive command: 00 00 00 01 
Platform port Receive transport_type: 00 00 00 01 
Platform port Receive size: 00 00 00 05 
Platform port Receive buffer:
    05 13 7f 01 00 
libspdm_receive_spdm_response[0] msg SPDM_ERROR(0x7f), size (0x4): 
0000: 13 7f 01 00 
index - 0xbe
RequesterContext - aa bb cc dd ee ff 00 be 
libspdm_send_spdm_request[0] msg SPDM_GET_MEASUREMENTS(0xe0), size (0xc): 
0000: 13 e0 00 be aa bb cc dd ee ff 00 be 
Platform port Transmit command: 00 00 00 01 
Platform port Transmit transport_type: 00 00 00 01 
Platform port Transmit size: 00 00 00 0d 
Platform port Transmit buffer:
    05 13 e0 00 be aa bb cc dd ee ff 00 be 
Platform port Receive command: 00 00 00 01 
Platform port Receive transport_type: 00 00 00 01 
Platform port Receive size: 00 00 00 05 
Platform port Receive buffer:
    05 13 7f 01 00 
libspdm_receive_spdm_response[0] msg SPDM_ERROR(0x7f), size (0x4): 
0000: 13 7f 01 00 
index - 0xbf
RequesterContext - aa bb cc dd ee ff 00 bf 
libspdm_send_spdm_request[0] msg SPDM_GET_MEASUREMENTS(0xe0), size (0xc): 
0000: 13 e0 00 bf aa bb cc dd ee ff 00 bf 
Platform port Transmit command: 00 00 00 01 
Platform port Transmit transport_type: 00 00 00 01 
Platform port Transmit size: 00 00 00 0d 
Platform port Transmit buffer:
    05 13 e0 00 bf aa bb cc dd ee ff 00 bf 
Platform port Receive command: 00 00 00 01 
Platform port Receive transport_type: 00 00 00 01 
Platform port Receive size: 00 00 00 05 
Platform port Receive buffer:
    05 13 7f 01 00 
libspdm_receive_spdm_response[0] msg SPDM_ERROR(0x7f), size (0x4): 
0000: 13 7f 01 00 
index - 0xc0
RequesterContext - aa bb cc dd ee ff 00 c0 
libspdm_send_spdm_request[0] msg SPDM_GET_MEASUREMENTS(0xe0), size (0xc): 
0000: 13 e0 00 c0 aa bb cc dd ee ff 00 c0 
Platform port Transmit command: 00 00 00 01 
Platform port Transmit transport_type: 00 00 00 01 
Platform port Transmit size: 00 00 00 0d 
Platform port Transmit buffer:
    05 13 e0 00 c0 aa bb cc dd ee ff 00 c0 
Platform port Receive command: 00 00 00 01 
Platform port Receive transport_type: 00 00 00 01 
Platform port Receive size: 00 00 00 05 
Platform port Receive buffer:
    05 13 7f 01 00 
libspdm_receive_spdm_response[0] msg SPDM_ERROR(0x7f), size (0x4): 
0000: 13 7f 01 00 
index - 0xc1
RequesterContext - aa bb cc dd ee ff 00 c1 
libspdm_send_spdm_request[0] msg SPDM_GET_MEASUREMENTS(0xe0), size (0xc): 
0000: 13 e0 00 c1 aa bb cc dd ee ff 00 c1 
Platform port Transmit command: 00 00 00 01 
Platform port Transmit transport_type: 00 00 00 01 
Platform port Transmit size: 00 00 00 0d 
Platform port Transmit buffer:
    05 13 e0 00 c1 aa bb cc dd ee ff 00 c1 
Platform port Receive command: 00 00 00 01 
Platform port Receive transport_type: 00 00 00 01 
Platform port Receive size: 00 00 00 05 
Platform port Receive buffer:
    05 13 7f 01 00 
libspdm_receive_spdm_response[0] msg SPDM_ERROR(0x7f), size (0x4): 
0000: 13 7f 01 00 
index - 0xc2
RequesterContext - aa bb cc dd ee ff 00 c2 
libspdm_send_spdm_request[0] msg SPDM_GET_MEASUREMENTS(0xe0), size (0xc): 
0000: 13 e0 00 c2 aa bb cc dd ee ff 00 c2 
Platform port Transmit command: 00 00 00 01 
Platform port Transmit transport_type: 00 00 00 01 
Platform port Transmit size: 00 00 00 0d 
Platform port Transmit buffer:
    05 13 e0 00 c2 aa bb cc dd ee ff 00 c2 
Platform port Receive command: 00 00 00 01 
Platform port Receive transport_type: 00 00 00 01 
Platform port Receive size: 00 00 00 05 
Platform port Receive buffer:
    05 13 7f 01 00 
libspdm_receive_spdm_response[0] msg SPDM_ERROR(0x7f), size (0x4): 
0000: 13 7f 01 00 
index - 0xc3
RequesterContext - aa bb cc dd ee ff 00 c3 
libspdm_send_spdm_request[0] msg SPDM_GET_MEASUREMENTS(0xe0), size (0xc): 
0000: 13 e0 00 c3 aa bb cc dd ee ff 00 c3 
Platform port Transmit command: 00 00 00 01 
Platform port Transmit transport_type: 00 00 00 01 
Platform port Transmit size: 00 00 00 0d 
Platform port Transmit buffer:
    05 13 e0 00 c3 aa bb cc dd ee ff 00 c3 
Platform port Receive command: 00 00 00 01 
Platform port Receive transport_type: 00 00 00 01 
Platform port Receive size: 00 00 00 05 
Platform port Receive buffer:
    05 13 7f 01 00 
libspdm_receive_spdm_response[0] msg SPDM_ERROR(0x7f), size (0x4): 
0000: 13 7f 01 00 
index - 0xc4
RequesterContext - aa bb cc dd ee ff 00 c4 
libspdm_send_spdm_request[0] msg SPDM_GET_MEASUREMENTS(0xe0), size (0xc): 
0000: 13 e0 00 c4 aa bb cc dd ee ff 00 c4 
Platform port Transmit command: 00 00 00 01 
Platform port Transmit transport_type: 00 00 00 01 
Platform port Transmit size: 00 00 00 0d 
Platform port Transmit buffer:
    05 13 e0 00 c4 aa bb cc dd ee ff 00 c4 
Platform port Receive command: 00 00 00 01 
Platform port Receive transport_type: 00 00 00 01 
Platform port Receive size: 00 00 00 05 
Platform port Receive buffer:
    05 13 7f 01 00 
libspdm_receive_spdm_response[0] msg SPDM_ERROR(0x7f), size (0x4): 
0000: 13 7f 01 00 
index - 0xc5
RequesterContext - aa bb cc dd ee ff 00 c5 
libspdm_send_spdm_request[0] msg SPDM_GET_MEASUREMENTS(0xe0), size (0xc): 
0000: 13 e0 00 c5 aa bb cc dd ee ff 00 c5 
Platform port Transmit command: 00 00 00 01 
Platform port Transmit transport_type: 00 00 00 01 
Platform port Transmit size: 00 00 00 0d 
Platform port Transmit buffer:
    05 13 e0 00 c5 aa bb cc dd ee ff 00 c5 
Platform port Receive command: 00 00 00 01 
Platform port Receive transport_type: 00 00 00 01 
Platform port Receive size: 00 00 00 05 
Platform port Receive buffer:
    05 13 7f 01 00 
libspdm_receive_spdm_response[0] msg SPDM_ERROR(0x7f), size (0x4): 
0000: 13 7f 01 00 
index - 0xc6
RequesterContext - aa bb cc dd ee ff 00 c6 
libspdm_send_spdm_request[0] msg SPDM_GET_MEASUREMENTS(0xe0), size (0xc): 
0000: 13 e0 00 c6 aa bb cc dd ee ff 00 c6 
Platform port Transmit command: 00 00 00 01 
Platform port Transmit transport_type: 00 00 00 01 
Platform port Transmit size: 00 00 00 0d 
Platform port Transmit buffer:
    05 13 e0 00 c6 aa bb cc dd ee ff 00 c6 
Platform port Receive command: 00 00 00 01 
Platform port Receive transport_type: 00 00 00 01 
Platform port Receive size: 00 00 00 05 
Platform port Receive buffer:
    05 13 7f 01 00 
libspdm_receive_spdm_response[0] msg SPDM_ERROR(0x7f), size (0x4): 
0000: 13 7f 01 00 
index - 0xc7
RequesterContext - aa bb cc dd ee ff 00 c7 
libspdm_send_spdm_request[0] msg SPDM_GET_MEASUREMENTS(0xe0), size (0xc): 
0000: 13 e0 00 c7 aa bb cc dd ee ff 00 c7 
Platform port Transmit command: 00 00 00 01 
Platform port Transmit transport_type: 00 00 00 01 
Platform port Transmit size: 00 00 00 0d 
Platform port Transmit buffer:
    05 13 e0 00 c7 aa bb cc dd ee ff 00 c7 
Platform port Receive command: 00 00 00 01 
Platform port Receive transport_type: 00 00 00 01 
Platform port Receive size: 00 00 00 05 
Platform port Receive buffer:
    05 13 7f 01 00 
libspdm_receive_spdm_response[0] msg SPDM_ERROR(0x7f), size (0x4): 
0000: 13 7f 01 00 
index - 0xc8
RequesterContext - aa bb cc dd ee ff 00 c8 
libspdm_send_spdm_request[0] msg SPDM_GET_MEASUREMENTS(0xe0), size (0xc): 
0000: 13 e0 00 c8 aa bb cc dd ee ff 00 c8 
Platform port Transmit command: 00 00 00 01 
Platform port Transmit transport_type: 00 00 00 01 
Platform port Transmit size: 00 00 00 0d 
Platform port Transmit buffer:
    05 13 e0 00 c8 aa bb cc dd ee ff 00 c8 
Platform port Receive command: 00 00 00 01 
Platform port Receive transport_type: 00 00 00 01 
Platform port Receive size: 00 00 00 05 
Platform port Receive buffer:
    05 13 7f 01 00 
libspdm_receive_spdm_response[0] msg SPDM_ERROR(0x7f), size (0x4): 
0000: 13 7f 01 00 
index - 0xc9
RequesterContext - aa bb cc dd ee ff 00 c9 
libspdm_send_spdm_request[0] msg SPDM_GET_MEASUREMENTS(0xe0), size (0xc): 
0000: 13 e0 00 c9 aa bb cc dd ee ff 00 c9 
Platform port Transmit command: 00 00 00 01 
Platform port Transmit transport_type: 00 00 00 01 
Platform port Transmit size: 00 00 00 0d 
Platform port Transmit buffer:
    05 13 e0 00 c9 aa bb cc dd ee ff 00 c9 
Platform port Receive command: 00 00 00 01 
Platform port Receive transport_type: 00 00 00 01 
Platform port Receive size: 00 00 00 05 
Platform port Receive buffer:
    05 13 7f 01 00 
libspdm_receive_spdm_response[0] msg SPDM_ERROR(0x7f), size (0x4): 
0000: 13 7f 01 00 
index - 0xca
RequesterContext - aa bb cc dd ee ff 00 ca 
libspdm_send_spdm_request[0] msg SPDM_GET_MEASUREMENTS(0xe0), size (0xc): 
0000: 13 e0 00 ca aa bb cc dd ee ff 00 ca 
Platform port Transmit command: 00 00 00 01 
Platform port Transmit transport_type: 00 00 00 01 
Platform port Transmit size: 00 00 00 0d 
Platform port Transmit buffer:
    05 13 e0 00 ca aa bb cc dd ee ff 00 ca 
Platform port Receive command: 00 00 00 01 
Platform port Receive transport_type: 00 00 00 01 
Platform port Receive size: 00 00 00 05 
Platform port Receive buffer:
    05 13 7f 01 00 
libspdm_receive_spdm_response[0] msg SPDM_ERROR(0x7f), size (0x4): 
0000: 13 7f 01 00 
index - 0xcb
RequesterContext - aa bb cc dd ee ff 00 cb 
libspdm_send_spdm_request[0] msg SPDM_GET_MEASUREMENTS(0xe0), size (0xc): 
0000: 13 e0 00 cb aa bb cc dd ee ff 00 cb 
Platform port Transmit command: 00 00 00 01 
Platform port Transmit transport_type: 00 00 00 01 
Platform port Transmit size: 00 00 00 0d 
Platform port Transmit buffer:
    05 13 e0 00 cb aa bb cc dd ee ff 00 cb 
Platform port Receive command: 00 00 00 01 
Platform port Receive transport_type: 00 00 00 01 
Platform port Receive size: 00 00 00 05 
Platform port Receive buffer:
    05 13 7f 01 00 
libspdm_receive_spdm_response[0] msg SPDM_ERROR(0x7f), size (0x4): 
0000: 13 7f 01 00 
index - 0xcc
RequesterContext - aa bb cc dd ee ff 00 cc 
libspdm_send_spdm_request[0] msg SPDM_GET_MEASUREMENTS(0xe0), size (0xc): 
0000: 13 e0 00 cc aa bb cc dd ee ff 00 cc 
Platform port Transmit command: 00 00 00 01 
Platform port Transmit transport_type: 00 00 00 01 
Platform port Transmit size: 00 00 00 0d 
Platform port Transmit buffer:
    05 13 e0 00 cc aa bb cc dd ee ff 00 cc 
Platform port Receive command: 00 00 00 01 
Platform port Receive transport_type: 00 00 00 01 
Platform port Receive size: 00 00 00 05 
Platform port Receive buffer:
    05 13 7f 01 00 
libspdm_receive_spdm_response[0] msg SPDM_ERROR(0x7f), size (0x4): 
0000: 13 7f 01 00 
index - 0xcd
RequesterContext - aa bb cc dd ee ff 00 cd 
libspdm_send_spdm_request[0] msg SPDM_GET_MEASUREMENTS(0xe0), size (0xc): 
0000: 13 e0 00 cd aa bb cc dd ee ff 00 cd 
Platform port Transmit command: 00 00 00 01 
Platform port Transmit transport_type: 00 00 00 01 
Platform port Transmit size: 00 00 00 0d 
Platform port Transmit buffer:
    05 13 e0 00 cd aa bb cc dd ee ff 00 cd 
Platform port Receive command: 00 00 00 01 
Platform port Receive transport_type: 00 00 00 01 
Platform port Receive size: 00 00 00 05 
Platform port Receive buffer:
    05 13 7f 01 00 
libspdm_receive_spdm_response[0] msg SPDM_ERROR(0x7f), size (0x4): 
0000: 13 7f 01 00 
index - 0xce
RequesterContext - aa bb cc dd ee ff 00 ce 
libspdm_send_spdm_request[0] msg SPDM_GET_MEASUREMENTS(0xe0), size (0xc): 
0000: 13 e0 00 ce aa bb cc dd ee ff 00 ce 
Platform port Transmit command: 00 00 00 01 
Platform port Transmit transport_type: 00 00 00 01 
Platform port Transmit size: 00 00 00 0d 
Platform port Transmit buffer:
    05 13 e0 00 ce aa bb cc dd ee ff 00 ce 
Platform port Receive command: 00 00 00 01 
Platform port Receive transport_type: 00 00 00 01 
Platform port Receive size: 00 00 00 05 
Platform port Receive buffer:
    05 13 7f 01 00 
libspdm_receive_spdm_response[0] msg SPDM_ERROR(0x7f), size (0x4): 
0000: 13 7f 01 00 
index - 0xcf
RequesterContext - aa bb cc dd ee ff 00 cf 
libspdm_send_spdm_request[0] msg SPDM_GET_MEASUREMENTS(0xe0), size (0xc): 
0000: 13 e0 00 cf aa bb cc dd ee ff 00 cf 
Platform port Transmit command: 00 00 00 01 
Platform port Transmit transport_type: 00 00 00 01 
Platform port Transmit size: 00 00 00 0d 
Platform port Transmit buffer:
    05 13 e0 00 cf aa bb cc dd ee ff 00 cf 
Platform port Receive command: 00 00 00 01 
Platform port Receive transport_type: 00 00 00 01 
Platform port Receive size: 00 00 00 05 
Platform port Receive buffer:
    05 13 7f 01 00 
libspdm_receive_spdm_response[0] msg SPDM_ERROR(0x7f), size (0x4): 
0000: 13 7f 01 00 
index - 0xd0
RequesterContext - aa bb cc dd ee ff 00 d0 
libspdm_send_spdm_request[0] msg SPDM_GET_MEASUREMENTS(0xe0), size (0xc): 
0000: 13 e0 00 d0 aa bb cc dd ee ff 00 d0 
Platform port Transmit command: 00 00 00 01 
Platform port Transmit transport_type: 00 00 00 01 
Platform port Transmit size: 00 00 00 0d 
Platform port Transmit buffer:
    05 13 e0 00 d0 aa bb cc dd ee ff 00 d0 
Platform port Receive command: 00 00 00 01 
Platform port Receive transport_type: 00 00 00 01 
Platform port Receive size: 00 00 00 05 
Platform port Receive buffer:
    05 13 7f 01 00 
libspdm_receive_spdm_response[0] msg SPDM_ERROR(0x7f), size (0x4): 
0000: 13 7f 01 00 
index - 0xd1
RequesterContext - aa bb cc dd ee ff 00 d1 
libspdm_send_spdm_request[0] msg SPDM_GET_MEASUREMENTS(0xe0), size (0xc): 
0000: 13 e0 00 d1 aa bb cc dd ee ff 00 d1 
Platform port Transmit command: 00 00 00 01 
Platform port Transmit transport_type: 00 00 00 01 
Platform port Transmit size: 00 00 00 0d 
Platform port Transmit buffer:
    05 13 e0 00 d1 aa bb cc dd ee ff 00 d1 
Platform port Receive command: 00 00 00 01 
Platform port Receive transport_type: 00 00 00 01 
Platform port Receive size: 00 00 00 05 
Platform port Receive buffer:
    05 13 7f 01 00 
libspdm_receive_spdm_response[0] msg SPDM_ERROR(0x7f), size (0x4): 
0000: 13 7f 01 00 
index - 0xd2
RequesterContext - aa bb cc dd ee ff 00 d2 
libspdm_send_spdm_request[0] msg SPDM_GET_MEASUREMENTS(0xe0), size (0xc): 
0000: 13 e0 00 d2 aa bb cc dd ee ff 00 d2 
Platform port Transmit command: 00 00 00 01 
Platform port Transmit transport_type: 00 00 00 01 
Platform port Transmit size: 00 00 00 0d 
Platform port Transmit buffer:
    05 13 e0 00 d2 aa bb cc dd ee ff 00 d2 
Platform port Receive command: 00 00 00 01 
Platform port Receive transport_type: 00 00 00 01 
Platform port Receive size: 00 00 00 05 
Platform port Receive buffer:
    05 13 7f 01 00 
libspdm_receive_spdm_response[0] msg SPDM_ERROR(0x7f), size (0x4): 
0000: 13 7f 01 00 
index - 0xd3
RequesterContext - aa bb cc dd ee ff 00 d3 
libspdm_send_spdm_request[0] msg SPDM_GET_MEASUREMENTS(0xe0), size (0xc): 
0000: 13 e0 00 d3 aa bb cc dd ee ff 00 d3 
Platform port Transmit command: 00 00 00 01 
Platform port Transmit transport_type: 00 00 00 01 
Platform port Transmit size: 00 00 00 0d 
Platform port Transmit buffer:
    05 13 e0 00 d3 aa bb cc dd ee ff 00 d3 
Platform port Receive command: 00 00 00 01 
Platform port Receive transport_type: 00 00 00 01 
Platform port Receive size: 00 00 00 05 
Platform port Receive buffer:
    05 13 7f 01 00 
libspdm_receive_spdm_response[0] msg SPDM_ERROR(0x7f), size (0x4): 
0000: 13 7f 01 00 
index - 0xd4
RequesterContext - aa bb cc dd ee ff 00 d4 
libspdm_send_spdm_request[0] msg SPDM_GET_MEASUREMENTS(0xe0), size (0xc): 
0000: 13 e0 00 d4 aa bb cc dd ee ff 00 d4 
Platform port Transmit command: 00 00 00 01 
Platform port Transmit transport_type: 00 00 00 01 
Platform port Transmit size: 00 00 00 0d 
Platform port Transmit buffer:
    05 13 e0 00 d4 aa bb cc dd ee ff 00 d4 
Platform port Receive command: 00 00 00 01 
Platform port Receive transport_type: 00 00 00 01 
Platform port Receive size: 00 00 00 05 
Platform port Receive buffer:
    05 13 7f 01 00 
libspdm_receive_spdm_response[0] msg SPDM_ERROR(0x7f), size (0x4): 
0000: 13 7f 01 00 
index - 0xd5
RequesterContext - aa bb cc dd ee ff 00 d5 
libspdm_send_spdm_request[0] msg SPDM_GET_MEASUREMENTS(0xe0), size (0xc): 
0000: 13 e0 00 d5 aa bb cc dd ee ff 00 d5 
Platform port Transmit command: 00 00 00 01 
Platform port Transmit transport_type: 00 00 00 01 
Platform port Transmit size: 00 00 00 0d 
Platform port Transmit buffer:
    05 13 e0 00 d5 aa bb cc dd ee ff 00 d5 
Platform port Receive command: 00 00 00 01 
Platform port Receive transport_type: 00 00 00 01 
Platform port Receive size: 00 00 00 05 
Platform port Receive buffer:
    05 13 7f 01 00 
libspdm_receive_spdm_response[0] msg SPDM_ERROR(0x7f), size (0x4): 
0000: 13 7f 01 00 
index - 0xd6
RequesterContext - aa bb cc dd ee ff 00 d6 
libspdm_send_spdm_request[0] msg SPDM_GET_MEASUREMENTS(0xe0), size (0xc): 
0000: 13 e0 00 d6 aa bb cc dd ee ff 00 d6 
Platform port Transmit command: 00 00 00 01 
Platform port Transmit transport_type: 00 00 00 01 
Platform port Transmit size: 00 00 00 0d 
Platform port Transmit buffer:
    05 13 e0 00 d6 aa bb cc dd ee ff 00 d6 
Platform port Receive command: 00 00 00 01 
Platform port Receive transport_type: 00 00 00 01 
Platform port Receive size: 00 00 00 05 
Platform port Receive buffer:
    05 13 7f 01 00 
libspdm_receive_spdm_response[0] msg SPDM_ERROR(0x7f), size (0x4): 
0000: 13 7f 01 00 
index - 0xd7
RequesterContext - aa bb cc dd ee ff 00 d7 
libspdm_send_spdm_request[0] msg SPDM_GET_MEASUREMENTS(0xe0), size (0xc): 
0000: 13 e0 00 d7 aa bb cc dd ee ff 00 d7 
Platform port Transmit command: 00 00 00 01 
Platform port Transmit transport_type: 00 00 00 01 
Platform port Transmit size: 00 00 00 0d 
Platform port Transmit buffer:
    05 13 e0 00 d7 aa bb cc dd ee ff 00 d7 
Platform port Receive command: 00 00 00 01 
Platform port Receive transport_type: 00 00 00 01 
Platform port Receive size: 00 00 00 05 
Platform port Receive buffer:
    05 13 7f 01 00 
libspdm_receive_spdm_response[0] msg SPDM_ERROR(0x7f), size (0x4): 
0000: 13 7f 01 00 
index - 0xd8
RequesterContext - aa bb cc dd ee ff 00 d8 
libspdm_send_spdm_request[0] msg SPDM_GET_MEASUREMENTS(0xe0), size (0xc): 
0000: 13 e0 00 d8 aa bb cc dd ee ff 00 d8 
Platform port Transmit command: 00 00 00 01 
Platform port Transmit transport_type: 00 00 00 01 
Platform port Transmit size: 00 00 00 0d 
Platform port Transmit buffer:
    05 13 e0 00 d8 aa bb cc dd ee ff 00 d8 
Platform port Receive command: 00 00 00 01 
Platform port Receive transport_type: 00 00 00 01 
Platform port Receive size: 00 00 00 05 
Platform port Receive buffer:
    05 13 7f 01 00 
libspdm_receive_spdm_response[0] msg SPDM_ERROR(0x7f), size (0x4): 
0000: 13 7f 01 00 
index - 0xd9
RequesterContext - aa bb cc dd ee ff 00 d9 
libspdm_send_spdm_request[0] msg SPDM_GET_MEASUREMENTS(0xe0), size (0xc): 
0000: 13 e0 00 d9 aa bb cc dd ee ff 00 d9 
Platform port Transmit command: 00 00 00 01 
Platform port Transmit transport_type: 00 00 00 01 
Platform port Transmit size: 00 00 00 0d 
Platform port Transmit buffer:
    05 13 e0 00 d9 aa bb cc dd ee ff 00 d9 
Platform port Receive command: 00 00 00 01 
Platform port Receive transport_type: 00 00 00 01 
Platform port Receive size: 00 00 00 05 
Platform port Receive buffer:
    05 13 7f 01 00 
libspdm_receive_spdm_response[0] msg SPDM_ERROR(0x7f), size (0x4): 
0000: 13 7f 01 00 
index - 0xda
RequesterContext - aa bb cc dd ee ff 00 da 
libspdm_send_spdm_request[0] msg SPDM_GET_MEASUREMENTS(0xe0), size (0xc): 
0000: 13 e0 00 da aa bb cc dd ee ff 00 da 
Platform port Transmit command: 00 00 00 01 
Platform port Transmit transport_type: 00 00 00 01 
Platform port Transmit size: 00 00 00 0d 
Platform port Transmit buffer:
    05 13 e0 00 da aa bb cc dd ee ff 00 da 
Platform port Receive command: 00 00 00 01 
Platform port Receive transport_type: 00 00 00 01 
Platform port Receive size: 00 00 00 05 
Platform port Receive buffer:
    05 13 7f 01 00 
libspdm_receive_spdm_response[0] msg SPDM_ERROR(0x7f), size (0x4): 
0000: 13 7f 01 00 
index - 0xdb
RequesterContext - aa bb cc dd ee ff 00 db 
libspdm_send_spdm_request[0] msg SPDM_GET_MEASUREMENTS(0xe0), size (0xc): 
0000: 13 e0 00 db aa bb cc dd ee ff 00 db 
Platform port Transmit command: 00 00 00 01 
Platform port Transmit transport_type: 00 00 00 01 
Platform port Transmit size: 00 00 00 0d 
Platform port Transmit buffer:
    05 13 e0 00 db aa bb cc dd ee ff 00 db 
Platform port Receive command: 00 00 00 01 
Platform port Receive transport_type: 00 00 00 01 
Platform port Receive size: 00 00 00 05 
Platform port Receive buffer:
    05 13 7f 01 00 
libspdm_receive_spdm_response[0] msg SPDM_ERROR(0x7f), size (0x4): 
0000: 13 7f 01 00 
index - 0xdc
RequesterContext - aa bb cc dd ee ff 00 dc 
libspdm_send_spdm_request[0] msg SPDM_GET_MEASUREMENTS(0xe0), size (0xc): 
0000: 13 e0 00 dc aa bb cc dd ee ff 00 dc 
Platform port Transmit command: 00 00 00 01 
Platform port Transmit transport_type: 00 00 00 01 
Platform port Transmit size: 00 00 00 0d 
Platform port Transmit buffer:
    05 13 e0 00 dc aa bb cc dd ee ff 00 dc 
Platform port Receive command: 00 00 00 01 
Platform port Receive transport_type: 00 00 00 01 
Platform port Receive size: 00 00 00 05 
Platform port Receive buffer:
    05 13 7f 01 00 
libspdm_receive_spdm_response[0] msg SPDM_ERROR(0x7f), size (0x4): 
0000: 13 7f 01 00 
index - 0xdd
RequesterContext - aa bb cc dd ee ff 00 dd 
libspdm_send_spdm_request[0] msg SPDM_GET_MEASUREMENTS(0xe0), size (0xc): 
0000: 13 e0 00 dd aa bb cc dd ee ff 00 dd 
Platform port Transmit command: 00 00 00 01 
Platform port Transmit transport_type: 00 00 00 01 
Platform port Transmit size: 00 00 00 0d 
Platform port Transmit buffer:
    05 13 e0 00 dd aa bb cc dd ee ff 00 dd 
Platform port Receive command: 00 00 00 01 
Platform port Receive transport_type: 00 00 00 01 
Platform port Receive size: 00 00 00 05 
Platform port Receive buffer:
    05 13 7f 01 00 
libspdm_receive_spdm_response[0] msg SPDM_ERROR(0x7f), size (0x4): 
0000: 13 7f 01 00 
index - 0xde
RequesterContext - aa bb cc dd ee ff 00 de 
libspdm_send_spdm_request[0] msg SPDM_GET_MEASUREMENTS(0xe0), size (0xc): 
0000: 13 e0 00 de aa bb cc dd ee ff 00 de 
Platform port Transmit command: 00 00 00 01 
Platform port Transmit transport_type: 00 00 00 01 
Platform port Transmit size: 00 00 00 0d 
Platform port Transmit buffer:
    05 13 e0 00 de aa bb cc dd ee ff 00 de 
Platform port Receive command: 00 00 00 01 
Platform port Receive transport_type: 00 00 00 01 
Platform port Receive size: 00 00 00 05 
Platform port Receive buffer:
    05 13 7f 01 00 
libspdm_receive_spdm_response[0] msg SPDM_ERROR(0x7f), size (0x4): 
0000: 13 7f 01 00 
index - 0xdf
RequesterContext - aa bb cc dd ee ff 00 df 
libspdm_send_spdm_request[0] msg SPDM_GET_MEASUREMENTS(0xe0), size (0xc): 
0000: 13 e0 00 df aa bb cc dd ee ff 00 df 
Platform port Transmit command: 00 00 00 01 
Platform port Transmit transport_type: 00 00 00 01 
Platform port Transmit size: 00 00 00 0d 
Platform port Transmit buffer:
    05 13 e0 00 df aa bb cc dd ee ff 00 df 
Platform port Receive command: 00 00 00 01 
Platform port Receive transport_type: 00 00 00 01 
Platform port Receive size: 00 00 00 05 
Platform port Receive buffer:
    05 13 7f 01 00 
libspdm_receive_spdm_response[0] msg SPDM_ERROR(0x7f), size (0x4): 
0000: 13 7f 01 00 
index - 0xe0
RequesterContext - aa bb cc dd ee ff 00 e0 
libspdm_send_spdm_request[0] msg SPDM_GET_MEASUREMENTS(0xe0), size (0xc): 
0000: 13 e0 00 e0 aa bb cc dd ee ff 00 e0 
Platform port Transmit command: 00 00 00 01 
Platform port Transmit transport_type: 00 00 00 01 
Platform port Transmit size: 00 00 00 0d 
Platform port Transmit buffer:
    05 13 e0 00 e0 aa bb cc dd ee ff 00 e0 
Platform port Receive command: 00 00 00 01 
Platform port Receive transport_type: 00 00 00 01 
Platform port Receive size: 00 00 00 05 
Platform port Receive buffer:
    05 13 7f 01 00 
libspdm_receive_spdm_response[0] msg SPDM_ERROR(0x7f), size (0x4): 
0000: 13 7f 01 00 
index - 0xe1
RequesterContext - aa bb cc dd ee ff 00 e1 
libspdm_send_spdm_request[0] msg SPDM_GET_MEASUREMENTS(0xe0), size (0xc): 
0000: 13 e0 00 e1 aa bb cc dd ee ff 00 e1 
Platform port Transmit command: 00 00 00 01 
Platform port Transmit transport_type: 00 00 00 01 
Platform port Transmit size: 00 00 00 0d 
Platform port Transmit buffer:
    05 13 e0 00 e1 aa bb cc dd ee ff 00 e1 
Platform port Receive command: 00 00 00 01 
Platform port Receive transport_type: 00 00 00 01 
Platform port Receive size: 00 00 00 05 
Platform port Receive buffer:
    05 13 7f 01 00 
libspdm_receive_spdm_response[0] msg SPDM_ERROR(0x7f), size (0x4): 
0000: 13 7f 01 00 
index - 0xe2
RequesterContext - aa bb cc dd ee ff 00 e2 
libspdm_send_spdm_request[0] msg SPDM_GET_MEASUREMENTS(0xe0), size (0xc): 
0000: 13 e0 00 e2 aa bb cc dd ee ff 00 e2 
Platform port Transmit command: 00 00 00 01 
Platform port Transmit transport_type: 00 00 00 01 
Platform port Transmit size: 00 00 00 0d 
Platform port Transmit buffer:
    05 13 e0 00 e2 aa bb cc dd ee ff 00 e2 
Platform port Receive command: 00 00 00 01 
Platform port Receive transport_type: 00 00 00 01 
Platform port Receive size: 00 00 00 05 
Platform port Receive buffer:
    05 13 7f 01 00 
libspdm_receive_spdm_response[0] msg SPDM_ERROR(0x7f), size (0x4): 
0000: 13 7f 01 00 
index - 0xe3
RequesterContext - aa bb cc dd ee ff 00 e3 
libspdm_send_spdm_request[0] msg SPDM_GET_MEASUREMENTS(0xe0), size (0xc): 
0000: 13 e0 00 e3 aa bb cc dd ee ff 00 e3 
Platform port Transmit command: 00 00 00 01 
Platform port Transmit transport_type: 00 00 00 01 
Platform port Transmit size: 00 00 00 0d 
Platform port Transmit buffer:
    05 13 e0 00 e3 aa bb cc dd ee ff 00 e3 
Platform port Receive command: 00 00 00 01 
Platform port Receive transport_type: 00 00 00 01 
Platform port Receive size: 00 00 00 05 
Platform port Receive buffer:
    05 13 7f 01 00 
libspdm_receive_spdm_response[0] msg SPDM_ERROR(0x7f), size (0x4): 
0000: 13 7f 01 00 
index - 0xe4
RequesterContext - aa bb cc dd ee ff 00 e4 
libspdm_send_spdm_request[0] msg SPDM_GET_MEASUREMENTS(0xe0), size (0xc): 
0000: 13 e0 00 e4 aa bb cc dd ee ff 00 e4 
Platform port Transmit command: 00 00 00 01 
Platform port Transmit transport_type: 00 00 00 01 
Platform port Transmit size: 00 00 00 0d 
Platform port Transmit buffer:
    05 13 e0 00 e4 aa bb cc dd ee ff 00 e4 
Platform port Receive command: 00 00 00 01 
Platform port Receive transport_type: 00 00 00 01 
Platform port Receive size: 00 00 00 05 
Platform port Receive buffer:
    05 13 7f 01 00 
libspdm_receive_spdm_response[0] msg SPDM_ERROR(0x7f), size (0x4): 
0000: 13 7f 01 00 
index - 0xe5
RequesterContext - aa bb cc dd ee ff 00 e5 
libspdm_send_spdm_request[0] msg SPDM_GET_MEASUREMENTS(0xe0), size (0xc): 
0000: 13 e0 00 e5 aa bb cc dd ee ff 00 e5 
Platform port Transmit command: 00 00 00 01 
Platform port Transmit transport_type: 00 00 00 01 
Platform port Transmit size: 00 00 00 0d 
Platform port Transmit buffer:
    05 13 e0 00 e5 aa bb cc dd ee ff 00 e5 
Platform port Receive command: 00 00 00 01 
Platform port Receive transport_type: 00 00 00 01 
Platform port Receive size: 00 00 00 05 
Platform port Receive buffer:
    05 13 7f 01 00 
libspdm_receive_spdm_response[0] msg SPDM_ERROR(0x7f), size (0x4): 
0000: 13 7f 01 00 
index - 0xe6
RequesterContext - aa bb cc dd ee ff 00 e6 
libspdm_send_spdm_request[0] msg SPDM_GET_MEASUREMENTS(0xe0), size (0xc): 
0000: 13 e0 00 e6 aa bb cc dd ee ff 00 e6 
Platform port Transmit command: 00 00 00 01 
Platform port Transmit transport_type: 00 00 00 01 
Platform port Transmit size: 00 00 00 0d 
Platform port Transmit buffer:
    05 13 e0 00 e6 aa bb cc dd ee ff 00 e6 
Platform port Receive command: 00 00 00 01 
Platform port Receive transport_type: 00 00 00 01 
Platform port Receive size: 00 00 00 05 
Platform port Receive buffer:
    05 13 7f 01 00 
libspdm_receive_spdm_response[0] msg SPDM_ERROR(0x7f), size (0x4): 
0000: 13 7f 01 00 
index - 0xe7
RequesterContext - aa bb cc dd ee ff 00 e7 
libspdm_send_spdm_request[0] msg SPDM_GET_MEASUREMENTS(0xe0), size (0xc): 
0000: 13 e0 00 e7 aa bb cc dd ee ff 00 e7 
Platform port Transmit command: 00 00 00 01 
Platform port Transmit transport_type: 00 00 00 01 
Platform port Transmit size: 00 00 00 0d 
Platform port Transmit buffer:
    05 13 e0 00 e7 aa bb cc dd ee ff 00 e7 
Platform port Receive command: 00 00 00 01 
Platform port Receive transport_type: 00 00 00 01 
Platform port Receive size: 00 00 00 05 
Platform port Receive buffer:
    05 13 7f 01 00 
libspdm_receive_spdm_response[0] msg SPDM_ERROR(0x7f), size (0x4): 
0000: 13 7f 01 00 
index - 0xe8
RequesterContext - aa bb cc dd ee ff 00 e8 
libspdm_send_spdm_request[0] msg SPDM_GET_MEASUREMENTS(0xe0), size (0xc): 
0000: 13 e0 00 e8 aa bb cc dd ee ff 00 e8 
Platform port Transmit command: 00 00 00 01 
Platform port Transmit transport_type: 00 00 00 01 
Platform port Transmit size: 00 00 00 0d 
Platform port Transmit buffer:
    05 13 e0 00 e8 aa bb cc dd ee ff 00 e8 
Platform port Receive command: 00 00 00 01 
Platform port Receive transport_type: 00 00 00 01 
Platform port Receive size: 00 00 00 05 
Platform port Receive buffer:
    05 13 7f 01 00 
libspdm_receive_spdm_response[0] msg SPDM_ERROR(0x7f), size (0x4): 
0000: 13 7f 01 00 
index - 0xe9
RequesterContext - aa bb cc dd ee ff 00 e9 
libspdm_send_spdm_request[0] msg SPDM_GET_MEASUREMENTS(0xe0), size (0xc): 
0000: 13 e0 00 e9 aa bb cc dd ee ff 00 e9 
Platform port Transmit command: 00 00 00 01 
Platform port Transmit transport_type: 00 00 00 01 
Platform port Transmit size: 00 00 00 0d 
Platform port Transmit buffer:
    05 13 e0 00 e9 aa bb cc dd ee ff 00 e9 
Platform port Receive command: 00 00 00 01 
Platform port Receive transport_type: 00 00 00 01 
Platform port Receive size: 00 00 00 05 
Platform port Receive buffer:
    05 13 7f 01 00 
libspdm_receive_spdm_response[0] msg SPDM_ERROR(0x7f), size (0x4): 
0000: 13 7f 01 00 
index - 0xea
RequesterContext - aa bb cc dd ee ff 00 ea 
libspdm_send_spdm_request[0] msg SPDM_GET_MEASUREMENTS(0xe0), size (0xc): 
0000: 13 e0 00 ea aa bb cc dd ee ff 00 ea 
Platform port Transmit command: 00 00 00 01 
Platform port Transmit transport_type: 00 00 00 01 
Platform port Transmit size: 00 00 00 0d 
Platform port Transmit buffer:
    05 13 e0 00 ea aa bb cc dd ee ff 00 ea 
Platform port Receive command: 00 00 00 01 
Platform port Receive transport_type: 00 00 00 01 
Platform port Receive size: 00 00 00 05 
Platform port Receive buffer:
    05 13 7f 01 00 
libspdm_receive_spdm_response[0] msg SPDM_ERROR(0x7f), size (0x4): 
0000: 13 7f 01 00 
index - 0xeb
RequesterContext - aa bb cc dd ee ff 00 eb 
libspdm_send_spdm_request[0] msg SPDM_GET_MEASUREMENTS(0xe0), size (0xc): 
0000: 13 e0 00 eb aa bb cc dd ee ff 00 eb 
Platform port Transmit command: 00 00 00 01 
Platform port Transmit transport_type: 00 00 00 01 
Platform port Transmit size: 00 00 00 0d 
Platform port Transmit buffer:
    05 13 e0 00 eb aa bb cc dd ee ff 00 eb 
Platform port Receive command: 00 00 00 01 
Platform port Receive transport_type: 00 00 00 01 
Platform port Receive size: 00 00 00 05 
Platform port Receive buffer:
    05 13 7f 01 00 
libspdm_receive_spdm_response[0] msg SPDM_ERROR(0x7f), size (0x4): 
0000: 13 7f 01 00 
index - 0xec
RequesterContext - aa bb cc dd ee ff 00 ec 
libspdm_send_spdm_request[0] msg SPDM_GET_MEASUREMENTS(0xe0), size (0xc): 
0000: 13 e0 00 ec aa bb cc dd ee ff 00 ec 
Platform port Transmit command: 00 00 00 01 
Platform port Transmit transport_type: 00 00 00 01 
Platform port Transmit size: 00 00 00 0d 
Platform port Transmit buffer:
    05 13 e0 00 ec aa bb cc dd ee ff 00 ec 
Platform port Receive command: 00 00 00 01 
Platform port Receive transport_type: 00 00 00 01 
Platform port Receive size: 00 00 00 05 
Platform port Receive buffer:
    05 13 7f 01 00 
libspdm_receive_spdm_response[0] msg SPDM_ERROR(0x7f), size (0x4): 
0000: 13 7f 01 00 
index - 0xed
RequesterContext - aa bb cc dd ee ff 00 ed 
libspdm_send_spdm_request[0] msg SPDM_GET_MEASUREMENTS(0xe0), size (0xc): 
0000: 13 e0 00 ed aa bb cc dd ee ff 00 ed 
Platform port Transmit command: 00 00 00 01 
Platform port Transmit transport_type: 00 00 00 01 
Platform port Transmit size: 00 00 00 0d 
Platform port Transmit buffer:
    05 13 e0 00 ed aa bb cc dd ee ff 00 ed 
Platform port Receive command: 00 00 00 01 
Platform port Receive transport_type: 00 00 00 01 
Platform port Receive size: 00 00 00 05 
Platform port Receive buffer:
    05 13 7f 01 00 
libspdm_receive_spdm_response[0] msg SPDM_ERROR(0x7f), size (0x4): 
0000: 13 7f 01 00 
index - 0xee
RequesterContext - aa bb cc dd ee ff 00 ee 
libspdm_send_spdm_request[0] msg SPDM_GET_MEASUREMENTS(0xe0), size (0xc): 
0000: 13 e0 00 ee aa bb cc dd ee ff 00 ee 
Platform port Transmit command: 00 00 00 01 
Platform port Transmit transport_type: 00 00 00 01 
Platform port Transmit size: 00 00 00 0d 
Platform port Transmit buffer:
    05 13 e0 00 ee aa bb cc dd ee ff 00 ee 
Platform port Receive command: 00 00 00 01 
Platform port Receive transport_type: 00 00 00 01 
Platform port Receive size: 00 00 00 05 
Platform port Receive buffer:
    05 13 7f 01 00 
libspdm_receive_spdm_response[0] msg SPDM_ERROR(0x7f), size (0x4): 
0000: 13 7f 01 00 
index - 0xef
RequesterContext - aa bb cc dd ee ff 00 ef 
libspdm_send_spdm_request[0] msg SPDM_GET_MEASUREMENTS(0xe0), size (0xc): 
0000: 13 e0 00 ef aa bb cc dd ee ff 00 ef 
Platform port Transmit command: 00 00 00 01 
Platform port Transmit transport_type: 00 00 00 01 
Platform port Transmit size: 00 00 00 0d 
Platform port Transmit buffer:
    05 13 e0 00 ef aa bb cc dd ee ff 00 ef 
Platform port Receive command: 00 00 00 01 
Platform port Receive transport_type: 00 00 00 01 
Platform port Receive size: 00 00 00 05 
Platform port Receive buffer:
    05 13 7f 01 00 
libspdm_receive_spdm_response[0] msg SPDM_ERROR(0x7f), size (0x4): 
0000: 13 7f 01 00 
index - 0xf0
RequesterContext - aa bb cc dd ee ff 00 f0 
libspdm_send_spdm_request[0] msg SPDM_GET_MEASUREMENTS(0xe0), size (0xc): 
0000: 13 e0 00 f0 aa bb cc dd ee ff 00 f0 
Platform port Transmit command: 00 00 00 01 
Platform port Transmit transport_type: 00 00 00 01 
Platform port Transmit size: 00 00 00 0d 
Platform port Transmit buffer:
    05 13 e0 00 f0 aa bb cc dd ee ff 00 f0 
Platform port Receive command: 00 00 00 01 
Platform port Receive transport_type: 00 00 00 01 
Platform port Receive size: 00 00 00 05 
Platform port Receive buffer:
    05 13 7f 01 00 
libspdm_receive_spdm_response[0] msg SPDM_ERROR(0x7f), size (0x4): 
0000: 13 7f 01 00 
index - 0xf1
RequesterContext - aa bb cc dd ee ff 00 f1 
libspdm_send_spdm_request[0] msg SPDM_GET_MEASUREMENTS(0xe0), size (0xc): 
0000: 13 e0 00 f1 aa bb cc dd ee ff 00 f1 
Platform port Transmit command: 00 00 00 01 
Platform port Transmit transport_type: 00 00 00 01 
Platform port Transmit size: 00 00 00 0d 
Platform port Transmit buffer:
    05 13 e0 00 f1 aa bb cc dd ee ff 00 f1 
Platform port Receive command: 00 00 00 01 
Platform port Receive transport_type: 00 00 00 01 
Platform port Receive size: 00 00 00 05 
Platform port Receive buffer:
    05 13 7f 01 00 
libspdm_receive_spdm_response[0] msg SPDM_ERROR(0x7f), size (0x4): 
0000: 13 7f 01 00 
index - 0xf2
RequesterContext - aa bb cc dd ee ff 00 f2 
libspdm_send_spdm_request[0] msg SPDM_GET_MEASUREMENTS(0xe0), size (0xc): 
0000: 13 e0 00 f2 aa bb cc dd ee ff 00 f2 
Platform port Transmit command: 00 00 00 01 
Platform port Transmit transport_type: 00 00 00 01 
Platform port Transmit size: 00 00 00 0d 
Platform port Transmit buffer:
    05 13 e0 00 f2 aa bb cc dd ee ff 00 f2 
Platform port Receive command: 00 00 00 01 
Platform port Receive transport_type: 00 00 00 01 
Platform port Receive size: 00 00 00 05 
Platform port Receive buffer:
    05 13 7f 01 00 
libspdm_receive_spdm_response[0] msg SPDM_ERROR(0x7f), size (0x4): 
0000: 13 7f 01 00 
index - 0xf3
RequesterContext - aa bb cc dd ee ff 00 f3 
libspdm_send_spdm_request[0] msg SPDM_GET_MEASUREMENTS(0xe0), size (0xc): 
0000: 13 e0 00 f3 aa bb cc dd ee ff 00 f3 
Platform port Transmit command: 00 00 00 01 
Platform port Transmit transport_type: 00 00 00 01 
Platform port Transmit size: 00 00 00 0d 
Platform port Transmit buffer:
    05 13 e0 00 f3 aa bb cc dd ee ff 00 f3 
Platform port Receive command: 00 00 00 01 
Platform port Receive transport_type: 00 00 00 01 
Platform port Receive size: 00 00 00 05 
Platform port Receive buffer:
    05 13 7f 01 00 
libspdm_receive_spdm_response[0] msg SPDM_ERROR(0x7f), size (0x4): 
0000: 13 7f 01 00 
index - 0xf4
RequesterContext - aa bb cc dd ee ff 00 f4 
libspdm_send_spdm_request[0] msg SPDM_GET_MEASUREMENTS(0xe0), size (0xc): 
0000: 13 e0 00 f4 aa bb cc dd ee ff 00 f4 
Platform port Transmit command: 00 00 00 01 
Platform port Transmit transport_type: 00 00 00 01 
Platform port Transmit size: 00 00 00 0d 
Platform port Transmit buffer:
    05 13 e0 00 f4 aa bb cc dd ee ff 00 f4 
Platform port Receive command: 00 00 00 01 
Platform port Receive transport_type: 00 00 00 01 
Platform port Receive size: 00 00 00 05 
Platform port Receive buffer:
    05 13 7f 01 00 
libspdm_receive_spdm_response[0] msg SPDM_ERROR(0x7f), size (0x4): 
0000: 13 7f 01 00 
index - 0xf5
RequesterContext - aa bb cc dd ee ff 00 f5 
libspdm_send_spdm_request[0] msg SPDM_GET_MEASUREMENTS(0xe0), size (0xc): 
0000: 13 e0 00 f5 aa bb cc dd ee ff 00 f5 
Platform port Transmit command: 00 00 00 01 
Platform port Transmit transport_type: 00 00 00 01 
Platform port Transmit size: 00 00 00 0d 
Platform port Transmit buffer:
    05 13 e0 00 f5 aa bb cc dd ee ff 00 f5 
Platform port Receive command: 00 00 00 01 
Platform port Receive transport_type: 00 00 00 01 
Platform port Receive size: 00 00 00 05 
Platform port Receive buffer:
    05 13 7f 01 00 
libspdm_receive_spdm_response[0] msg SPDM_ERROR(0x7f), size (0x4): 
0000: 13 7f 01 00 
index - 0xf6
RequesterContext - aa bb cc dd ee ff 00 f6 
libspdm_send_spdm_request[0] msg SPDM_GET_MEASUREMENTS(0xe0), size (0xc): 
0000: 13 e0 00 f6 aa bb cc dd ee ff 00 f6 
Platform port Transmit command: 00 00 00 01 
Platform port Transmit transport_type: 00 00 00 01 
Platform port Transmit size: 00 00 00 0d 
Platform port Transmit buffer:
    05 13 e0 00 f6 aa bb cc dd ee ff 00 f6 
Platform port Receive command: 00 00 00 01 
Platform port Receive transport_type: 00 00 00 01 
Platform port Receive size: 00 00 00 05 
Platform port Receive buffer:
    05 13 7f 01 00 
libspdm_receive_spdm_response[0] msg SPDM_ERROR(0x7f), size (0x4): 
0000: 13 7f 01 00 
index - 0xf7
RequesterContext - aa bb cc dd ee ff 00 f7 
libspdm_send_spdm_request[0] msg SPDM_GET_MEASUREMENTS(0xe0), size (0xc): 
0000: 13 e0 00 f7 aa bb cc dd ee ff 00 f7 
Platform port Transmit command: 00 00 00 01 
Platform port Transmit transport_type: 00 00 00 01 
Platform port Transmit size: 00 00 00 0d 
Platform port Transmit buffer:
    05 13 e0 00 f7 aa bb cc dd ee ff 00 f7 
Platform port Receive command: 00 00 00 01 
Platform port Receive transport_type: 00 00 00 01 
Platform port Receive size: 00 00 00 05 
Platform port Receive buffer:
    05 13 7f 01 00 
libspdm_receive_spdm_response[0] msg SPDM_ERROR(0x7f), size (0x4): 
0000: 13 7f 01 00 
index - 0xf8
RequesterContext - aa bb cc dd ee ff 00 f8 
libspdm_send_spdm_request[0] msg SPDM_GET_MEASUREMENTS(0xe0), size (0xc): 
0000: 13 e0 00 f8 aa bb cc dd ee ff 00 f8 
Platform port Transmit command: 00 00 00 01 
Platform port Transmit transport_type: 00 00 00 01 
Platform port Transmit size: 00 00 00 0d 
Platform port Transmit buffer:
    05 13 e0 00 f8 aa bb cc dd ee ff 00 f8 
Platform port Receive command: 00 00 00 01 
Platform port Receive transport_type: 00 00 00 01 
Platform port Receive size: 00 00 00 05 
Platform port Receive buffer:
    05 13 7f 01 00 
libspdm_receive_spdm_response[0] msg SPDM_ERROR(0x7f), size (0x4): 
0000: 13 7f 01 00 
index - 0xf9
RequesterContext - aa bb cc dd ee ff 00 f9 
libspdm_send_spdm_request[0] msg SPDM_GET_MEASUREMENTS(0xe0), size (0xc): 
0000: 13 e0 00 f9 aa bb cc dd ee ff 00 f9 
Platform port Transmit command: 00 00 00 01 
Platform port Transmit transport_type: 00 00 00 01 
Platform port Transmit size: 00 00 00 0d 
Platform port Transmit buffer:
    05 13 e0 00 f9 aa bb cc dd ee ff 00 f9 
Platform port Receive command: 00 00 00 01 
Platform port Receive transport_type: 00 00 00 01 
Platform port Receive size: 00 00 00 05 
Platform port Receive buffer:
    05 13 7f 01 00 
libspdm_receive_spdm_response[0] msg SPDM_ERROR(0x7f), size (0x4): 
0000: 13 7f 01 00 
index - 0xfa
RequesterContext - aa bb cc dd ee ff 00 fa 
libspdm_send_spdm_request[0] msg SPDM_GET_MEASUREMENTS(0xe0), size (0xc): 
0000: 13 e0 00 fa aa bb cc dd ee ff 00 fa 
Platform port Transmit command: 00 00 00 01 
Platform port Transmit transport_type: 00 00 00 01 
Platform port Transmit size: 00 00 00 0d 
Platform port Transmit buffer:
    05 13 e0 00 fa aa bb cc dd ee ff 00 fa 
Platform port Receive command: 00 00 00 01 
Platform port Receive transport_type: 00 00 00 01 
Platform port Receive size: 00 00 00 05 
Platform port Receive buffer:
    05 13 7f 01 00 
libspdm_receive_spdm_response[0] msg SPDM_ERROR(0x7f), size (0x4): 
0000: 13 7f 01 00 
index - 0xfb
RequesterContext - aa bb cc dd ee ff 00 fb 
libspdm_send_spdm_request[0] msg SPDM_GET_MEASUREMENTS(0xe0), size (0xc): 
0000: 13 e0 00 fb aa bb cc dd ee ff 00 fb 
Platform port Transmit command: 00 00 00 01 
Platform port Transmit transport_type: 00 00 00 01 
Platform port Transmit size: 00 00 00 0d 
Platform port Transmit buffer:
    05 13 e0 00 fb aa bb cc dd ee ff 00 fb 
Platform port Receive command: 00 00 00 01 
Platform port Receive transport_type: 00 00 00 01 
Platform port Receive size: 00 00 00 05 
Platform port Receive buffer:
    05 13 7f 01 00 
libspdm_receive_spdm_response[0] msg SPDM_ERROR(0x7f), size (0x4): 
0000: 13 7f 01 00 
index - 0xfc
RequesterContext - aa bb cc dd ee ff 00 fc 
libspdm_send_spdm_request[0] msg SPDM_GET_MEASUREMENTS(0xe0), size (0xc): 
0000: 13 e0 00 fc aa bb cc dd ee ff 00 fc 
Platform port Transmit command: 00 00 00 01 
Platform port Transmit transport_type: 00 00 00 01 
Platform port Transmit size: 00 00 00 0d 
Platform port Transmit buffer:
    05 13 e0 00 fc aa bb cc dd ee ff 00 fc 
Platform port Receive command: 00 00 00 01 
Platform port Receive transport_type: 00 00 00 01 
Platform port Receive size: 00 00 00 05 
Platform port Receive buffer:
    05 13 7f 01 00 
libspdm_receive_spdm_response[0] msg SPDM_ERROR(0x7f), size (0x4): 
0000: 13 7f 01 00 
index - 0xfd
RequesterContext - aa bb cc dd ee ff 00 fd 
libspdm_send_spdm_request[0] msg SPDM_GET_MEASUREMENTS(0xe0), size (0xc): 
0000: 13 e0 00 fd aa bb cc dd ee ff 00 fd 
Platform port Transmit command: 00 00 00 01 
Platform port Transmit transport_type: 00 00 00 01 
Platform port Transmit size: 00 00 00 0d 
Platform port Transmit buffer:
    05 13 e0 00 fd aa bb cc dd ee ff 00 fd 
Platform port Receive command: 00 00 00 01 
Platform port Receive transport_type: 00 00 00 01 
Platform port Receive size: 00 00 00 ba 
Platform port Receive buffer:
    05 13 60 00 00 01 87 00 00 fd 01 83 00 84 80 00 fd fd fd fd fd fd fd fd fd fd fd fd fd fd fd fd fd fd fd fd fd fd fd fd fd fd fd fd fd fd fd fd fd fd fd fd fd fd fd fd fd fd fd fd fd fd fd fd fd fd fd fd fd fd fd fd fd fd fd fd fd fd fd fd fd fd fd fd fd fd fd fd fd fd fd fd fd fd fd fd fd fd fd fd fd fd fd fd fd fd fd fd fd fd fd fd fd fd fd fd fd fd fd fd fd fd fd fd fd fd fd fd fd fd fd fd fd fd fd fd fd fd fd fd fd fd fd fd 9b 3e 61 3e 48 77 cf 73 cc 83 9e 84 f6 44 e5 42 69 d4 0c e4 18 13 cb 2a c2 ee 5c 03 b1 5e 90 6c 00 00 aa bb cc dd ee ff 00 fd 
libspdm_receive_spdm_response[0] msg SPDM_MEASUREMENTS(0x60), size (0xb9): 
0000: 13 60 00 00 01 87 00 00 fd 01 83 00 84 80 00 fd fd fd fd fd fd fd fd fd fd fd fd fd fd fd fd fd 
0020: fd fd fd fd fd fd fd fd fd fd fd fd fd fd fd fd fd fd fd fd fd fd fd fd fd fd fd fd fd fd fd fd 
0040: fd fd fd fd fd fd fd fd fd fd fd fd fd fd fd fd fd fd fd fd fd fd fd fd fd fd fd fd fd fd fd fd 
0060: fd fd fd fd fd fd fd fd fd fd fd fd fd fd fd fd fd fd fd fd fd fd fd fd fd fd fd fd fd fd fd fd 
0080: fd fd fd fd fd fd fd fd fd fd fd fd fd fd fd 9b 3e 61 3e 48 77 cf 73 cc 83 9e 84 f6 44 e5 42 69 
00a0: d4 0c e4 18 13 cb 2a c2 ee 5c 03 b1 5e 90 6c 00 00 aa bb cc dd ee ff 00 fd 
measurement_record_length - 0x000087
nonce (0x20) - 9b 3e 61 3e 48 77 cf 73 cc 83 9e 84 f6 44 e5 42 69 d4 0c e4 18 13 cb 2a c2 ee 5c 03 b1 5e 90 6c 
RequesterContext - aa bb cc dd ee ff 00 fd 
index - 0xfe
RequesterNonce - 78 d5 7e bd 70 0c 7f 95 5d bf 48 bd dc 36 df dd 64 0f ba e6 bc a2 52 17 60 92 44 51 36 27 ca 71 
RequesterContext - aa bb cc dd ee ff 00 fe 
libspdm_send_spdm_request[0] msg SPDM_GET_MEASUREMENTS(0xe0), size (0x2d): 
0000: 13 e0 01 fe 78 d5 7e bd 70 0c 7f 95 5d bf 48 bd dc 36 df dd 64 0f ba e6 bc a2 52 17 60 92 44 51 
0020: 36 27 ca 71 00 aa bb cc dd ee ff 00 fe 
Platform port Transmit command: 00 00 00 01 
Platform port Transmit transport_type: 00 00 00 01 
Platform port Transmit size: 00 00 00 2e 
Platform port Transmit buffer:
    05 13 e0 01 fe 78 d5 7e bd 70 0c 7f 95 5d bf 48 bd dc 36 df dd 64 0f ba e6 bc a2 52 17 60 92 44 51 36 27 ca 71 00 aa bb cc dd ee ff 00 fe 
Platform port Receive command: 00 00 00 01 
Platform port Receive transport_type: 00 00 00 01 
Platform port Receive size: 00 00 00 aa 
Platform port Receive buffer:
    05 13 60 00 20 01 17 00 00 fe 01 13 00 85 10 00 3f 00 00 00 04 00 00 00 1f 00 00 00 11 00 00 00 54 05 d3 15 7b a7 c8 8c 1a 96 ab 4e 45 fb ab bc 95 b6 3d 7c 39 90 53 d0 71 e6 62 c4 ae 7e d6 d8 00 00 aa bb cc dd ee ff 00 fe 9f 1f be ce 01 f9 23 09 68 7b ed 16 0a 02 05 49 2a fd 2d f3 c9 28 11 07 35 6a 55 2c 59 f0 a6 b6 62 1f 74 de 8e 81 f6 d2 2d 4f 7c b1 81 f0 6f e6 66 e5 d9 c3 61 1a c7 ca 79 a7 b0 84 15 74 e3 5d 35 01 ee 0f 22 6c f6 5d 62 f4 88 fb 51 e0 63 9a 1e cf 85 08 f7 f0 06 06 bc 85 1d f6 99 45 34 08 
libspdm_receive_spdm_response[0] msg SPDM_MEASUREMENTS(0x60), size (0xa9): 
0000: 13 60 00 20 01 17 00 00 fe 01 13 00 85 10 00 3f 00 00 00 04 00 00 00 1f 00 00 00 11 00 00 00 54 
0020: 05 d3 15 7b a7 c8 8c 1a 96 ab 4e 45 fb ab bc 95 b6 3d 7c 39 90 53 d0 71 e6 62 c4 ae 7e d6 d8 00 
0040: 00 aa bb cc dd ee ff 00 fe 9f 1f be ce 01 f9 23 09 68 7b ed 16 0a 02 05 49 2a fd 2d f3 c9 28 11 
0060: 07 35 6a 55 2c 59 f0 a6 b6 62 1f 74 de 8e 81 f6 d2 2d 4f 7c b1 81 f0 6f e6 66 e5 d9 c3 61 1a c7 
0080: ca 79 a7 b0 84 15 74 e3 5d 35 01 ee 0f 22 6c f6 5d 62 f4 88 fb 51 e0 63 9a 1e cf 85 08 f7 f0 06 
00a0: 06 bc 85 1d f6 99 45 34 08 
measurement_record_length - 0x000017
nonce (0x20) - 54 05 d3 15 7b a7 c8 8c 1a 96 ab 4e 45 fb ab bc 95 b6 3d 7c 39 90 53 d0 71 e6 62 c4 ae 7e d6 d8 
RequesterContext - aa bb cc dd ee ff 00 fe 
signature (0x60):
0000: 9f 1f be ce 01 f9 23 09 68 7b ed 16 0a 02 05 49 2a fd 2d f3 c9 28 11 07 35 6a 55 2c 59 f0 a6 b6 
0020: 62 1f 74 de 8e 81 f6 d2 2d 4f 7c b1 81 f0 6f e6 66 e5 d9 c3 61 1a c7 ca 79 a7 b0 84 15 74 e3 5d 
0040: 35 01 ee 0f 22 6c f6 5d 62 f4 88 fb 51 e0 63 9a 1e cf 85 08 f7 f0 06 06 bc 85 1d f6 99 45 34 08 
l1l2 hash - e8 e0 4c 81 e8 52 bc b3 22 ce 74 a8 28 6c a0 82 83 22 74 23 40 12 42 42 6c c4 c6 ec 66 c9 9b b0 bf 9b 8f 48 76 df 91 b4 c5 70 de fc 91 93 81 69 
!!! verify_measurement_signature - PASS !!!
exist measurement index - 0x1
RequesterNonce - 19 4f dd 84 6c 4c 26 db 1c 6a 5f 13 dc 29 b0 fb 78 da b0 f6 47 aa 42 5c 19 7e 52 01 8a 0e c2 d2 
RequesterContext - aa bb cc dd ee ff 00 01 
libspdm_send_spdm_request[0] msg SPDM_GET_MEASUREMENTS(0xe0), size (0x2d): 
0000: 13 e0 01 01 19 4f dd 84 6c 4c 26 db 1c 6a 5f 13 dc 29 b0 fb 78 da b0 f6 47 aa 42 5c 19 7e 52 01 
0020: 8a 0e c2 d2 00 aa bb cc dd ee ff 00 01 
Platform port Transmit command: 00 00 00 01 
Platform port Transmit transport_type: 00 00 00 01 
Platform port Transmit size: 00 00 00 2e 
Platform port Transmit buffer:
    05 13 e0 01 01 19 4f dd 84 6c 4c 26 db 1c 6a 5f 13 dc 29 b0 fb 78 da b0 f6 47 aa 42 5c 19 7e 52 01 8a 0e c2 d2 00 aa bb cc dd ee ff 00 01 
Platform port Receive command: 00 00 00 01 
Platform port Receive transport_type: 00 00 00 01 
Platform port Receive size: 00 00 00 da 
Platform port Receive buffer:
    05 13 60 00 20 01 47 00 00 01 01 43 00 00 40 00 8d 53 1d 77 d8 21 e1 67 11 4d 1e b0 7e 0a e1 9c fb 56 51 52 40 88 43 c7 68 f1 13 5b 54 8f df a1 3a 20 3e 5c 7f 12 9c ea cc 01 7d f2 6c 99 9f 62 da 26 db f2 e1 12 83 45 ec 0f 65 d3 7f 87 ca 41 d9 c8 90 a0 fd e0 95 82 7b ba 8e 87 f7 fa 86 f9 23 fe d3 a2 2c 8b 2e fd 91 5e 47 74 2e 03 fa 5e 00 00 aa bb cc dd ee ff 00 01 80 a1 98 38 00 e6 15 11 41 89 d8 f6 29 df 56 45 ff 96 f7 27 d1 92 fd 6c ba 12 e9 7f 8b 65 d2 ef f3 b3 c0 e9 89 29 21 6b 59 e4 f8 40 ec de 36 0b 3a 5c b5 fa b6 30 dc 0c 32 d8 5b d6 5a f4 af e0 1b a6 82 f9 47 e1 ea d0 4f c5 b7 28 cc 6c af eb 25 ff 41 95 fb d4 c6 82 c0 a9 1a d9 92 1b cc 78 
libspdm_receive_spdm_response[0] msg SPDM_MEASUREMENTS(0x60), size (0xd9): 
0000: 13 60 00 20 01 47 00 00 01 01 43 00 00 40 00 8d 53 1d 77 d8 21 e1 67 11 4d 1e b0 7e 0a e1 9c fb 
0020: 56 51 52 40 88 43 c7 68 f1 13 5b 54 8f df a1 3a 20 3e 5c 7f 12 9c ea cc 01 7d f2 6c 99 9f 62 da 
0040: 26 db f2 e1 12 83 45 ec 0f 65 d3 7f 87 ca 41 d9 c8 90 a0 fd e0 95 82 7b ba 8e 87 f7 fa 86 f9 23 
0060: fe d3 a2 2c 8b 2e fd 91 5e 47 74 2e 03 fa 5e 00 00 aa bb cc dd ee ff 00 01 80 a1 98 38 00 e6 15 
0080: 11 41 89 d8 f6 29 df 56 45 ff 96 f7 27 d1 92 fd 6c ba 12 e9 7f 8b 65 d2 ef f3 b3 c0 e9 89 29 21 
00a0: 6b 59 e4 f8 40 ec de 36 0b 3a 5c b5 fa b6 30 dc 0c 32 d8 5b d6 5a f4 af e0 1b a6 82 f9 47 e1 ea 
00c0: d0 4f c5 b7 28 cc 6c af eb 25 ff 41 95 fb d4 c6 82 c0 a9 1a d9 92 1b cc 78 
measurement_record_length - 0x000047
nonce (0x20) - d9 c8 90 a0 fd e0 95 82 7b ba 8e 87 f7 fa 86 f9 23 fe d3 a2 2c 8b 2e fd 91 5e 47 74 2e 03 fa 5e 
RequesterContext - aa bb cc dd ee ff 00 01 
signature (0x60):
0000: 80 a1 98 38 00 e6 15 11 41 89 d8 f6 29 df 56 45 ff 96 f7 27 d1 92 fd 6c ba 12 e9 7f 8b 65 d2 ef 
0020: f3 b3 c0 e9 89 29 21 6b 59 e4 f8 40 ec de 36 0b 3a 5c b5 fa b6 30 dc 0c 32 d8 5b d6 5a f4 af e0 
0040: 1b a6 82 f9 47 e1 ea d0 4f c5 b7 28 cc 6c af eb 25 ff 41 95 fb d4 c6 82 c0 a9 1a d9 92 1b cc 78 
l1l2 hash - f9 33 f2 e5 47 52 e8 4a 23 18 38 7f bf 41 d1 6c 18 10 97 1c f4 bc 12 b5 43 13 98 0f 75 b2 7d 8b ea 0e 49 2b 3c 7a 8b 14 bb c8 c1 c3 57 80 bc 6a 
!!! verify_measurement_signature - PASS !!!
exist measurement index - 0x2
RequesterNonce - c7 fc 86 e2 36 fd 6e 4c 93 68 38 73 5b 05 f4 81 be 30 26 4b fc dc ef a1 e6 cb 37 95 14 88 e4 29 
RequesterContext - aa bb cc dd ee ff 00 02 
libspdm_send_spdm_request[0] msg SPDM_GET_MEASUREMENTS(0xe0), size (0x2d): 
0000: 13 e0 01 02 c7 fc 86 e2 36 fd 6e 4c 93 68 38 73 5b 05 f4 81 be 30 26 4b fc dc ef a1 e6 cb 37 95 
0020: 14 88 e4 29 00 aa bb cc dd ee ff 00 02 
Platform port Transmit command: 00 00 00 01 
Platform port Transmit transport_type: 00 00 00 01 
Platform port Transmit size: 00 00 00 2e 
Platform port Transmit buffer:
    05 13 e0 01 02 c7 fc 86 e2 36 fd 6e 4c 93 68 38 73 5b 05 f4 81 be 30 26 4b fc dc ef a1 e6 cb 37 95 14 88 e4 29 00 aa bb cc dd ee ff 00 02 
Platform port Receive command: 00 00 00 01 
Platform port Receive transport_type: 00 00 00 01 
Platform port Receive size: 00 00 00 da 
Platform port Receive buffer:
    05 13 60 00 20 01 47 00 00 02 01 43 00 01 40 00 9e ff d8 a6 68 f7 6d 3f ce 35 45 1a 13 6f 8e f6 71 02 60 e9 ca 28 be ef 89 7f 55 9f cd ba 48 a4 c0 66 56 0f b4 90 01 95 ca e4 d4 fa b1 f7 d1 12 43 42 10 08 af 86 14 d9 2a 3f ca bb bf 75 24 8f 68 38 31 81 ae 1f ff f0 53 1a 34 77 5a 80 6a b7 b6 0b b8 9d 94 96 f5 a2 f9 3e c3 37 6b 6e 0f b8 00 00 aa bb cc dd ee ff 00 02 ef 62 d5 98 96 62 a9 b8 1b ab af 84 18 34 b0 92 f2 f0 ab 2a bf 01 7b 89 b2 b3 02 2d d8 c1 ee 4f e4 95 42 42 2f 3b b3 74 21 f6 9f f1 8e 3c 73 98 ab 8e 54 58 f6 ff 20 85 10 47 0c 32 10 8b 38 a4 72 21 80 0c 35 bf 26 f7 ca 2f 19 43 41 8b df a4 d0 06 64 4d bc ac 4b 45 60 fe 26 6d 32 da 77 74 
libspdm_receive_spdm_response[0] msg SPDM_MEASUREMENTS(0x60), size (0xd9): 
0000: 13 60 00 20 01 47 00 00 02 01 43 00 01 40 00 9e ff d8 a6 68 f7 6d 3f ce 35 45 1a 13 6f 8e f6 71 
0020: 02 60 e9 ca 28 be ef 89 7f 55 9f cd ba 48 a4 c0 66 56 0f b4 90 01 95 ca e4 d4 fa b1 f7 d1 12 43 
0040: 42 10 08 af 86 14 d9 2a 3f ca bb bf 75 24 8f 68 38 31 81 ae 1f ff f0 53 1a 34 77 5a 80 6a b7 b6 
0060: 0b b8 9d 94 96 f5 a2 f9 3e c3 37 6b 6e 0f b8 00 00 aa bb cc dd ee ff 00 02 ef 62 d5 98 96 62 a9 
0080: b8 1b ab af 84 18 34 b0 92 f2 f0 ab 2a bf 01 7b 89 b2 b3 02 2d d8 c1 ee 4f e4 95 42 42 2f 3b b3 
00a0: 74 21 f6 9f f1 8e 3c 73 98 ab 8e 54 58 f6 ff 20 85 10 47 0c 32 10 8b 38 a4 72 21 80 0c 35 bf 26 
00c0: f7 ca 2f 19 43 41 8b df a4 d0 06 64 4d bc ac 4b 45 60 fe 26 6d 32 da 77 74 
measurement_record_length - 0x000047
nonce (0x20) - 68 38 31 81 ae 1f ff f0 53 1a 34 77 5a 80 6a b7 b6 0b b8 9d 94 96 f5 a2 f9 3e c3 37 6b 6e 0f b8 
RequesterContext - aa bb cc dd ee ff 00 02 
signature (0x60):
0000: ef 62 d5 98 96 62 a9 b8 1b ab af 84 18 34 b0 92 f2 f0 ab 2a bf 01 7b 89 b2 b3 02 2d d8 c1 ee 4f 
0020: e4 95 42 42 2f 3b b3 74 21 f6 9f f1 8e 3c 73 98 ab 8e 54 58 f6 ff 20 85 10 47 0c 32 10 8b 38 a4 
0040: 72 21 80 0c 35 bf 26 f7 ca 2f 19 43 41 8b df a4 d0 06 64 4d bc ac 4b 45 60 fe 26 6d 32 da 77 74 
l1l2 hash - 9a a8 b9 47 c9 eb e1 db d3 8e cc af e9 75 88 f7 dc f7 03 09 f9 09 7b 9f 92 5e 24 8b 1e 5a 52 1a 2f 05 95 49 a1 23 99 a6 64 26 76 b1 f4 6f 45 65 
!!! verify_measurement_signature - PASS !!!
exist measurement index - 0x3
RequesterNonce - 2c 58 c6 5e 3c b0 f1 d1 4b ba 68 fe 55 73 4a b1 e3 06 15 3e 8d aa da 0c da 82 9c 5a 59 a4 d1 75 
RequesterContext - aa bb cc dd ee ff 00 03 
libspdm_send_spdm_request[0] msg SPDM_GET_MEASUREMENTS(0xe0), size (0x2d): 
0000: 13 e0 01 03 2c 58 c6 5e 3c b0 f1 d1 4b ba 68 fe 55 73 4a b1 e3 06 15 3e 8d aa da 0c da 82 9c 5a 
0020: 59 a4 d1 75 00 aa bb cc dd ee ff 00 03 
Platform port Transmit command: 00 00 00 01 
Platform port Transmit transport_type: 00 00 00 01 
Platform port Transmit size: 00 00 00 2e 
Platform port Transmit buffer:
    05 13 e0 01 03 2c 58 c6 5e 3c b0 f1 d1 4b ba 68 fe 55 73 4a b1 e3 06 15 3e 8d aa da 0c da 82 9c 5a 59 a4 d1 75 00 aa bb cc dd ee ff 00 03 
Platform port Receive command: 00 00 00 01 
Platform port Receive transport_type: 00 00 00 01 
Platform port Receive size: 00 00 00 da 
Platform port Receive buffer:
    05 13 60 00 20 01 47 00 00 03 01 43 00 02 40 00 ff de 42 48 3a 68 7d d4 7d 05 f9 56 a2 d6 20 07 b7 1a 29 88 08 4d a1 09 5e c2 e4 3b ca 15 66 80 ca e0 7d 0b 84 cb c7 fc 9b 1d 4e 80 cd 86 69 aa 95 6a ed 8b b1 7b 0a 20 a5 03 1c 28 8d fa 8b 9f 4c 17 9a 32 05 8b 3c ba 45 2e 9d c2 86 bb 40 33 67 93 22 de 0a 33 35 bf 0c ea f6 a5 69 cb bd 81 00 00 aa bb cc dd ee ff 00 03 12 f1 c0 3e ba ce 21 5f 95 e5 fb 62 6b ce 30 e5 b5 87 d2 78 04 e8 10 71 bc 73 80 c0 b5 fa b2 1b d3 b1 33 42 47 37 74 f3 9b cc 3f b7 b5 37 af 9c 0c c9 a0 d6 90 4f 19 2c f8 39 04 b5 d6 29 88 d8 05 23 11 83 c3 e2 b4 b9 bb 6c 8b 92 7a 19 78 33 63 74 fe 83 aa fb 25 37 e7 44 94 13 c1 3f c5 b3 
libspdm_receive_spdm_response[0] msg SPDM_MEASUREMENTS(0x60), size (0xd9): 
0000: 13 60 00 20 01 47 00 00 03 01 43 00 02 40 00 ff de 42 48 3a 68 7d d4 7d 05 f9 56 a2 d6 20 07 b7 
0020: 1a 29 88 08 4d a1 09 5e c2 e4 3b ca 15 66 80 ca e0 7d 0b 84 cb c7 fc 9b 1d 4e 80 cd 86 69 aa 95 
0040: 6a ed 8b b1 7b 0a 20 a5 03 1c 28 8d fa 8b 9f 4c 17 9a 32 05 8b 3c ba 45 2e 9d c2 86 bb 40 33 67 
0060: 93 22 de 0a 33 35 bf 0c ea f6 a5 69 cb bd 81 00 00 aa bb cc dd ee ff 00 03 12 f1 c0 3e ba ce 21 
0080: 5f 95 e5 fb 62 6b ce 30 e5 b5 87 d2 78 04 e8 10 71 bc 73 80 c0 b5 fa b2 1b d3 b1 33 42 47 37 74 
00a0: f3 9b cc 3f b7 b5 37 af 9c 0c c9 a0 d6 90 4f 19 2c f8 39 04 b5 d6 29 88 d8 05 23 11 83 c3 e2 b4 
00c0: b9 bb 6c 8b 92 7a 19 78 33 63 74 fe 83 aa fb 25 37 e7 44 94 13 c1 3f c5 b3 
measurement_record_length - 0x000047
nonce (0x20) - 4c 17 9a 32 05 8b 3c ba 45 2e 9d c2 86 bb 40 33 67 93 22 de 0a 33 35 bf 0c ea f6 a5 69 cb bd 81 
RequesterContext - aa bb cc dd ee ff 00 03 
signature (0x60):
0000: 12 f1 c0 3e ba ce 21 5f 95 e5 fb 62 6b ce 30 e5 b5 87 d2 78 04 e8 10 71 bc 73 80 c0 b5 fa b2 1b 
0020: d3 b1 33 42 47 37 74 f3 9b cc 3f b7 b5 37 af 9c 0c c9 a0 d6 90 4f 19 2c f8 39 04 b5 d6 29 88 d8 
0040: 05 23 11 83 c3 e2 b4 b9 bb 6c 8b 92 7a 19 78 33 63 74 fe 83 aa fb 25 37 e7 44 94 13 c1 3f c5 b3 
l1l2 hash - 5e d5 5b 1e 3d 6f ca b7 01 47 52 f7 be a7 da 9b f8 a4 60 58 3d 72 c7 6b f3 99 df a2 e1 3c 55 7c 15 82 c9 b8 3a 1a c5 29 62 ff 55 62 7c 31 76 96 
!!! verify_measurement_signature - PASS !!!
exist measurement index - 0x4
RequesterNonce - a8 c3 df 4e 3f 79 81 4c c1 36 1e 2d 5c 88 00 0f a7 58 51 14 34 4c 03 96 ae 79 12 92 53 33 23 7b 
RequesterContext - aa bb cc dd ee ff 00 04 
libspdm_send_spdm_request[0] msg SPDM_GET_MEASUREMENTS(0xe0), size (0x2d): 
0000: 13 e0 01 04 a8 c3 df 4e 3f 79 81 4c c1 36 1e 2d 5c 88 00 0f a7 58 51 14 34 4c 03 96 ae 79 12 92 
0020: 53 33 23 7b 00 aa bb cc dd ee ff 00 04 
Platform port Transmit command: 00 00 00 01 
Platform port Transmit transport_type: 00 00 00 01 
Platform port Transmit size: 00 00 00 2e 
Platform port Transmit buffer:
    05 13 e0 01 04 a8 c3 df 4e 3f 79 81 4c c1 36 1e 2d 5c 88 00 0f a7 58 51 14 34 4c 03 96 ae 79 12 92 53 33 23 7b 00 aa bb cc dd ee ff 00 04 
Platform port Receive command: 00 00 00 01 
Platform port Receive transport_type: 00 00 00 01 
Platform port Receive size: 00 00 00 da 
Platform port Receive buffer:
    05 13 60 00 20 01 47 00 00 04 01 43 00 03 40 00 3a 0b d5 b0 84 36 b1 d3 86 12 20 90 cf a0 44 6c f2 57 1b 74 f2 a1 5f 44 df 73 56 95 da b8 4b bb 1b eb b3 ae f3 9a f6 a0 f9 72 79 b5 fb 04 d5 13 a5 2d d1 65 47 fe 88 d0 45 58 15 52 0c 86 1e d4 0e 67 a9 f6 dd fb 7e 09 86 46 5f 33 7f 1a f3 24 b9 5f 98 98 d2 3e 02 6e f2 12 e6 f2 ba 33 91 ee 00 00 aa bb cc dd ee ff 00 04 3d 3d 75 59 40 11 8d ec 3e 4b a7 d7 cc c4 08 ee a0 47 f6 9b 94 f9 60 59 1e e5 93 35 d6 9d e8 f4 8d 52 d1 55 b1 ed ed 82 5f c1 31 fb 43 a1 6c 87 43 00 78 d9 e8 15 5f 25 c2 cf 2a c6 36 ab d0 b6 a3 88 7b 60 3d cf 32 e1 7a f6 91 89 dc 9f 67 7d 94 67 68 1a 5d 0d da 50 59 f8 35 5b 18 6a 50 39 
libspdm_receive_spdm_response[0] msg SPDM_MEASUREMENTS(0x60), size (0xd9): 
0000: 13 60 00 20 01 47 00 00 04 01 43 00 03 40 00 3a 0b d5 b0 84 36 b1 d3 86 12 20 90 cf a0 44 6c f2 
0020: 57 1b 74 f2 a1 5f 44 df 73 56 95 da b8 4b bb 1b eb b3 ae f3 9a f6 a0 f9 72 79 b5 fb 04 d5 13 a5 
0040: 2d d1 65 47 fe 88 d0 45 58 15 52 0c 86 1e d4 0e 67 a9 f6 dd fb 7e 09 86 46 5f 33 7f 1a f3 24 b9 
0060: 5f 98 98 d2 3e 02 6e f2 12 e6 f2 ba 33 91 ee 00 00 aa bb cc dd ee ff 00 04 3d 3d 75 59 40 11 8d 
0080: ec 3e 4b a7 d7 cc c4 08 ee a0 47 f6 9b 94 f9 60 59 1e e5 93 35 d6 9d e8 f4 8d 52 d1 55 b1 ed ed 
00a0: 82 5f c1 31 fb 43 a1 6c 87 43 00 78 d9 e8 15 5f 25 c2 cf 2a c6 36 ab d0 b6 a3 88 7b 60 3d cf 32 
00c0: e1 7a f6 91 89 dc 9f 67 7d 94 67 68 1a 5d 0d da 50 59 f8 35 5b 18 6a 50 39 
measurement_record_length - 0x000047
nonce (0x20) - 0e 67 a9 f6 dd fb 7e 09 86 46 5f 33 7f 1a f3 24 b9 5f 98 98 d2 3e 02 6e f2 12 e6 f2 ba 33 91 ee 
RequesterContext - aa bb cc dd ee ff 00 04 
signature (0x60):
0000: 3d 3d 75 59 40 11 8d ec 3e 4b a7 d7 cc c4 08 ee a0 47 f6 9b 94 f9 60 59 1e e5 93 35 d6 9d e8 f4 
0020: 8d 52 d1 55 b1 ed ed 82 5f c1 31 fb 43 a1 6c 87 43 00 78 d9 e8 15 5f 25 c2 cf 2a c6 36 ab d0 b6 
0040: a3 88 7b 60 3d cf 32 e1 7a f6 91 89 dc 9f 67 7d 94 67 68 1a 5d 0d da 50 59 f8 35 5b 18 6a 50 39 
l1l2 hash - 2a a6 ca ab 0e 2b 2c af df d1 1e ed 72 c5 cd e3 50 23 59 d3 70 33 9d 06 a9 53 0b 76 eb d0 2c 0c f2 6e d5 bb 4d a5 8e 29 a5 98 5c 71 d9 0a ce 1b 
!!! verify_measurement_signature - PASS !!!
exist measurement index - 0x10
RequesterNonce - be e1 49 2f 3a 73 d8 18 25 d9 9f 1f 59 d0 1e ba f3 e9 38 b7 ba 08 e7 7d 50 92 4e 17 b1 b9 49 f2 
RequesterContext - aa bb cc dd ee ff 00 10 
libspdm_send_spdm_request[0] msg SPDM_GET_MEASUREMENTS(0xe0), size (0x2d): 
0000: 13 e0 01 10 be e1 49 2f 3a 73 d8 18 25 d9 9f 1f 59 d0 1e ba f3 e9 38 b7 ba 08 e7 7d 50 92 4e 17 
0020: b1 b9 49 f2 00 aa bb cc dd ee ff 00 10 
Platform port Transmit command: 00 00 00 01 
Platform port Transmit transport_type: 00 00 00 01 
Platform port Transmit size: 00 00 00 2e 
Platform port Transmit buffer:
    05 13 e0 01 10 be e1 49 2f 3a 73 d8 18 25 d9 9f 1f 59 d0 1e ba f3 e9 38 b7 ba 08 e7 7d 50 92 4e 17 b1 b9 49 f2 00 aa bb cc dd ee ff 00 10 
Platform port Receive command: 00 00 00 01 
Platform port Receive transport_type: 00 00 00 01 
Platform port Receive size: 00 00 00 a2 
Platform port Receive buffer:
    05 13 60 00 20 01 0f 00 00 10 01 0b 00 87 08 00 07 00 00 00 00 00 00 00 f4 e3 14 7c 9b 4e b1 08 6f 15 f9 45 a0 87 0b 87 c3 6b 69 b5 eb a1 23 fd b3 7d 9e 97 ca 0e b5 a9 00 00 aa bb cc dd ee ff 00 10 20 80 9a 07 db f4 04 7e 45 c0 0f a1 ef de bd a9 db 19 a8 9b 94 eb 26 8c 3f 09 fd 4e 1a c3 94 ba ba 65 70 2f 71 98 ed 1b 60 a2 aa 9a a9 c3 0c 3c 5d 2b 3f 1d d1 41 13 60 fe d0 a0 90 09 61 35 02 7b 22 eb f7 5e 93 09 17 ca 57 a3 f0 3b 30 7f 38 de 3b d7 69 8b eb 80 d0 98 0f 95 bf 59 bd 91 64 
libspdm_receive_spdm_response[0] msg SPDM_MEASUREMENTS(0x60), size (0xa1): 
0000: 13 60 00 20 01 0f 00 00 10 01 0b 00 87 08 00 07 00 00 00 00 00 00 00 f4 e3 14 7c 9b 4e b1 08 6f 
0020: 15 f9 45 a0 87 0b 87 c3 6b 69 b5 eb a1 23 fd b3 7d 9e 97 ca 0e b5 a9 00 00 aa bb cc dd ee ff 00 
0040: 10 20 80 9a 07 db f4 04 7e 45 c0 0f a1 ef de bd a9 db 19 a8 9b 94 eb 26 8c 3f 09 fd 4e 1a c3 94 
0060: ba ba 65 70 2f 71 98 ed 1b 60 a2 aa 9a a9 c3 0c 3c 5d 2b 3f 1d d1 41 13 60 fe d0 a0 90 09 61 35 
0080: 02 7b 22 eb f7 5e 93 09 17 ca 57 a3 f0 3b 30 7f 38 de 3b d7 69 8b eb 80 d0 98 0f 95 bf 59 bd 91 
00a0: 64 
measurement_record_length - 0x00000f
nonce (0x20) - f4 e3 14 7c 9b 4e b1 08 6f 15 f9 45 a0 87 0b 87 c3 6b 69 b5 eb a1 23 fd b3 7d 9e 97 ca 0e b5 a9 
RequesterContext - aa bb cc dd ee ff 00 10 
signature (0x60):
0000: 20 80 9a 07 db f4 04 7e 45 c0 0f a1 ef de bd a9 db 19 a8 9b 94 eb 26 8c 3f 09 fd 4e 1a c3 94 ba 
0020: ba 65 70 2f 71 98 ed 1b 60 a2 aa 9a a9 c3 0c 3c 5d 2b 3f 1d d1 41 13 60 fe d0 a0 90 09 61 35 02 
0040: 7b 22 eb f7 5e 93 09 17 ca 57 a3 f0 3b 30 7f 38 de 3b d7 69 8b eb 80 d0 98 0f 95 bf 59 bd 91 64 
l1l2 hash - 5e 22 ea 9b 77 34 a3 e3 e5 9b 7a 15 f0 6b 7c fd f6 b8 06 c0 6e 7a 0c ad 63 85 33 49 58 df cf 5d 41 0e c0 1a 7f 56 4a f5 a0 20 11 44 f0 30 ed f6 
!!! verify_measurement_signature - PASS !!!
exist measurement index - 0x11
RequesterNonce - 75 af ed 28 10 12 05 5d 4a 1a d7 b5 8f 35 d1 dc 51 71 d4 96 8e c2 33 62 bf 65 a6 33 6e 2e d8 44 
RequesterContext - aa bb cc dd ee ff 00 11 
libspdm_send_spdm_request[0] msg SPDM_GET_MEASUREMENTS(0xe0), size (0x2d): 
0000: 13 e0 01 11 75 af ed 28 10 12 05 5d 4a 1a d7 b5 8f 35 d1 dc 51 71 d4 96 8e c2 33 62 bf 65 a6 33 
0020: 6e 2e d8 44 00 aa bb cc dd ee ff 00 11 
Platform port Transmit command: 00 00 00 01 
Platform port Transmit transport_type: 00 00 00 01 
Platform port Transmit size: 00 00 00 2e 
Platform port Transmit buffer:
    05 13 e0 01 11 75 af ed 28 10 12 05 5d 4a 1a d7 b5 8f 35 d1 dc 51 71 d4 96 8e c2 33 62 bf 65 a6 33 6e 2e d8 44 00 aa bb cc dd ee ff 00 11 
Platform port Receive command: 00 00 00 01 
Platform port Receive transport_type: 00 00 00 01 
Platform port Receive size: 00 00 00 da 
Platform port Receive buffer:
    05 13 60 00 20 01 47 00 00 11 01 43 00 08 40 00 c4 f9 62 5b 48 d4 e0 e1 92 c4 63 a2 d0 0b 43 30 5d 7d 58 8d 7d 9c 84 6c 1d 3f 9e d1 19 88 83 72 9a 55 b9 17 8a 4f 71 01 df a1 c8 32 34 39 1b 2e e9 80 27 e8 a4 35 d0 28 3e 29 78 4e cd a6 40 6e 4b 82 ed 22 62 f1 fc 43 37 96 53 1d 5e 71 92 2b fa 1c a9 f1 4c 07 85 ea c2 3c 13 9f 6d d5 c3 12 00 00 aa bb cc dd ee ff 00 11 1c 20 af 85 ba 0c c0 86 ed 73 e1 08 48 14 5c 2f 84 0d 23 9e f8 a6 72 96 3c 1d e8 bc 4e 12 c5 dc 8c b9 4d 3a 7c 35 82 b3 c1 8f e9 27 08 d7 e4 7b 72 50 2b e5 1c 7a e3 e1 00 03 4d 6c 7b ed e5 b7 1d 9d 21 b6 48 ac fc bc 54 af 56 72 9f b6 44 e8 d2 4a 8d d8 ca a3 9f 09 1c 04 cc 9f ef 87 89 eb 
libspdm_receive_spdm_response[0] msg SPDM_MEASUREMENTS(0x60), size (0xd9): 
0000: 13 60 00 20 01 47 00 00 11 01 43 00 08 40 00 c4 f9 62 5b 48 d4 e0 e1 92 c4 63 a2 d0 0b 43 30 5d 
0020: 7d 58 8d 7d 9c 84 6c 1d 3f 9e d1 19 88 83 72 9a 55 b9 17 8a 4f 71 01 df a1 c8 32 34 39 1b 2e e9 
0040: 80 27 e8 a4 35 d0 28 3e 29 78 4e cd a6 40 6e 4b 82 ed 22 62 f1 fc 43 37 96 53 1d 5e 71 92 2b fa 
0060: 1c a9 f1 4c 07 85 ea c2 3c 13 9f 6d d5 c3 12 00 00 aa bb cc dd ee ff 00 11 1c 20 af 85 ba 0c c0 
0080: 86 ed 73 e1 08 48 14 5c 2f 84 0d 23 9e f8 a6 72 96 3c 1d e8 bc 4e 12 c5 dc 8c b9 4d 3a 7c 35 82 
00a0: b3 c1 8f e9 27 08 d7 e4 7b 72 50 2b e5 1c 7a e3 e1 00 03 4d 6c 7b ed e5 b7 1d 9d 21 b6 48 ac fc 
00c0: bc 54 af 56 72 9f b6 44 e8 d2 4a 8d d8 ca a3 9f 09 1c 04 cc 9f ef 87 89 eb 
measurement_record_length - 0x000047
nonce (0x20) - 4b 82 ed 22 62 f1 fc 43 37 96 53 1d 5e 71 92 2b fa 1c a9 f1 4c 07 85 ea c2 3c 13 9f 6d d5 c3 12 
RequesterContext - aa bb cc dd ee ff 00 11 
signature (0x60):
0000: 1c 20 af 85 ba 0c c0 86 ed 73 e1 08 48 14 5c 2f 84 0d 23 9e f8 a6 72 96 3c 1d e8 bc 4e 12 c5 dc 
0020: 8c b9 4d 3a 7c 35 82 b3 c1 8f e9 27 08 d7 e4 7b 72 50 2b e5 1c 7a e3 e1 00 03 4d 6c 7b ed e5 b7 
0040: 1d 9d 21 b6 48 ac fc bc 54 af 56 72 9f b6 44 e8 d2 4a 8d d8 ca a3 9f 09 1c 04 cc 9f ef 87 89 eb 
l1l2 hash - 8e 92 b4 3e eb df cc 9e e6 83 4a 59 0f d4 ca 58 1e 44 75 d2 20 20 35 d7 c9 1b e7 68 01 57 3b 30 86 1d ad 48 2e 4c 9c 87 da f8 53 89 f4 f8 37 4f 
!!! verify_measurement_signature - PASS !!!
exist measurement index - 0xfd
RequesterNonce - 2c 90 f7 92 48 8d e1 d7 d4 6e 4a d9 c0 13 85 cc 8a 25 dc 36 7f 74 85 6d 7d 44 7c 1a 0d db e9 b1 
RequesterContext - aa bb cc dd ee ff 00 fd 
libspdm_send_spdm_request[0] msg SPDM_GET_MEASUREMENTS(0xe0), size (0x2d): 
0000: 13 e0 01 fd 2c 90 f7 92 48 8d e1 d7 d4 6e 4a d9 c0 13 85 cc 8a 25 dc 36 7f 74 85 6d 7d 44 7c 1a 
0020: 0d db e9 b1 00 aa bb cc dd ee ff 00 fd 
Platform port Transmit command: 00 00 00 01 
Platform port Transmit transport_type: 00 00 00 01 
Platform port Transmit size: 00 00 00 2e 
Platform port Transmit buffer:
    05 13 e0 01 fd 2c 90 f7 92 48 8d e1 d7 d4 6e 4a d9 c0 13 85 cc 8a 25 dc 36 7f 74 85 6d 7d 44 7c 1a 0d db e9 b1 00 aa bb cc dd ee ff 00 fd 
Platform port Receive command: 00 00 00 01 
Platform port Receive transport_type: 00 00 00 01 
Platform port Receive size: 00 00 01 1a 
Platform port Receive buffer:
    05 13 60 00 20 01 87 00 00 fd 01 83 00 84 80 00 fd fd fd fd fd fd fd fd fd fd fd fd fd fd fd fd fd fd fd fd fd fd fd fd fd fd fd fd fd fd fd fd fd fd fd fd fd fd fd fd fd fd fd fd fd fd fd fd fd fd fd fd fd fd fd fd fd fd fd fd fd fd fd fd fd fd fd fd fd fd fd fd fd fd fd fd fd fd fd fd fd fd fd fd fd fd fd fd fd fd fd fd fd fd fd fd fd fd fd fd fd fd fd fd fd fd fd fd fd fd fd fd fd fd fd fd fd fd fd fd fd fd fd fd fd fd fd fd 0a 02 6a b1 98 b6 73 e8 1c 5f 59 7c 8b 7a 32 9e 40 4e 9f 80 92 54 02 c0 60 5d 9c 82 59 a6 d0 db 00 00 aa bb cc dd ee ff 00 fd 10 d0 25 8a d4 84 36 34 94 21 9e 39 01 56 b9 5b 19 fd 66 9c 05 35 ce a0 3d 08 69 50 e0 68 dc db ef 7e a7 68 7f 62 4d 27 13 f8 2a 90 3d 49 24 cd 73 72 b5 93 a0 f4 bc b9 ad 24 37 05 fc 93 a2 94 88 8a 58 30 ff 58 6e 61 4b 93 86 23 56 ad ee c7 8b 2d a2 2c 39 fc 48 a0 c8 a9 b5 71 49 42 d4 12 
libspdm_receive_spdm_response[0] msg SPDM_MEASUREMENTS(0x60), size (0x119): 
0000: 13 60 00 20 01 87 00 00 fd 01 83 00 84 80 00 fd fd fd fd fd fd fd fd fd fd fd fd fd fd fd fd fd 
0020: fd fd fd fd fd fd fd fd fd fd fd fd fd fd fd fd fd fd fd fd fd fd fd fd fd fd fd fd fd fd fd fd 
0040: fd fd fd fd fd fd fd fd fd fd fd fd fd fd fd fd fd fd fd fd fd fd fd fd fd fd fd fd fd fd fd fd 
0060: fd fd fd fd fd fd fd fd fd fd fd fd fd fd fd fd fd fd fd fd fd fd fd fd fd fd fd fd fd fd fd fd 
0080: fd fd fd fd fd fd fd fd fd fd fd fd fd fd fd 0a 02 6a b1 98 b6 73 e8 1c 5f 59 7c 8b 7a 32 9e 40 
00a0: 4e 9f 80 92 54 02 c0 60 5d 9c 82 59 a6 d0 db 00 00 aa bb cc dd ee ff 00 fd 10 d0 25 8a d4 84 36 
00c0: 34 94 21 9e 39 01 56 b9 5b 19 fd 66 9c 05 35 ce a0 3d 08 69 50 e0 68 dc db ef 7e a7 68 7f 62 4d 
00e0: 27 13 f8 2a 90 3d 49 24 cd 73 72 b5 93 a0 f4 bc b9 ad 24 37 05 fc 93 a2 94 88 8a 58 30 ff 58 6e 
0100: 61 4b 93 86 23 56 ad ee c7 8b 2d a2 2c 39 fc 48 a0 c8 a9 b5 71 49 42 d4 12 
measurement_record_length - 0x000087
nonce (0x20) - 0a 02 6a b1 98 b6 73 e8 1c 5f 59 7c 8b 7a 32 9e 40 4e 9f 80 92 54 02 c0 60 5d 9c 82 59 a6 d0 db 
RequesterContext - aa bb cc dd ee ff 00 fd 
signature (0x60):
0000: 10 d0 25 8a d4 84 36 34 94 21 9e 39 01 56 b9 5b 19 fd 66 9c 05 35 ce a0 3d 08 69 50 e0 68 dc db 
0020: ef 7e a7 68 7f 62 4d 27 13 f8 2a 90 3d 49 24 cd 73 72 b5 93 a0 f4 bc b9 ad 24 37 05 fc 93 a2 94 
0040: 88 8a 58 30 ff 58 6e 61 4b 93 86 23 56 ad ee c7 8b 2d a2 2c 39 fc 48 a0 c8 a9 b5 71 49 42 d4 12 
l1l2 hash - d5 f8 01 ac 88 2b b0 99 b0 5a 22 ec 92 91 31 17 9a 9e 60 c7 1c d5 4a 39 f2 be a2 b0 7f fe 66 70 e1 9c de 5c c0 da 82 72 be 3f 5b 8a 20 cd c8 b3 
!!! verify_measurement_signature - PASS !!!
exist measurement index - 0xfe
RequesterNonce - 54 a6 f9 c0 5a 3f da 94 e5 0c cf c4 d5 5b 9a 13 bc 82 72 f3 3c cc 8e 53 1d fb 94 8d 05 d1 e8 d0 
RequesterContext - aa bb cc dd ee ff 00 fe 
libspdm_send_spdm_request[0] msg SPDM_GET_MEASUREMENTS(0xe0), size (0x2d): 
0000: 13 e0 01 fe 54 a6 f9 c0 5a 3f da 94 e5 0c cf c4 d5 5b 9a 13 bc 82 72 f3 3c cc 8e 53 1d fb 94 8d 
0020: 05 d1 e8 d0 00 aa bb cc dd ee ff 00 fe 
Platform port Transmit command: 00 00 00 01 
Platform port Transmit transport_type: 00 00 00 01 
Platform port Transmit size: 00 00 00 2e 
Platform port Transmit buffer:
    05 13 e0 01 fe 54 a6 f9 c0 5a 3f da 94 e5 0c cf c4 d5 5b 9a 13 bc 82 72 f3 3c cc 8e 53 1d fb 94 8d 05 d1 e8 d0 00 aa bb cc dd ee ff 00 fe 
Platform port Receive command: 00 00 00 01 
Platform port Receive transport_type: 00 00 00 01 
Platform port Receive size: 00 00 00 aa 
Platform port Receive buffer:
    05 13 60 00 20 01 17 00 00 fe 01 13 00 85 10 00 3f 00 00 00 04 00 00 00 1f 00 00 00 11 00 00 00 4d 2d fc ea 5a ca 53 b2 3d 74 90 75 c4 53 9d 7d 88 b6 19 cf 11 1e 37 d3 55 c7 17 f1 06 bd 89 fb 00 00 aa bb cc dd ee ff 00 fe aa e5 5b 51 b5 4e 6f 96 f7 ae be da bb e3 a9 20 81 c5 77 84 75 8f 77 e1 8f 1d 59 fe 4c dd 89 8c a8 7a f8 87 f7 9d c9 d4 30 7c fc c4 98 3b f9 7b 1a 06 fa d6 ca 39 d0 c1 46 a3 09 f7 d3 1a 31 2a a4 da 01 5a 5e 17 97 58 87 af be 27 5c a1 87 42 80 52 b7 d3 83 48 58 04 57 7b 2b 17 a5 6f 12 61 
libspdm_receive_spdm_response[0] msg SPDM_MEASUREMENTS(0x60), size (0xa9): 
0000: 13 60 00 20 01 17 00 00 fe 01 13 00 85 10 00 3f 00 00 00 04 00 00 00 1f 00 00 00 11 00 00 00 4d 
0020: 2d fc ea 5a ca 53 b2 3d 74 90 75 c4 53 9d 7d 88 b6 19 cf 11 1e 37 d3 55 c7 17 f1 06 bd 89 fb 00 
0040: 00 aa bb cc dd ee ff 00 fe aa e5 5b 51 b5 4e 6f 96 f7 ae be da bb e3 a9 20 81 c5 77 84 75 8f 77 
0060: e1 8f 1d 59 fe 4c dd 89 8c a8 7a f8 87 f7 9d c9 d4 30 7c fc c4 98 3b f9 7b 1a 06 fa d6 ca 39 d0 
0080: c1 46 a3 09 f7 d3 1a 31 2a a4 da 01 5a 5e 17 97 58 87 af be 27 5c a1 87 42 80 52 b7 d3 83 48 58 
00a0: 04 57 7b 2b 17 a5 6f 12 61 
measurement_record_length - 0x000017
nonce (0x20) - 4d 2d fc ea 5a ca 53 b2 3d 74 90 75 c4 53 9d 7d 88 b6 19 cf 11 1e 37 d3 55 c7 17 f1 06 bd 89 fb 
RequesterContext - aa bb cc dd ee ff 00 fe 
signature (0x60):
0000: aa e5 5b 51 b5 4e 6f 96 f7 ae be da bb e3 a9 20 81 c5 77 84 75 8f 77 e1 8f 1d 59 fe 4c dd 89 8c 
0020: a8 7a f8 87 f7 9d c9 d4 30 7c fc c4 98 3b f9 7b 1a 06 fa d6 ca 39 d0 c1 46 a3 09 f7 d3 1a 31 2a 
0040: a4 da 01 5a 5e 17 97 58 87 af be 27 5c a1 87 42 80 52 b7 d3 83 48 58 04 57 7b 2b 17 a5 6f 12 61 
l1l2 hash - 5c d6 3a 87 73 09 d9 cf 82 d6 50 0d 68 8b 0d b3 b7 90 bb 37 17 8b 5e 8f b2 57 ea 12 19 52 d6 a7 e3 38 a0 64 a9 7c a8 96 d2 80 56 48 5b 83 73 37 
!!! verify_measurement_signature - PASS !!!
Platform port Transmit command: 00 00 ff fe 
Platform port Transmit transport_type: 00 00 00 01 
Platform port Transmit size: 00 00 00 00 
Platform port Transmit buffer:
    
Platform port Receive command: 00 00 ff fe 
Platform port Receive transport_type: 00 00 00 01 
Platform port Receive size: 00 00 00 00 
Client stopped
