spdm_requester_emu version 0.1
exe_conn - 0x0000001e
exe_session - 0x00000004
meas_op - 0x00
connect success!
Platform port Transmit command: 00 00 de ad 
Platform port Transmit transport_type: 00 00 00 01 
Platform port Transmit size: 00 00 00 0e 
Platform port Transmit buffer:
    43 6c 69 65 6e 74 20 48 65 6c 6c 6f 21 00 
Platform port Receive command: 00 00 de ad 
Platform port Receive transport_type: 00 00 00 01 
Platform port Receive size: 00 00 00 0e 
Platform port Receive buffer:
    53 65 72 76 65 72 20 48 65 6c 6c 6f 21 00 
context_size - 0x30e8
libspdm_send_spdm_request[0] msg SPDM_GET_VERSION(0x84), size (0x4): 
0000: 10 84 00 00 
Platform port Transmit command: 00 00 00 01 
Platform port Transmit transport_type: 00 00 00 01 
Platform port Transmit size: 00 00 00 05 
Platform port Transmit buffer:
    05 10 84 00 00 
Platform port Receive command: 00 00 00 01 
Platform port Receive transport_type: 00 00 00 01 
Platform port Receive size: 00 00 00 0f 
Platform port Receive buffer:
    05 10 04 00 00 00 04 00 10 00 11 00 12 00 13 
libspdm_receive_spdm_response[0] msg SPDM_VERSION(0x4), size (0xe): 
0000: 10 04 00 00 00 04 00 10 00 11 00 12 00 13 
libspdm_send_spdm_request[0] msg SPDM_GET_CAPABILITIES(0xe1), size (0x14): 
0000: 13 e1 00 00 00 00 00 00 c6 f7 82 08 00 12 00 00 00 12 00 00 
Platform port Transmit command: 00 00 00 01 
Platform port Transmit transport_type: 00 00 00 01 
Platform port Transmit size: 00 00 00 15 
Platform port Transmit buffer:
    05 13 e1 00 00 00 00 00 00 c6 f7 82 08 00 12 00 00 00 12 00 00 
Platform port Receive command: 00 00 00 01 
Platform port Receive transport_type: 00 00 00 01 
Platform port Receive size: 00 00 00 15 
Platform port Receive buffer:
    05 13 61 00 00 00 00 00 00 f7 fb 9a 39 00 12 00 00 00 12 00 00 
libspdm_receive_spdm_response[0] msg SPDM_CAPABILITIES(0x61), size (0x14): 
0000: 13 61 00 00 00 00 00 00 f7 fb 9a 39 00 12 00 00 00 12 00 00 
libspdm_send_spdm_request[0] msg SPDM_NEGOTIATE_ALGORITHMS(0xe3), size (0x30): 
0000: 13 e3 04 00 30 00 01 12 90 00 00 00 03 00 00 00 00 00 00 00 00 00 00 00 00 00 00 00 00 00 00 01 
0020: 02 20 1b 00 03 20 06 00 04 20 0f 00 05 20 01 00 
Platform port Transmit command: 00 00 00 01 
Platform port Transmit transport_type: 00 00 00 01 
Platform port Transmit size: 00 00 00 31 
Platform port Transmit buffer:
    05 13 e3 04 00 30 00 01 12 90 00 00 00 03 00 00 00 00 00 00 00 00 00 00 00 00 00 00 00 00 00 00 01 02 20 1b 00 03 20 06 00 04 20 0f 00 05 20 01 00 
Platform port Receive command: 00 00 00 01 
Platform port Receive transport_type: 00 00 00 01 
Platform port Receive size: 00 00 00 35 
Platform port Receive buffer:
    05 13 63 04 00 34 00 01 12 08 00 00 00 80 00 00 00 02 00 00 00 00 00 00 00 00 00 00 00 00 00 00 01 00 00 00 00 02 20 10 00 03 20 02 00 04 20 08 00 05 20 01 00 
libspdm_receive_spdm_response[0] msg SPDM_ALGORITHMS(0x63), size (0x34): 
0000: 13 63 04 00 34 00 01 12 08 00 00 00 80 00 00 00 02 00 00 00 00 00 00 00 00 00 00 00 00 00 00 01 
0020: 00 00 00 00 02 20 10 00 03 20 02 00 04 20 08 00 05 20 01 00 
slot_id - 0
req_slot_id - 0
libspdm_send_spdm_request[0] msg SPDM_GET_DIGESTS(0x81), size (0x4): 
0000: 13 81 00 00 
Platform port Transmit command: 00 00 00 01 
Platform port Transmit transport_type: 00 00 00 01 
Platform port Transmit size: 00 00 00 05 
Platform port Transmit buffer:
    05 13 81 00 00 
Platform port Receive command: 00 00 00 01 
Platform port Receive transport_type: 00 00 00 01 
Platform port Receive size: 00 00 00 a1 
Platform port Receive buffer:
    05 13 01 07 07 dc 02 4e 78 fa 5e 45 d8 2e 45 c6 7f b5 fc e2 b9 98 7a df ee 9e a3 3e 56 d5 ed 83 47 e8 aa a3 d0 18 91 72 7f 3c 5d d7 a2 e1 ab 7f d3 61 38 37 5d 0d 0d 5c f1 c3 ba 90 2c d5 9c 95 f2 5e 29 15 0f a3 78 70 8e a1 cd 97 82 da 82 ff c3 ea c4 8e 13 48 22 0e 89 ab 97 f8 bb 92 8a 82 4e 9e f5 95 1f dc 02 4e 78 fa 5e 45 d8 2e 45 c6 7f b5 fc e2 b9 98 7a df ee 9e a3 3e 56 d5 ed 83 47 e8 aa a3 d0 18 91 72 7f 3c 5d d7 a2 e1 ab 7f d3 61 38 37 5d a0 a1 a2 01 01 01 0f 00 0f 00 0f 00 
libspdm_receive_spdm_response[0] msg SPDM_DIGESTS(0x1), size (0xa0): 
0000: 13 01 07 07 dc 02 4e 78 fa 5e 45 d8 2e 45 c6 7f b5 fc e2 b9 98 7a df ee 9e a3 3e 56 d5 ed 83 47 
0020: e8 aa a3 d0 18 91 72 7f 3c 5d d7 a2 e1 ab 7f d3 61 38 37 5d 0d 0d 5c f1 c3 ba 90 2c d5 9c 95 f2 
0040: 5e 29 15 0f a3 78 70 8e a1 cd 97 82 da 82 ff c3 ea c4 8e 13 48 22 0e 89 ab 97 f8 bb 92 8a 82 4e 
0060: 9e f5 95 1f dc 02 4e 78 fa 5e 45 d8 2e 45 c6 7f b5 fc e2 b9 98 7a df ee 9e a3 3e 56 d5 ed 83 47 
0080: e8 aa a3 d0 18 91 72 7f 3c 5d d7 a2 e1 ab 7f d3 61 38 37 5d a0 a1 a2 01 01 01 0f 00 0f 00 0f 00 
provisioned_slot_mask - 0x07
supported_slot_mask - 0x07
digest (0x0) - dc 02 4e 78 fa 5e 45 d8 2e 45 c6 7f b5 fc e2 b9 98 7a df ee 9e a3 3e 56 d5 ed 83 47 e8 aa a3 d0 18 91 72 7f 3c 5d d7 a2 e1 ab 7f d3 61 38 37 5d 
digest (0x1) - 0d 0d 5c f1 c3 ba 90 2c d5 9c 95 f2 5e 29 15 0f a3 78 70 8e a1 cd 97 82 da 82 ff c3 ea c4 8e 13 48 22 0e 89 ab 97 f8 bb 92 8a 82 4e 9e f5 95 1f 
digest (0x2) - dc 02 4e 78 fa 5e 45 d8 2e 45 c6 7f b5 fc e2 b9 98 7a df ee 9e a3 3e 56 d5 ed 83 47 e8 aa a3 d0 18 91 72 7f 3c 5d d7 a2 e1 ab 7f d3 61 38 37 5d 
key_pair_id (0x0) - 0xa0
key_pair_id (0x1) - 0xa1
key_pair_id (0x2) - 0xa2
cert_info (0x0) - 0x01
cert_info (0x1) - 0x01
cert_info (0x2) - 0x01
key_usage_bit_mask (0x0) - 0x000f
key_usage_bit_mask (0x1) - 0x000f
key_usage_bit_mask (0x2) - 0x000f
request (offset 0x0, size 0x400):
libspdm_send_spdm_request[0] msg SPDM_GET_CERTIFICATE(0x82), size (0x8): 
0000: 13 82 00 00 00 00 00 04 
Platform port Transmit command: 00 00 00 01 
Platform port Transmit transport_type: 00 00 00 01 
Platform port Transmit size: 00 00 00 09 
Platform port Transmit buffer:
    05 13 82 00 00 00 00 00 04 
Platform port Receive command: 00 00 00 01 
Platform port Receive transport_type: 00 00 00 01 
Platform port Receive size: 00 00 04 09 
Platform port Receive buffer:
    05 13 02 00 01 00 04 37 02 37 06 00 00 71 0b a5 94 61 1d 3a 37 c9 10 a1 44 38 f6 d9 2e 7d b9 bb aa 6b ab 66 de bc ea b1 cf 23 a3 38 90 73 24 2e 5f 6c e9 f6 7b c9 8a 7f a2 fa 38 46 e2 30 82 01 d4 30 82 01 5a a0 03 02 01 02 02 14 21 41 dd 4e ec f8 19 62 24 2e 7e d6 ae 64 cb 29 5d c4 90 51 30 0a 06 08 2a 86 48 ce 3d 04 03 03 30 21 31 1f 30 1d 06 03 55 04 03 0c 16 44 4d 54 46 20 6c 69 62 73 70 64 6d 20 45 43 50 33 38 34 20 43 41 30 1e 17 0d 32 33 30 34 32 30 30 31 31 33 35 34 5a 17 0d 33 33 30 34 31 37 30 31 31 33 35 34 5a 30 21 31 1f 30 1d 06 03 55 04 03 0c 16 44 4d 54 46 20 6c 69 62 73 70 64 6d 20 45 43 50 33 38 34 20 43 41 30 76 30 10 06 07 2a 86 48 ce 3d 02 01 06 05 2b 81 04 00 22 03 62 00 04 15 1c 0b 41 fb 87 d5 20 e0 7a f8 58 67 ef c0 ed 61 af 58 bf 92 52 33 ae 87 a9 7f 46 8b d4 b6 ef aa 2c 5b 0f 84 19 a0 8c 10 9b 81 4c d7 64 7e 32 6e 02 c5 fc 3d 25 7c a3 bc b5 ca a6 ce 04 11 8d bd ba 19 73 92 98 56 cc 99 24 48 17 ef b2 fb 54 3f f0 31 1d b4 a3 04 ea dc 22 ca c8 9a 2d fd fc a3 53 30 51 30 1d 06 03 55 1d 0e 04 16 04 14 4a e2 a4 0a c0 5d ae a2 30 aa d0 57 70 d0 51 58 5f 5c a3 52 30 1f 06 03 55 1d 23 04 18 30 16 80 14 4a e2 a4 0a c0 5d ae a2 30 aa d0 57 70 d0 51 58 5f 5c a3 52 30 0f 06 03 55 1d 13 01 01 ff 04 05 30 03 01 01 ff 30 0a 06 08 2a 86 48 ce 3d 04 03 03 03 68 00 30 65 02 30 2a 32 95 2c ff aa 1f 33 52 6f 6c fd 40 72 ff 17 89 6e 03 5f bb 42 03 c4 6e 17 86 aa 98 a8 c1 20 12 d9 04 7c 16 ea 1f ae 8a ef 85 11 41 57 df fc 02 31 00 a8 4c b9 90 4b 2f 6a 4f c2 8e d8 23 ad 81 de 4c 51 50 0b 27 17 8f 46 26 89 3b 9f f9 ce 48 e0 ee 28 fd 3f 06 e1 b3 4d 8f 6c 48 1c 2a 94 a9 d0 de 30 82 01 dc 30 82 01 61 a0 03 02 01 02 02 01 01 30 0a 06 08 2a 86 48 ce 3d 04 03 03 30 21 31 1f 30 1d 06 03 55 04 03 0c 16 44 4d 54 46 20 6c 69 62 73 70 64 6d 20 45 43 50 33 38 34 20 43 41 30 1e 17 0d 32 33 30 34 32 30 30 31 31 34 30 35 5a 17 0d 33 33 30 34 31 37 30 31 31 34 30 35 5a 30 30 31 2e 30 2c 06 03 55 04 03 0c 25 44 4d 54 46 20 6c 69 62 73 70 64 6d 20 45 43 50 33 38 34 20 69 6e 74 65 72 6d 65 64 69 61 74 65 20 63 65 72 74 30 76 30 10 06 07 2a 86 48 ce 3d 02 01 06 05 2b 81 04 00 22 03 62 00 04 31 7d 01 41 1a f7 e9 ea 5c 39 1e 37 6a 16 8d 2c 6e d9 7e ea 19 25 c5 97 40 dc ce 39 7f 92 46 cb fb 4b 44 d8 f7 3d db 47 a6 44 bf 55 77 02 35 d1 37 27 68 a4 e8 04 4e 87 75 8f 59 57 a9 80 b8 b4 3c 97 ca fa 1b 13 a8 50 dc 0d 7a be 13 3d 31 5b fd d8 9f d6 fc aa 27 33 b8 92 5c 5b b8 0c 24 ca a3 5e 30 5c 30 0c 06 03 55 1d 13 04 05 30 03 01 01 ff 30 0b 06 03 55 1d 0f 04 04 03 02 01 fe 30 1d 06 03 55 1d 0e 04 16 04 14 00 0f 6f a7 6b 1f 34 03 0e 5a 21 c7 38 eb f1 a5 57 d5 57 cd 30 20 06 03 55 1d 25 01 01 ff 04 16 30 14 06 08 2b 06 01 05 05 07 03 01 06 08 2b 06 01 05 05 07 03 02 30 0a 06 08 2a 86 48 ce 3d 04 03 03 03 69 00 30 66 02 31 00 99 03 64 47 66 6c 30 6a b7 9d d3 5a 99 21 68 ae 09 50 6f eb b4 fd ef 69 0b cf b2 56 4f b6 8f 1f 43 11 0c de f6 fd 77 fd a9 34 25 81 7e 97 64 4c 02 31 00 f9 c7 5c 54 3d 43 92 9a 30 3d 61 1a 1e f8 65 51 d4 d5 20 90 d2 85 f0 44 de 40 85 ea 34 61 dd 6b fe 60 bd 0a c0 db 3d 43 2c ad d4 c4 e9 fa 22 33 30 82 02 47 30 82 01 cc a0 03 02 01 02 02 01 03 30 0a 06 08 
libspdm_receive_spdm_response[0] msg SPDM_CERTIFICATE(0x2), size (0x408): 
0000: 13 02 00 01 00 04 37 02 37 06 00 00 71 0b a5 94 61 1d 3a 37 c9 10 a1 44 38 f6 d9 2e 7d b9 bb aa 
0020: 6b ab 66 de bc ea b1 cf 23 a3 38 90 73 24 2e 5f 6c e9 f6 7b c9 8a 7f a2 fa 38 46 e2 30 82 01 d4 
0040: 30 82 01 5a a0 03 02 01 02 02 14 21 41 dd 4e ec f8 19 62 24 2e 7e d6 ae 64 cb 29 5d c4 90 51 30 
0060: 0a 06 08 2a 86 48 ce 3d 04 03 03 30 21 31 1f 30 1d 06 03 55 04 03 0c 16 44 4d 54 46 20 6c 69 62 
0080: 73 70 64 6d 20 45 43 50 33 38 34 20 43 41 30 1e 17 0d 32 33 30 34 32 30 30 31 31 33 35 34 5a 17 
00a0: 0d 33 33 30 34 31 37 30 31 31 33 35 34 5a 30 21 31 1f 30 1d 06 03 55 04 03 0c 16 44 4d 54 46 20 
00c0: 6c 69 62 73 70 64 6d 20 45 43 50 33 38 34 20 43 41 30 76 30 10 06 07 2a 86 48 ce 3d 02 01 06 05 
00e0: 2b 81 04 00 22 03 62 00 04 15 1c 0b 41 fb 87 d5 20 e0 7a f8 58 67 ef c0 ed 61 af 58 bf 92 52 33 
0100: ae 87 a9 7f 46 8b d4 b6 ef aa 2c 5b 0f 84 19 a0 8c 10 9b 81 4c d7 64 7e 32 6e 02 c5 fc 3d 25 7c 
0120: a3 bc b5 ca a6 ce 04 11 8d bd ba 19 73 92 98 56 cc 99 24 48 17 ef b2 fb 54 3f f0 31 1d b4 a3 04 
0140: ea dc 22 ca c8 9a 2d fd fc a3 53 30 51 30 1d 06 03 55 1d 0e 04 16 04 14 4a e2 a4 0a c0 5d ae a2 
0160: 30 aa d0 57 70 d0 51 58 5f 5c a3 52 30 1f 06 03 55 1d 23 04 18 30 16 80 14 4a e2 a4 0a c0 5d ae 
0180: a2 30 aa d0 57 70 d0 51 58 5f 5c a3 52 30 0f 06 03 55 1d 13 01 01 ff 04 05 30 03 01 01 ff 30 0a 
01a0: 06 08 2a 86 48 ce 3d 04 03 03 03 68 00 30 65 02 30 2a 32 95 2c ff aa 1f 33 52 6f 6c fd 40 72 ff 
01c0: 17 89 6e 03 5f bb 42 03 c4 6e 17 86 aa 98 a8 c1 20 12 d9 04 7c 16 ea 1f ae 8a ef 85 11 41 57 df 
01e0: fc 02 31 00 a8 4c b9 90 4b 2f 6a 4f c2 8e d8 23 ad 81 de 4c 51 50 0b 27 17 8f 46 26 89 3b 9f f9 
0200: ce 48 e0 ee 28 fd 3f 06 e1 b3 4d 8f 6c 48 1c 2a 94 a9 d0 de 30 82 01 dc 30 82 01 61 a0 03 02 01 
0220: 02 02 01 01 30 0a 06 08 2a 86 48 ce 3d 04 03 03 30 21 31 1f 30 1d 06 03 55 04 03 0c 16 44 4d 54 
0240: 46 20 6c 69 62 73 70 64 6d 20 45 43 50 33 38 34 20 43 41 30 1e 17 0d 32 33 30 34 32 30 30 31 31 
0260: 34 30 35 5a 17 0d 33 33 30 34 31 37 30 31 31 34 30 35 5a 30 30 31 2e 30 2c 06 03 55 04 03 0c 25 
0280: 44 4d 54 46 20 6c 69 62 73 70 64 6d 20 45 43 50 33 38 34 20 69 6e 74 65 72 6d 65 64 69 61 74 65 
02a0: 20 63 65 72 74 30 76 30 10 06 07 2a 86 48 ce 3d 02 01 06 05 2b 81 04 00 22 03 62 00 04 31 7d 01 
02c0: 41 1a f7 e9 ea 5c 39 1e 37 6a 16 8d 2c 6e d9 7e ea 19 25 c5 97 40 dc ce 39 7f 92 46 cb fb 4b 44 
02e0: d8 f7 3d db 47 a6 44 bf 55 77 02 35 d1 37 27 68 a4 e8 04 4e 87 75 8f 59 57 a9 80 b8 b4 3c 97 ca 
0300: fa 1b 13 a8 50 dc 0d 7a be 13 3d 31 5b fd d8 9f d6 fc aa 27 33 b8 92 5c 5b b8 0c 24 ca a3 5e 30 
0320: 5c 30 0c 06 03 55 1d 13 04 05 30 03 01 01 ff 30 0b 06 03 55 1d 0f 04 04 03 02 01 fe 30 1d 06 03 
0340: 55 1d 0e 04 16 04 14 00 0f 6f a7 6b 1f 34 03 0e 5a 21 c7 38 eb f1 a5 57 d5 57 cd 30 20 06 03 55 
0360: 1d 25 01 01 ff 04 16 30 14 06 08 2b 06 01 05 05 07 03 01 06 08 2b 06 01 05 05 07 03 02 30 0a 06 
0380: 08 2a 86 48 ce 3d 04 03 03 03 69 00 30 66 02 31 00 99 03 64 47 66 6c 30 6a b7 9d d3 5a 99 21 68 
03a0: ae 09 50 6f eb b4 fd ef 69 0b cf b2 56 4f b6 8f 1f 43 11 0c de f6 fd 77 fd a9 34 25 81 7e 97 64 
03c0: 4c 02 31 00 f9 c7 5c 54 3d 43 92 9a 30 3d 61 1a 1e f8 65 51 d4 d5 20 90 d2 85 f0 44 de 40 85 ea 
03e0: 34 61 dd 6b fe 60 bd 0a c0 db 3d 43 2c ad d4 c4 e9 fa 22 33 30 82 02 47 30 82 01 cc a0 03 02 01 
0400: 02 02 01 03 30 0a 06 08 
cert_info - 0x01
Certificate (offset 0x0, size 0x400):
0000: 37 06 00 00 71 0b a5 94 61 1d 3a 37 c9 10 a1 44 38 f6 d9 2e 7d b9 bb aa 6b ab 66 de bc ea b1 cf 
0020: 23 a3 38 90 73 24 2e 5f 6c e9 f6 7b c9 8a 7f a2 fa 38 46 e2 30 82 01 d4 30 82 01 5a a0 03 02 01 
0040: 02 02 14 21 41 dd 4e ec f8 19 62 24 2e 7e d6 ae 64 cb 29 5d c4 90 51 30 0a 06 08 2a 86 48 ce 3d 
0060: 04 03 03 30 21 31 1f 30 1d 06 03 55 04 03 0c 16 44 4d 54 46 20 6c 69 62 73 70 64 6d 20 45 43 50 
0080: 33 38 34 20 43 41 30 1e 17 0d 32 33 30 34 32 30 30 31 31 33 35 34 5a 17 0d 33 33 30 34 31 37 30 
00a0: 31 31 33 35 34 5a 30 21 31 1f 30 1d 06 03 55 04 03 0c 16 44 4d 54 46 20 6c 69 62 73 70 64 6d 20 
00c0: 45 43 50 33 38 34 20 43 41 30 76 30 10 06 07 2a 86 48 ce 3d 02 01 06 05 2b 81 04 00 22 03 62 00 
00e0: 04 15 1c 0b 41 fb 87 d5 20 e0 7a f8 58 67 ef c0 ed 61 af 58 bf 92 52 33 ae 87 a9 7f 46 8b d4 b6 
0100: ef aa 2c 5b 0f 84 19 a0 8c 10 9b 81 4c d7 64 7e 32 6e 02 c5 fc 3d 25 7c a3 bc b5 ca a6 ce 04 11 
0120: 8d bd ba 19 73 92 98 56 cc 99 24 48 17 ef b2 fb 54 3f f0 31 1d b4 a3 04 ea dc 22 ca c8 9a 2d fd 
0140: fc a3 53 30 51 30 1d 06 03 55 1d 0e 04 16 04 14 4a e2 a4 0a c0 5d ae a2 30 aa d0 57 70 d0 51 58 
0160: 5f 5c a3 52 30 1f 06 03 55 1d 23 04 18 30 16 80 14 4a e2 a4 0a c0 5d ae a2 30 aa d0 57 70 d0 51 
0180: 58 5f 5c a3 52 30 0f 06 03 55 1d 13 01 01 ff 04 05 30 03 01 01 ff 30 0a 06 08 2a 86 48 ce 3d 04 
01a0: 03 03 03 68 00 30 65 02 30 2a 32 95 2c ff aa 1f 33 52 6f 6c fd 40 72 ff 17 89 6e 03 5f bb 42 03 
01c0: c4 6e 17 86 aa 98 a8 c1 20 12 d9 04 7c 16 ea 1f ae 8a ef 85 11 41 57 df fc 02 31 00 a8 4c b9 90 
01e0: 4b 2f 6a 4f c2 8e d8 23 ad 81 de 4c 51 50 0b 27 17 8f 46 26 89 3b 9f f9 ce 48 e0 ee 28 fd 3f 06 
0200: e1 b3 4d 8f 6c 48 1c 2a 94 a9 d0 de 30 82 01 dc 30 82 01 61 a0 03 02 01 02 02 01 01 30 0a 06 08 
0220: 2a 86 48 ce 3d 04 03 03 30 21 31 1f 30 1d 06 03 55 04 03 0c 16 44 4d 54 46 20 6c 69 62 73 70 64 
0240: 6d 20 45 43 50 33 38 34 20 43 41 30 1e 17 0d 32 33 30 34 32 30 30 31 31 34 30 35 5a 17 0d 33 33 
0260: 30 34 31 37 30 31 31 34 30 35 5a 30 30 31 2e 30 2c 06 03 55 04 03 0c 25 44 4d 54 46 20 6c 69 62 
0280: 73 70 64 6d 20 45 43 50 33 38 34 20 69 6e 74 65 72 6d 65 64 69 61 74 65 20 63 65 72 74 30 76 30 
02a0: 10 06 07 2a 86 48 ce 3d 02 01 06 05 2b 81 04 00 22 03 62 00 04 31 7d 01 41 1a f7 e9 ea 5c 39 1e 
02c0: 37 6a 16 8d 2c 6e d9 7e ea 19 25 c5 97 40 dc ce 39 7f 92 46 cb fb 4b 44 d8 f7 3d db 47 a6 44 bf 
02e0: 55 77 02 35 d1 37 27 68 a4 e8 04 4e 87 75 8f 59 57 a9 80 b8 b4 3c 97 ca fa 1b 13 a8 50 dc 0d 7a 
0300: be 13 3d 31 5b fd d8 9f d6 fc aa 27 33 b8 92 5c 5b b8 0c 24 ca a3 5e 30 5c 30 0c 06 03 55 1d 13 
0320: 04 05 30 03 01 01 ff 30 0b 06 03 55 1d 0f 04 04 03 02 01 fe 30 1d 06 03 55 1d 0e 04 16 04 14 00 
0340: 0f 6f a7 6b 1f 34 03 0e 5a 21 c7 38 eb f1 a5 57 d5 57 cd 30 20 06 03 55 1d 25 01 01 ff 04 16 30 
0360: 14 06 08 2b 06 01 05 05 07 03 01 06 08 2b 06 01 05 05 07 03 02 30 0a 06 08 2a 86 48 ce 3d 04 03 
0380: 03 03 69 00 30 66 02 31 00 99 03 64 47 66 6c 30 6a b7 9d d3 5a 99 21 68 ae 09 50 6f eb b4 fd ef 
03a0: 69 0b cf b2 56 4f b6 8f 1f 43 11 0c de f6 fd 77 fd a9 34 25 81 7e 97 64 4c 02 31 00 f9 c7 5c 54 
03c0: 3d 43 92 9a 30 3d 61 1a 1e f8 65 51 d4 d5 20 90 d2 85 f0 44 de 40 85 ea 34 61 dd 6b fe 60 bd 0a 
03e0: c0 db 3d 43 2c ad d4 c4 e9 fa 22 33 30 82 02 47 30 82 01 cc a0 03 02 01 02 02 01 03 30 0a 06 08 
request (offset 0x400, size 0x237):
libspdm_send_spdm_request[0] msg SPDM_GET_CERTIFICATE(0x82), size (0x8): 
0000: 13 82 00 00 00 04 37 02 
Platform port Transmit command: 00 00 00 01 
Platform port Transmit transport_type: 00 00 00 01 
Platform port Transmit size: 00 00 00 09 
Platform port Transmit buffer:
    05 13 82 00 00 00 04 37 02 
Platform port Receive command: 00 00 00 01 
Platform port Receive transport_type: 00 00 00 01 
Platform port Receive size: 00 00 02 40 
Platform port Receive buffer:
    05 13 02 00 01 37 02 00 00 2a 86 48 ce 3d 04 03 03 30 30 31 2e 30 2c 06 03 55 04 03 0c 25 44 4d 54 46 20 6c 69 62 73 70 64 6d 20 45 43 50 33 38 34 20 69 6e 74 65 72 6d 65 64 69 61 74 65 20 63 65 72 74 30 1e 17 0d 32 33 30 39 31 32 30 37 31 31 33 33 5a 17 0d 33 33 30 39 30 39 30 37 31 31 33 33 5a 30 2d 31 2b 30 29 06 03 55 04 03 0c 22 44 4d 54 46 20 6c 69 62 73 70 64 6d 20 45 43 50 33 38 34 20 72 65 73 70 6f 6e 64 65 72 20 63 65 72 74 30 76 30 10 06 07 2a 86 48 ce 3d 02 01 06 05 2b 81 04 00 22 03 62 00 04 0d 1c b9 20 1c dc ed c8 64 e9 70 a3 62 12 da d4 fe 59 94 ce bd ae d7 d2 94 e4 e3 11 88 78 b9 88 c0 ed 5b e1 41 4a df 28 db 49 0f 38 81 52 68 b5 4c 6a 11 0b 58 b1 9c c1 4d 47 41 14 1f 6d d6 57 ac a3 9f d1 b9 64 de 07 11 e8 31 78 de 75 3a b7 2c 15 56 ea f5 20 63 93 0f 33 a9 71 a3 7e 78 19 a3 81 bc 30 81 b9 30 0c 06 03 55 1d 13 01 01 ff 04 02 30 00 30 0b 06 03 55 1d 0f 04 04 03 02 05 e0 30 1d 06 03 55 1d 0e 04 16 04 14 14 3c 4f 66 c7 d7 60 40 7f 67 c1 95 68 b3 87 28 3e c5 23 83 30 31 06 03 55 1d 11 04 2a 30 28 a0 26 06 0a 2b 06 01 04 01 83 1c 82 12 01 a0 18 0c 16 41 43 4d 45 3a 57 49 44 47 45 54 3a 31 32 33 34 35 36 37 38 39 30 30 2a 06 03 55 1d 25 01 01 ff 04 20 30 1e 06 08 2b 06 01 05 05 07 03 01 06 08 2b 06 01 05 05 07 03 02 06 08 2b 06 01 05 05 07 03 09 30 1e 06 0a 2b 06 01 04 01 83 1c 82 12 06 04 10 30 0e 30 0c 06 0a 2b 06 01 04 01 83 1c 82 12 02 30 0a 06 08 2a 86 48 ce 3d 04 03 03 03 69 00 30 66 02 31 00 af 75 02 a9 b3 a6 47 4a 6e f4 0c b0 85 07 fc 3c 53 9d 29 b0 09 c2 b9 b3 f3 96 b9 99 be c5 75 9c ac 4f c3 8a 7a 24 7d 17 f7 cb 2a 71 14 57 3e 92 02 31 00 d3 57 af 94 68 e1 02 b6 51 50 0c 4a 74 97 72 37 b5 03 ff 58 80 e0 f5 eb ae 1e 81 d8 d5 84 3d 18 83 60 fe 07 cd 43 2d 27 bd f5 a4 a5 19 7f 5d 09 
libspdm_receive_spdm_response[0] msg SPDM_CERTIFICATE(0x2), size (0x23f): 
0000: 13 02 00 01 37 02 00 00 2a 86 48 ce 3d 04 03 03 30 30 31 2e 30 2c 06 03 55 04 03 0c 25 44 4d 54 
0020: 46 20 6c 69 62 73 70 64 6d 20 45 43 50 33 38 34 20 69 6e 74 65 72 6d 65 64 69 61 74 65 20 63 65 
0040: 72 74 30 1e 17 0d 32 33 30 39 31 32 30 37 31 31 33 33 5a 17 0d 33 33 30 39 30 39 30 37 31 31 33 
0060: 33 5a 30 2d 31 2b 30 29 06 03 55 04 03 0c 22 44 4d 54 46 20 6c 69 62 73 70 64 6d 20 45 43 50 33 
0080: 38 34 20 72 65 73 70 6f 6e 64 65 72 20 63 65 72 74 30 76 30 10 06 07 2a 86 48 ce 3d 02 01 06 05 
00a0: 2b 81 04 00 22 03 62 00 04 0d 1c b9 20 1c dc ed c8 64 e9 70 a3 62 12 da d4 fe 59 94 ce bd ae d7 
00c0: d2 94 e4 e3 11 88 78 b9 88 c0 ed 5b e1 41 4a df 28 db 49 0f 38 81 52 68 b5 4c 6a 11 0b 58 b1 9c 
00e0: c1 4d 47 41 14 1f 6d d6 57 ac a3 9f d1 b9 64 de 07 11 e8 31 78 de 75 3a b7 2c 15 56 ea f5 20 63 
0100: 93 0f 33 a9 71 a3 7e 78 19 a3 81 bc 30 81 b9 30 0c 06 03 55 1d 13 01 01 ff 04 02 30 00 30 0b 06 
0120: 03 55 1d 0f 04 04 03 02 05 e0 30 1d 06 03 55 1d 0e 04 16 04 14 14 3c 4f 66 c7 d7 60 40 7f 67 c1 
0140: 95 68 b3 87 28 3e c5 23 83 30 31 06 03 55 1d 11 04 2a 30 28 a0 26 06 0a 2b 06 01 04 01 83 1c 82 
0160: 12 01 a0 18 0c 16 41 43 4d 45 3a 57 49 44 47 45 54 3a 31 32 33 34 35 36 37 38 39 30 30 2a 06 03 
0180: 55 1d 25 01 01 ff 04 20 30 1e 06 08 2b 06 01 05 05 07 03 01 06 08 2b 06 01 05 05 07 03 02 06 08 
01a0: 2b 06 01 05 05 07 03 09 30 1e 06 0a 2b 06 01 04 01 83 1c 82 12 06 04 10 30 0e 30 0c 06 0a 2b 06 
01c0: 01 04 01 83 1c 82 12 02 30 0a 06 08 2a 86 48 ce 3d 04 03 03 03 69 00 30 66 02 31 00 af 75 02 a9 
01e0: b3 a6 47 4a 6e f4 0c b0 85 07 fc 3c 53 9d 29 b0 09 c2 b9 b3 f3 96 b9 99 be c5 75 9c ac 4f c3 8a 
0200: 7a 24 7d 17 f7 cb 2a 71 14 57 3e 92 02 31 00 d3 57 af 94 68 e1 02 b6 51 50 0c 4a 74 97 72 37 b5 
0220: 03 ff 58 80 e0 f5 eb ae 1e 81 d8 d5 84 3d 18 83 60 fe 07 cd 43 2d 27 bd f5 a4 a5 19 7f 5d 09 
cert_info - 0x01
Certificate (offset 0x400, size 0x237):
0000: 2a 86 48 ce 3d 04 03 03 30 30 31 2e 30 2c 06 03 55 04 03 0c 25 44 4d 54 46 20 6c 69 62 73 70 64 
0020: 6d 20 45 43 50 33 38 34 20 69 6e 74 65 72 6d 65 64 69 61 74 65 20 63 65 72 74 30 1e 17 0d 32 33 
0040: 30 39 31 32 30 37 31 31 33 33 5a 17 0d 33 33 30 39 30 39 30 37 31 31 33 33 5a 30 2d 31 2b 30 29 
0060: 06 03 55 04 03 0c 22 44 4d 54 46 20 6c 69 62 73 70 64 6d 20 45 43 50 33 38 34 20 72 65 73 70 6f 
0080: 6e 64 65 72 20 63 65 72 74 30 76 30 10 06 07 2a 86 48 ce 3d 02 01 06 05 2b 81 04 00 22 03 62 00 
00a0: 04 0d 1c b9 20 1c dc ed c8 64 e9 70 a3 62 12 da d4 fe 59 94 ce bd ae d7 d2 94 e4 e3 11 88 78 b9 
00c0: 88 c0 ed 5b e1 41 4a df 28 db 49 0f 38 81 52 68 b5 4c 6a 11 0b 58 b1 9c c1 4d 47 41 14 1f 6d d6 
00e0: 57 ac a3 9f d1 b9 64 de 07 11 e8 31 78 de 75 3a b7 2c 15 56 ea f5 20 63 93 0f 33 a9 71 a3 7e 78 
0100: 19 a3 81 bc 30 81 b9 30 0c 06 03 55 1d 13 01 01 ff 04 02 30 00 30 0b 06 03 55 1d 0f 04 04 03 02 
0120: 05 e0 30 1d 06 03 55 1d 0e 04 16 04 14 14 3c 4f 66 c7 d7 60 40 7f 67 c1 95 68 b3 87 28 3e c5 23 
0140: 83 30 31 06 03 55 1d 11 04 2a 30 28 a0 26 06 0a 2b 06 01 04 01 83 1c 82 12 01 a0 18 0c 16 41 43 
0160: 4d 45 3a 57 49 44 47 45 54 3a 31 32 33 34 35 36 37 38 39 30 30 2a 06 03 55 1d 25 01 01 ff 04 20 
0180: 30 1e 06 08 2b 06 01 05 05 07 03 01 06 08 2b 06 01 05 05 07 03 02 06 08 2b 06 01 05 05 07 03 09 
01a0: 30 1e 06 0a 2b 06 01 04 01 83 1c 82 12 06 04 10 30 0e 30 0c 06 0a 2b 06 01 04 01 83 1c 82 12 02 
01c0: 30 0a 06 08 2a 86 48 ce 3d 04 03 03 03 69 00 30 66 02 31 00 af 75 02 a9 b3 a6 47 4a 6e f4 0c b0 
01e0: 85 07 fc 3c 53 9d 29 b0 09 c2 b9 b3 f3 96 b9 99 be c5 75 9c ac 4f c3 8a 7a 24 7d 17 f7 cb 2a 71 
0200: 14 57 3e 92 02 31 00 d3 57 af 94 68 e1 02 b6 51 50 0c 4a 74 97 72 37 b5 03 ff 58 80 e0 f5 eb ae 
0220: 1e 81 d8 d5 84 3d 18 83 60 fe 07 cd 43 2d 27 bd f5 a4 a5 19 7f 5d 09 
!!! VerifyCertificateChainBuffer - PASS (cert root hash match) !!!
!!! verify_peer_cert_chain_buffer - PASS !!!
request (offset 0x0, size 0x400):
libspdm_send_spdm_request[0] msg SPDM_GET_CERTIFICATE(0x82), size (0x8): 
0000: 13 82 02 00 00 00 00 04 
Platform port Transmit command: 00 00 00 01 
Platform port Transmit transport_type: 00 00 00 01 
Platform port Transmit size: 00 00 00 09 
Platform port Transmit buffer:
    05 13 82 02 00 00 00 00 04 
Platform port Receive command: 00 00 00 01 
Platform port Receive transport_type: 00 00 00 01 
Platform port Receive size: 00 00 04 09 
Platform port Receive buffer:
    05 13 02 02 01 00 04 37 02 37 06 00 00 71 0b a5 94 61 1d 3a 37 c9 10 a1 44 38 f6 d9 2e 7d b9 bb aa 6b ab 66 de bc ea b1 cf 23 a3 38 90 73 24 2e 5f 6c e9 f6 7b c9 8a 7f a2 fa 38 46 e2 30 82 01 d4 30 82 01 5a a0 03 02 01 02 02 14 21 41 dd 4e ec f8 19 62 24 2e 7e d6 ae 64 cb 29 5d c4 90 51 30 0a 06 08 2a 86 48 ce 3d 04 03 03 30 21 31 1f 30 1d 06 03 55 04 03 0c 16 44 4d 54 46 20 6c 69 62 73 70 64 6d 20 45 43 50 33 38 34 20 43 41 30 1e 17 0d 32 33 30 34 32 30 30 31 31 33 35 34 5a 17 0d 33 33 30 34 31 37 30 31 31 33 35 34 5a 30 21 31 1f 30 1d 06 03 55 04 03 0c 16 44 4d 54 46 20 6c 69 62 73 70 64 6d 20 45 43 50 33 38 34 20 43 41 30 76 30 10 06 07 2a 86 48 ce 3d 02 01 06 05 2b 81 04 00 22 03 62 00 04 15 1c 0b 41 fb 87 d5 20 e0 7a f8 58 67 ef c0 ed 61 af 58 bf 92 52 33 ae 87 a9 7f 46 8b d4 b6 ef aa 2c 5b 0f 84 19 a0 8c 10 9b 81 4c d7 64 7e 32 6e 02 c5 fc 3d 25 7c a3 bc b5 ca a6 ce 04 11 8d bd ba 19 73 92 98 56 cc 99 24 48 17 ef b2 fb 54 3f f0 31 1d b4 a3 04 ea dc 22 ca c8 9a 2d fd fc a3 53 30 51 30 1d 06 03 55 1d 0e 04 16 04 14 4a e2 a4 0a c0 5d ae a2 30 aa d0 57 70 d0 51 58 5f 5c a3 52 30 1f 06 03 55 1d 23 04 18 30 16 80 14 4a e2 a4 0a c0 5d ae a2 30 aa d0 57 70 d0 51 58 5f 5c a3 52 30 0f 06 03 55 1d 13 01 01 ff 04 05 30 03 01 01 ff 30 0a 06 08 2a 86 48 ce 3d 04 03 03 03 68 00 30 65 02 30 2a 32 95 2c ff aa 1f 33 52 6f 6c fd 40 72 ff 17 89 6e 03 5f bb 42 03 c4 6e 17 86 aa 98 a8 c1 20 12 d9 04 7c 16 ea 1f ae 8a ef 85 11 41 57 df fc 02 31 00 a8 4c b9 90 4b 2f 6a 4f c2 8e d8 23 ad 81 de 4c 51 50 0b 27 17 8f 46 26 89 3b 9f f9 ce 48 e0 ee 28 fd 3f 06 e1 b3 4d 8f 6c 48 1c 2a 94 a9 d0 de 30 82 01 dc 30 82 01 61 a0 03 02 01 02 02 01 01 30 0a 06 08 2a 86 48 ce 3d 04 03 03 30 21 31 1f 30 1d 06 03 55 04 03 0c 16 44 4d 54 46 20 6c 69 62 73 70 64 6d 20 45 43 50 33 38 34 20 43 41 30 1e 17 0d 32 33 30 34 32 30 30 31 31 34 30 35 5a 17 0d 33 33 30 34 31 37 30 31 31 34 30 35 5a 30 30 31 2e 30 2c 06 03 55 04 03 0c 25 44 4d 54 46 20 6c 69 62 73 70 64 6d 20 45 43 50 33 38 34 20 69 6e 74 65 72 6d 65 64 69 61 74 65 20 63 65 72 74 30 76 30 10 06 07 2a 86 48 ce 3d 02 01 06 05 2b 81 04 00 22 03 62 00 04 31 7d 01 41 1a f7 e9 ea 5c 39 1e 37 6a 16 8d 2c 6e d9 7e ea 19 25 c5 97 40 dc ce 39 7f 92 46 cb fb 4b 44 d8 f7 3d db 47 a6 44 bf 55 77 02 35 d1 37 27 68 a4 e8 04 4e 87 75 8f 59 57 a9 80 b8 b4 3c 97 ca fa 1b 13 a8 50 dc 0d 7a be 13 3d 31 5b fd d8 9f d6 fc aa 27 33 b8 92 5c 5b b8 0c 24 ca a3 5e 30 5c 30 0c 06 03 55 1d 13 04 05 30 03 01 01 ff 30 0b 06 03 55 1d 0f 04 04 03 02 01 fe 30 1d 06 03 55 1d 0e 04 16 04 14 00 0f 6f a7 6b 1f 34 03 0e 5a 21 c7 38 eb f1 a5 57 d5 57 cd 30 20 06 03 55 1d 25 01 01 ff 04 16 30 14 06 08 2b 06 01 05 05 07 03 01 06 08 2b 06 01 05 05 07 03 02 30 0a 06 08 2a 86 48 ce 3d 04 03 03 03 69 00 30 66 02 31 00 99 03 64 47 66 6c 30 6a b7 9d d3 5a 99 21 68 ae 09 50 6f eb b4 fd ef 69 0b cf b2 56 4f b6 8f 1f 43 11 0c de f6 fd 77 fd a9 34 25 81 7e 97 64 4c 02 31 00 f9 c7 5c 54 3d 43 92 9a 30 3d 61 1a 1e f8 65 51 d4 d5 20 90 d2 85 f0 44 de 40 85 ea 34 61 dd 6b fe 60 bd 0a c0 db 3d 43 2c ad d4 c4 e9 fa 22 33 30 82 02 47 30 82 01 cc a0 03 02 01 02 02 01 03 30 0a 06 08 
libspdm_receive_spdm_response[0] msg SPDM_CERTIFICATE(0x2), size (0x408): 
0000: 13 02 02 01 00 04 37 02 37 06 00 00 71 0b a5 94 61 1d 3a 37 c9 10 a1 44 38 f6 d9 2e 7d b9 bb aa 
0020: 6b ab 66 de bc ea b1 cf 23 a3 38 90 73 24 2e 5f 6c e9 f6 7b c9 8a 7f a2 fa 38 46 e2 30 82 01 d4 
0040: 30 82 01 5a a0 03 02 01 02 02 14 21 41 dd 4e ec f8 19 62 24 2e 7e d6 ae 64 cb 29 5d c4 90 51 30 
0060: 0a 06 08 2a 86 48 ce 3d 04 03 03 30 21 31 1f 30 1d 06 03 55 04 03 0c 16 44 4d 54 46 20 6c 69 62 
0080: 73 70 64 6d 20 45 43 50 33 38 34 20 43 41 30 1e 17 0d 32 33 30 34 32 30 30 31 31 33 35 34 5a 17 
00a0: 0d 33 33 30 34 31 37 30 31 31 33 35 34 5a 30 21 31 1f 30 1d 06 03 55 04 03 0c 16 44 4d 54 46 20 
00c0: 6c 69 62 73 70 64 6d 20 45 43 50 33 38 34 20 43 41 30 76 30 10 06 07 2a 86 48 ce 3d 02 01 06 05 
00e0: 2b 81 04 00 22 03 62 00 04 15 1c 0b 41 fb 87 d5 20 e0 7a f8 58 67 ef c0 ed 61 af 58 bf 92 52 33 
0100: ae 87 a9 7f 46 8b d4 b6 ef aa 2c 5b 0f 84 19 a0 8c 10 9b 81 4c d7 64 7e 32 6e 02 c5 fc 3d 25 7c 
0120: a3 bc b5 ca a6 ce 04 11 8d bd ba 19 73 92 98 56 cc 99 24 48 17 ef b2 fb 54 3f f0 31 1d b4 a3 04 
0140: ea dc 22 ca c8 9a 2d fd fc a3 53 30 51 30 1d 06 03 55 1d 0e 04 16 04 14 4a e2 a4 0a c0 5d ae a2 
0160: 30 aa d0 57 70 d0 51 58 5f 5c a3 52 30 1f 06 03 55 1d 23 04 18 30 16 80 14 4a e2 a4 0a c0 5d ae 
0180: a2 30 aa d0 57 70 d0 51 58 5f 5c a3 52 30 0f 06 03 55 1d 13 01 01 ff 04 05 30 03 01 01 ff 30 0a 
01a0: 06 08 2a 86 48 ce 3d 04 03 03 03 68 00 30 65 02 30 2a 32 95 2c ff aa 1f 33 52 6f 6c fd 40 72 ff 
01c0: 17 89 6e 03 5f bb 42 03 c4 6e 17 86 aa 98 a8 c1 20 12 d9 04 7c 16 ea 1f ae 8a ef 85 11 41 57 df 
01e0: fc 02 31 00 a8 4c b9 90 4b 2f 6a 4f c2 8e d8 23 ad 81 de 4c 51 50 0b 27 17 8f 46 26 89 3b 9f f9 
0200: ce 48 e0 ee 28 fd 3f 06 e1 b3 4d 8f 6c 48 1c 2a 94 a9 d0 de 30 82 01 dc 30 82 01 61 a0 03 02 01 
0220: 02 02 01 01 30 0a 06 08 2a 86 48 ce 3d 04 03 03 30 21 31 1f 30 1d 06 03 55 04 03 0c 16 44 4d 54 
0240: 46 20 6c 69 62 73 70 64 6d 20 45 43 50 33 38 34 20 43 41 30 1e 17 0d 32 33 30 34 32 30 30 31 31 
0260: 34 30 35 5a 17 0d 33 33 30 34 31 37 30 31 31 34 30 35 5a 30 30 31 2e 30 2c 06 03 55 04 03 0c 25 
0280: 44 4d 54 46 20 6c 69 62 73 70 64 6d 20 45 43 50 33 38 34 20 69 6e 74 65 72 6d 65 64 69 61 74 65 
02a0: 20 63 65 72 74 30 76 30 10 06 07 2a 86 48 ce 3d 02 01 06 05 2b 81 04 00 22 03 62 00 04 31 7d 01 
02c0: 41 1a f7 e9 ea 5c 39 1e 37 6a 16 8d 2c 6e d9 7e ea 19 25 c5 97 40 dc ce 39 7f 92 46 cb fb 4b 44 
02e0: d8 f7 3d db 47 a6 44 bf 55 77 02 35 d1 37 27 68 a4 e8 04 4e 87 75 8f 59 57 a9 80 b8 b4 3c 97 ca 
0300: fa 1b 13 a8 50 dc 0d 7a be 13 3d 31 5b fd d8 9f d6 fc aa 27 33 b8 92 5c 5b b8 0c 24 ca a3 5e 30 
0320: 5c 30 0c 06 03 55 1d 13 04 05 30 03 01 01 ff 30 0b 06 03 55 1d 0f 04 04 03 02 01 fe 30 1d 06 03 
0340: 55 1d 0e 04 16 04 14 00 0f 6f a7 6b 1f 34 03 0e 5a 21 c7 38 eb f1 a5 57 d5 57 cd 30 20 06 03 55 
0360: 1d 25 01 01 ff 04 16 30 14 06 08 2b 06 01 05 05 07 03 01 06 08 2b 06 01 05 05 07 03 02 30 0a 06 
0380: 08 2a 86 48 ce 3d 04 03 03 03 69 00 30 66 02 31 00 99 03 64 47 66 6c 30 6a b7 9d d3 5a 99 21 68 
03a0: ae 09 50 6f eb b4 fd ef 69 0b cf b2 56 4f b6 8f 1f 43 11 0c de f6 fd 77 fd a9 34 25 81 7e 97 64 
03c0: 4c 02 31 00 f9 c7 5c 54 3d 43 92 9a 30 3d 61 1a 1e f8 65 51 d4 d5 20 90 d2 85 f0 44 de 40 85 ea 
03e0: 34 61 dd 6b fe 60 bd 0a c0 db 3d 43 2c ad d4 c4 e9 fa 22 33 30 82 02 47 30 82 01 cc a0 03 02 01 
0400: 02 02 01 03 30 0a 06 08 
cert_info - 0x01
Certificate (offset 0x0, size 0x400):
0000: 37 06 00 00 71 0b a5 94 61 1d 3a 37 c9 10 a1 44 38 f6 d9 2e 7d b9 bb aa 6b ab 66 de bc ea b1 cf 
0020: 23 a3 38 90 73 24 2e 5f 6c e9 f6 7b c9 8a 7f a2 fa 38 46 e2 30 82 01 d4 30 82 01 5a a0 03 02 01 
0040: 02 02 14 21 41 dd 4e ec f8 19 62 24 2e 7e d6 ae 64 cb 29 5d c4 90 51 30 0a 06 08 2a 86 48 ce 3d 
0060: 04 03 03 30 21 31 1f 30 1d 06 03 55 04 03 0c 16 44 4d 54 46 20 6c 69 62 73 70 64 6d 20 45 43 50 
0080: 33 38 34 20 43 41 30 1e 17 0d 32 33 30 34 32 30 30 31 31 33 35 34 5a 17 0d 33 33 30 34 31 37 30 
00a0: 31 31 33 35 34 5a 30 21 31 1f 30 1d 06 03 55 04 03 0c 16 44 4d 54 46 20 6c 69 62 73 70 64 6d 20 
00c0: 45 43 50 33 38 34 20 43 41 30 76 30 10 06 07 2a 86 48 ce 3d 02 01 06 05 2b 81 04 00 22 03 62 00 
00e0: 04 15 1c 0b 41 fb 87 d5 20 e0 7a f8 58 67 ef c0 ed 61 af 58 bf 92 52 33 ae 87 a9 7f 46 8b d4 b6 
0100: ef aa 2c 5b 0f 84 19 a0 8c 10 9b 81 4c d7 64 7e 32 6e 02 c5 fc 3d 25 7c a3 bc b5 ca a6 ce 04 11 
0120: 8d bd ba 19 73 92 98 56 cc 99 24 48 17 ef b2 fb 54 3f f0 31 1d b4 a3 04 ea dc 22 ca c8 9a 2d fd 
0140: fc a3 53 30 51 30 1d 06 03 55 1d 0e 04 16 04 14 4a e2 a4 0a c0 5d ae a2 30 aa d0 57 70 d0 51 58 
0160: 5f 5c a3 52 30 1f 06 03 55 1d 23 04 18 30 16 80 14 4a e2 a4 0a c0 5d ae a2 30 aa d0 57 70 d0 51 
0180: 58 5f 5c a3 52 30 0f 06 03 55 1d 13 01 01 ff 04 05 30 03 01 01 ff 30 0a 06 08 2a 86 48 ce 3d 04 
01a0: 03 03 03 68 00 30 65 02 30 2a 32 95 2c ff aa 1f 33 52 6f 6c fd 40 72 ff 17 89 6e 03 5f bb 42 03 
01c0: c4 6e 17 86 aa 98 a8 c1 20 12 d9 04 7c 16 ea 1f ae 8a ef 85 11 41 57 df fc 02 31 00 a8 4c b9 90 
01e0: 4b 2f 6a 4f c2 8e d8 23 ad 81 de 4c 51 50 0b 27 17 8f 46 26 89 3b 9f f9 ce 48 e0 ee 28 fd 3f 06 
0200: e1 b3 4d 8f 6c 48 1c 2a 94 a9 d0 de 30 82 01 dc 30 82 01 61 a0 03 02 01 02 02 01 01 30 0a 06 08 
0220: 2a 86 48 ce 3d 04 03 03 30 21 31 1f 30 1d 06 03 55 04 03 0c 16 44 4d 54 46 20 6c 69 62 73 70 64 
0240: 6d 20 45 43 50 33 38 34 20 43 41 30 1e 17 0d 32 33 30 34 32 30 30 31 31 34 30 35 5a 17 0d 33 33 
0260: 30 34 31 37 30 31 31 34 30 35 5a 30 30 31 2e 30 2c 06 03 55 04 03 0c 25 44 4d 54 46 20 6c 69 62 
0280: 73 70 64 6d 20 45 43 50 33 38 34 20 69 6e 74 65 72 6d 65 64 69 61 74 65 20 63 65 72 74 30 76 30 
02a0: 10 06 07 2a 86 48 ce 3d 02 01 06 05 2b 81 04 00 22 03 62 00 04 31 7d 01 41 1a f7 e9 ea 5c 39 1e 
02c0: 37 6a 16 8d 2c 6e d9 7e ea 19 25 c5 97 40 dc ce 39 7f 92 46 cb fb 4b 44 d8 f7 3d db 47 a6 44 bf 
02e0: 55 77 02 35 d1 37 27 68 a4 e8 04 4e 87 75 8f 59 57 a9 80 b8 b4 3c 97 ca fa 1b 13 a8 50 dc 0d 7a 
0300: be 13 3d 31 5b fd d8 9f d6 fc aa 27 33 b8 92 5c 5b b8 0c 24 ca a3 5e 30 5c 30 0c 06 03 55 1d 13 
0320: 04 05 30 03 01 01 ff 30 0b 06 03 55 1d 0f 04 04 03 02 01 fe 30 1d 06 03 55 1d 0e 04 16 04 14 00 
0340: 0f 6f a7 6b 1f 34 03 0e 5a 21 c7 38 eb f1 a5 57 d5 57 cd 30 20 06 03 55 1d 25 01 01 ff 04 16 30 
0360: 14 06 08 2b 06 01 05 05 07 03 01 06 08 2b 06 01 05 05 07 03 02 30 0a 06 08 2a 86 48 ce 3d 04 03 
0380: 03 03 69 00 30 66 02 31 00 99 03 64 47 66 6c 30 6a b7 9d d3 5a 99 21 68 ae 09 50 6f eb b4 fd ef 
03a0: 69 0b cf b2 56 4f b6 8f 1f 43 11 0c de f6 fd 77 fd a9 34 25 81 7e 97 64 4c 02 31 00 f9 c7 5c 54 
03c0: 3d 43 92 9a 30 3d 61 1a 1e f8 65 51 d4 d5 20 90 d2 85 f0 44 de 40 85 ea 34 61 dd 6b fe 60 bd 0a 
03e0: c0 db 3d 43 2c ad d4 c4 e9 fa 22 33 30 82 02 47 30 82 01 cc a0 03 02 01 02 02 01 03 30 0a 06 08 
request (offset 0x400, size 0x237):
libspdm_send_spdm_request[0] msg SPDM_GET_CERTIFICATE(0x82), size (0x8): 
0000: 13 82 02 00 00 04 37 02 
Platform port Transmit command: 00 00 00 01 
Platform port Transmit transport_type: 00 00 00 01 
Platform port Transmit size: 00 00 00 09 
Platform port Transmit buffer:
    05 13 82 02 00 00 04 37 02 
Platform port Receive command: 00 00 00 01 
Platform port Receive transport_type: 00 00 00 01 
Platform port Receive size: 00 00 02 40 
Platform port Receive buffer:
    05 13 02 02 01 37 02 00 00 2a 86 48 ce 3d 04 03 03 30 30 31 2e 30 2c 06 03 55 04 03 0c 25 44 4d 54 46 20 6c 69 62 73 70 64 6d 20 45 43 50 33 38 34 20 69 6e 74 65 72 6d 65 64 69 61 74 65 20 63 65 72 74 30 1e 17 0d 32 33 30 39 31 32 30 37 31 31 33 33 5a 17 0d 33 33 30 39 30 39 30 37 31 31 33 33 5a 30 2d 31 2b 30 29 06 03 55 04 03 0c 22 44 4d 54 46 20 6c 69 62 73 70 64 6d 20 45 43 50 33 38 34 20 72 65 73 70 6f 6e 64 65 72 20 63 65 72 74 30 76 30 10 06 07 2a 86 48 ce 3d 02 01 06 05 2b 81 04 00 22 03 62 00 04 0d 1c b9 20 1c dc ed c8 64 e9 70 a3 62 12 da d4 fe 59 94 ce bd ae d7 d2 94 e4 e3 11 88 78 b9 88 c0 ed 5b e1 41 4a df 28 db 49 0f 38 81 52 68 b5 4c 6a 11 0b 58 b1 9c c1 4d 47 41 14 1f 6d d6 57 ac a3 9f d1 b9 64 de 07 11 e8 31 78 de 75 3a b7 2c 15 56 ea f5 20 63 93 0f 33 a9 71 a3 7e 78 19 a3 81 bc 30 81 b9 30 0c 06 03 55 1d 13 01 01 ff 04 02 30 00 30 0b 06 03 55 1d 0f 04 04 03 02 05 e0 30 1d 06 03 55 1d 0e 04 16 04 14 14 3c 4f 66 c7 d7 60 40 7f 67 c1 95 68 b3 87 28 3e c5 23 83 30 31 06 03 55 1d 11 04 2a 30 28 a0 26 06 0a 2b 06 01 04 01 83 1c 82 12 01 a0 18 0c 16 41 43 4d 45 3a 57 49 44 47 45 54 3a 31 32 33 34 35 36 37 38 39 30 30 2a 06 03 55 1d 25 01 01 ff 04 20 30 1e 06 08 2b 06 01 05 05 07 03 01 06 08 2b 06 01 05 05 07 03 02 06 08 2b 06 01 05 05 07 03 09 30 1e 06 0a 2b 06 01 04 01 83 1c 82 12 06 04 10 30 0e 30 0c 06 0a 2b 06 01 04 01 83 1c 82 12 02 30 0a 06 08 2a 86 48 ce 3d 04 03 03 03 69 00 30 66 02 31 00 af 75 02 a9 b3 a6 47 4a 6e f4 0c b0 85 07 fc 3c 53 9d 29 b0 09 c2 b9 b3 f3 96 b9 99 be c5 75 9c ac 4f c3 8a 7a 24 7d 17 f7 cb 2a 71 14 57 3e 92 02 31 00 d3 57 af 94 68 e1 02 b6 51 50 0c 4a 74 97 72 37 b5 03 ff 58 80 e0 f5 eb ae 1e 81 d8 d5 84 3d 18 83 60 fe 07 cd 43 2d 27 bd f5 a4 a5 19 7f 5d 09 
libspdm_receive_spdm_response[0] msg SPDM_CERTIFICATE(0x2), size (0x23f): 
0000: 13 02 02 01 37 02 00 00 2a 86 48 ce 3d 04 03 03 30 30 31 2e 30 2c 06 03 55 04 03 0c 25 44 4d 54 
0020: 46 20 6c 69 62 73 70 64 6d 20 45 43 50 33 38 34 20 69 6e 74 65 72 6d 65 64 69 61 74 65 20 63 65 
0040: 72 74 30 1e 17 0d 32 33 30 39 31 32 30 37 31 31 33 33 5a 17 0d 33 33 30 39 30 39 30 37 31 31 33 
0060: 33 5a 30 2d 31 2b 30 29 06 03 55 04 03 0c 22 44 4d 54 46 20 6c 69 62 73 70 64 6d 20 45 43 50 33 
0080: 38 34 20 72 65 73 70 6f 6e 64 65 72 20 63 65 72 74 30 76 30 10 06 07 2a 86 48 ce 3d 02 01 06 05 
00a0: 2b 81 04 00 22 03 62 00 04 0d 1c b9 20 1c dc ed c8 64 e9 70 a3 62 12 da d4 fe 59 94 ce bd ae d7 
00c0: d2 94 e4 e3 11 88 78 b9 88 c0 ed 5b e1 41 4a df 28 db 49 0f 38 81 52 68 b5 4c 6a 11 0b 58 b1 9c 
00e0: c1 4d 47 41 14 1f 6d d6 57 ac a3 9f d1 b9 64 de 07 11 e8 31 78 de 75 3a b7 2c 15 56 ea f5 20 63 
0100: 93 0f 33 a9 71 a3 7e 78 19 a3 81 bc 30 81 b9 30 0c 06 03 55 1d 13 01 01 ff 04 02 30 00 30 0b 06 
0120: 03 55 1d 0f 04 04 03 02 05 e0 30 1d 06 03 55 1d 0e 04 16 04 14 14 3c 4f 66 c7 d7 60 40 7f 67 c1 
0140: 95 68 b3 87 28 3e c5 23 83 30 31 06 03 55 1d 11 04 2a 30 28 a0 26 06 0a 2b 06 01 04 01 83 1c 82 
0160: 12 01 a0 18 0c 16 41 43 4d 45 3a 57 49 44 47 45 54 3a 31 32 33 34 35 36 37 38 39 30 30 2a 06 03 
0180: 55 1d 25 01 01 ff 04 20 30 1e 06 08 2b 06 01 05 05 07 03 01 06 08 2b 06 01 05 05 07 03 02 06 08 
01a0: 2b 06 01 05 05 07 03 09 30 1e 06 0a 2b 06 01 04 01 83 1c 82 12 06 04 10 30 0e 30 0c 06 0a 2b 06 
01c0: 01 04 01 83 1c 82 12 02 30 0a 06 08 2a 86 48 ce 3d 04 03 03 03 69 00 30 66 02 31 00 af 75 02 a9 
01e0: b3 a6 47 4a 6e f4 0c b0 85 07 fc 3c 53 9d 29 b0 09 c2 b9 b3 f3 96 b9 99 be c5 75 9c ac 4f c3 8a 
0200: 7a 24 7d 17 f7 cb 2a 71 14 57 3e 92 02 31 00 d3 57 af 94 68 e1 02 b6 51 50 0c 4a 74 97 72 37 b5 
0220: 03 ff 58 80 e0 f5 eb ae 1e 81 d8 d5 84 3d 18 83 60 fe 07 cd 43 2d 27 bd f5 a4 a5 19 7f 5d 09 
cert_info - 0x01
Certificate (offset 0x400, size 0x237):
0000: 2a 86 48 ce 3d 04 03 03 30 30 31 2e 30 2c 06 03 55 04 03 0c 25 44 4d 54 46 20 6c 69 62 73 70 64 
0020: 6d 20 45 43 50 33 38 34 20 69 6e 74 65 72 6d 65 64 69 61 74 65 20 63 65 72 74 30 1e 17 0d 32 33 
0040: 30 39 31 32 30 37 31 31 33 33 5a 17 0d 33 33 30 39 30 39 30 37 31 31 33 33 5a 30 2d 31 2b 30 29 
0060: 06 03 55 04 03 0c 22 44 4d 54 46 20 6c 69 62 73 70 64 6d 20 45 43 50 33 38 34 20 72 65 73 70 6f 
0080: 6e 64 65 72 20 63 65 72 74 30 76 30 10 06 07 2a 86 48 ce 3d 02 01 06 05 2b 81 04 00 22 03 62 00 
00a0: 04 0d 1c b9 20 1c dc ed c8 64 e9 70 a3 62 12 da d4 fe 59 94 ce bd ae d7 d2 94 e4 e3 11 88 78 b9 
00c0: 88 c0 ed 5b e1 41 4a df 28 db 49 0f 38 81 52 68 b5 4c 6a 11 0b 58 b1 9c c1 4d 47 41 14 1f 6d d6 
00e0: 57 ac a3 9f d1 b9 64 de 07 11 e8 31 78 de 75 3a b7 2c 15 56 ea f5 20 63 93 0f 33 a9 71 a3 7e 78 
0100: 19 a3 81 bc 30 81 b9 30 0c 06 03 55 1d 13 01 01 ff 04 02 30 00 30 0b 06 03 55 1d 0f 04 04 03 02 
0120: 05 e0 30 1d 06 03 55 1d 0e 04 16 04 14 14 3c 4f 66 c7 d7 60 40 7f 67 c1 95 68 b3 87 28 3e c5 23 
0140: 83 30 31 06 03 55 1d 11 04 2a 30 28 a0 26 06 0a 2b 06 01 04 01 83 1c 82 12 01 a0 18 0c 16 41 43 
0160: 4d 45 3a 57 49 44 47 45 54 3a 31 32 33 34 35 36 37 38 39 30 30 2a 06 03 55 1d 25 01 01 ff 04 20 
0180: 30 1e 06 08 2b 06 01 05 05 07 03 01 06 08 2b 06 01 05 05 07 03 02 06 08 2b 06 01 05 05 07 03 09 
01a0: 30 1e 06 0a 2b 06 01 04 01 83 1c 82 12 06 04 10 30 0e 30 0c 06 0a 2b 06 01 04 01 83 1c 82 12 02 
01c0: 30 0a 06 08 2a 86 48 ce 3d 04 03 03 03 69 00 30 66 02 31 00 af 75 02 a9 b3 a6 47 4a 6e f4 0c b0 
01e0: 85 07 fc 3c 53 9d 29 b0 09 c2 b9 b3 f3 96 b9 99 be c5 75 9c ac 4f c3 8a 7a 24 7d 17 f7 cb 2a 71 
0200: 14 57 3e 92 02 31 00 d3 57 af 94 68 e1 02 b6 51 50 0c 4a 74 97 72 37 b5 03 ff 58 80 e0 f5 eb ae 
0220: 1e 81 d8 d5 84 3d 18 83 60 fe 07 cd 43 2d 27 bd f5 a4 a5 19 7f 5d 09 
!!! VerifyCertificateChainBuffer - PASS (cert root hash match) !!!
!!! verify_peer_cert_chain_buffer - PASS !!!
RequesterNonce - d7 0e 40 fc a5 f3 a9 3e 86 a6 ac 44 81 b8 cf 3a 43 2a f0 38 63 24 4e 29 db e7 7d 6d 62 cb 22 72 
RequesterContext - 11 22 33 44 55 66 77 88 
libspdm_send_spdm_request[0] msg SPDM_CHALLENGE(0x83), size (0x2c): 
0000: 13 83 00 ff d7 0e 40 fc a5 f3 a9 3e 86 a6 ac 44 81 b8 cf 3a 43 2a f0 38 63 24 4e 29 db e7 7d 6d 
0020: 62 cb 22 72 11 22 33 44 55 66 77 88 
Platform port Transmit command: 00 00 00 01 
Platform port Transmit transport_type: 00 00 00 01 
Platform port Transmit size: 00 00 00 2d 
Platform port Transmit buffer:
    05 13 83 00 ff d7 0e 40 fc a5 f3 a9 3e 86 a6 ac 44 81 b8 cf 3a 43 2a f0 38 63 24 4e 29 db e7 7d 6d 62 cb 22 72 11 22 33 44 55 66 77 88 
Platform port Receive command: 00 00 00 01 
Platform port Receive transport_type: 00 00 00 01 
Platform port Receive size: 00 00 00 ef 
Platform port Receive buffer:
    05 13 03 80 07 dc 02 4e 78 fa 5e 45 d8 2e 45 c6 7f b5 fc e2 b9 98 7a df ee 9e a3 3e 56 d5 ed 83 47 e8 aa a3 d0 18 91 72 7f 3c 5d d7 a2 e1 ab 7f d3 61 38 37 5d 56 d9 75 43 e6 26 96 0a 1b 06 f4 7f dd c1 28 00 76 44 98 ab 12 ad 75 26 3f cd 8d 21 f9 c2 b6 18 fd ab e1 6b 17 de df 3e 76 2a 76 f1 c5 d9 ee 01 5e 9f 50 b7 5b d7 5e a1 8d b5 d3 98 b8 80 25 8b 46 fc c8 1a e5 3a 9a a3 5f 49 f4 c2 4f 4e d5 a2 00 00 11 22 33 44 55 66 77 88 03 dd 4b ca bf b4 e4 3f 3f dc 76 a0 35 d3 7f c2 74 10 b6 14 59 6e 98 33 be 6c 96 72 66 89 28 5e 1d 9f bc 2d 5e 4a c3 96 fd 60 21 43 ee 30 de b7 ec 86 78 09 40 87 3b 36 ef 77 a8 42 a7 18 f1 ae 42 9c f5 9b e9 87 39 d0 b3 08 e3 25 9a ea 81 9b 89 29 7e 5e a5 62 98 b9 f5 1b a0 7d c1 34 46 01 
libspdm_receive_spdm_response[0] msg SPDM_CHALLENGE_AUTH(0x3), size (0xee): 
0000: 13 03 80 07 dc 02 4e 78 fa 5e 45 d8 2e 45 c6 7f b5 fc e2 b9 98 7a df ee 9e a3 3e 56 d5 ed 83 47 
0020: e8 aa a3 d0 18 91 72 7f 3c 5d d7 a2 e1 ab 7f d3 61 38 37 5d 56 d9 75 43 e6 26 96 0a 1b 06 f4 7f 
0040: dd c1 28 00 76 44 98 ab 12 ad 75 26 3f cd 8d 21 f9 c2 b6 18 fd ab e1 6b 17 de df 3e 76 2a 76 f1 
0060: c5 d9 ee 01 5e 9f 50 b7 5b d7 5e a1 8d b5 d3 98 b8 80 25 8b 46 fc c8 1a e5 3a 9a a3 5f 49 f4 c2 
0080: 4f 4e d5 a2 00 00 11 22 33 44 55 66 77 88 03 dd 4b ca bf b4 e4 3f 3f dc 76 a0 35 d3 7f c2 74 10 
00a0: b6 14 59 6e 98 33 be 6c 96 72 66 89 28 5e 1d 9f bc 2d 5e 4a c3 96 fd 60 21 43 ee 30 de b7 ec 86 
00c0: 78 09 40 87 3b 36 ef 77 a8 42 a7 18 f1 ae 42 9c f5 9b e9 87 39 d0 b3 08 e3 25 9a ea 81 9b 89 29 
00e0: 7e 5e a5 62 98 b9 f5 1b a0 7d c1 34 46 01 
cert_chain_hash (0x30) - dc 02 4e 78 fa 5e 45 d8 2e 45 c6 7f b5 fc e2 b9 98 7a df ee 9e a3 3e 56 d5 ed 83 47 e8 aa a3 d0 18 91 72 7f 3c 5d d7 a2 e1 ab 7f d3 61 38 37 5d 
!!! verify_certificate_chain_hash - PASS !!!
nonce (0x20) - 56 d9 75 43 e6 26 96 0a 1b 06 f4 7f dd c1 28 00 76 44 98 ab 12 ad 75 26 3f cd 8d 21 f9 c2 b6 18 
measurement_summary_hash (0x30) - fd ab e1 6b 17 de df 3e 76 2a 76 f1 c5 d9 ee 01 5e 9f 50 b7 5b d7 5e a1 8d b5 d3 98 b8 80 25 8b 46 fc c8 1a e5 3a 9a a3 5f 49 f4 c2 4f 4e d5 a2 
RequesterContext - 11 22 33 44 55 66 77 88 
signature (0x60):
0000: 03 dd 4b ca bf b4 e4 3f 3f dc 76 a0 35 d3 7f c2 74 10 b6 14 59 6e 98 33 be 6c 96 72 66 89 28 5e 
0020: 1d 9f bc 2d 5e 4a c3 96 fd 60 21 43 ee 30 de b7 ec 86 78 09 40 87 3b 36 ef 77 a8 42 a7 18 f1 ae 
0040: 42 9c f5 9b e9 87 39 d0 b3 08 e3 25 9a ea 81 9b 89 29 7e 5e a5 62 98 b9 f5 1b a0 7d c1 34 46 01 
m1m2 hash - 9c d1 90 e4 55 14 47 8e 99 8e d2 90 10 7f 24 bd e6 af 3a c3 76 55 f2 f0 e2 50 ee d9 9c 0c ec 7b 03 21 91 25 91 ce 7e 5f 6d c0 b3 dd 81 d4 71 76 
!!! verify_challenge_signature - PASS !!!
BasicMutAuth :
libspdm_send_spdm_request[0] msg SPDM_GET_ENCAPSULATED_REQUEST(0xea), size (0x4): 
0000: 13 ea 00 00 
Platform port Transmit command: 00 00 00 01 
Platform port Transmit transport_type: 00 00 00 01 
Platform port Transmit size: 00 00 00 05 
Platform port Transmit buffer:
    05 13 ea 00 00 
Platform port Receive command: 00 00 00 01 
Platform port Receive transport_type: 00 00 00 01 
Platform port Receive size: 00 00 00 09 
Platform port Receive buffer:
    05 13 6a 01 00 13 81 00 00 
libspdm_receive_spdm_response[0] msg SPDM_ENCAPSULATED_REQUEST(0x6a), size (0x8): 
0000: 13 6a 01 00 13 81 00 00 
libspdm_send_spdm_request[0] msg SPDM_DELIVER_ENCAPSULATED_RESPONSE(0xeb), size (0xa4): 
0000: 13 eb 01 00 13 01 07 07 4f 87 c0 26 1a 89 7c ac e3 cf 0b 0b 7a fb ad 8b f4 a9 67 f8 9c fd dc 9e 
0020: d6 37 4e bb 64 11 27 ae a4 25 a4 67 2e 48 d8 49 e9 f8 66 dd 79 e8 99 0c 4f 87 c0 26 1a 89 7c ac 
0040: e3 cf 0b 0b 7a fb ad 8b f4 a9 67 f8 9c fd dc 9e d6 37 4e bb 64 11 27 ae a4 25 a4 67 2e 48 d8 49 
0060: e9 f8 66 dd 79 e8 99 0c 4f 87 c0 26 1a 89 7c ac e3 cf 0b 0b 7a fb ad 8b f4 a9 67 f8 9c fd dc 9e 
0080: d6 37 4e bb 64 11 27 ae a4 25 a4 67 2e 48 d8 49 e9 f8 66 dd 79 e8 99 0c b0 b1 b2 01 01 01 0f 00 
00a0: 0f 00 0f 00 
Platform port Transmit command: 00 00 00 01 
Platform port Transmit transport_type: 00 00 00 01 
Platform port Transmit size: 00 00 00 a5 
Platform port Transmit buffer:
    05 13 eb 01 00 13 01 07 07 4f 87 c0 26 1a 89 7c ac e3 cf 0b 0b 7a fb ad 8b f4 a9 67 f8 9c fd dc 9e d6 37 4e bb 64 11 27 ae a4 25 a4 67 2e 48 d8 49 e9 f8 66 dd 79 e8 99 0c 4f 87 c0 26 1a 89 7c ac e3 cf 0b 0b 7a fb ad 8b f4 a9 67 f8 9c fd dc 9e d6 37 4e bb 64 11 27 ae a4 25 a4 67 2e 48 d8 49 e9 f8 66 dd 79 e8 99 0c 4f 87 c0 26 1a 89 7c ac e3 cf 0b 0b 7a fb ad 8b f4 a9 67 f8 9c fd dc 9e d6 37 4e bb 64 11 27 ae a4 25 a4 67 2e 48 d8 49 e9 f8 66 dd 79 e8 99 0c b0 b1 b2 01 01 01 0f 00 0f 00 0f 00 
Platform port Receive command: 00 00 00 01 
Platform port Receive transport_type: 00 00 00 01 
Platform port Receive size: 00 00 00 11 
Platform port Receive buffer:
    05 13 6b 02 01 01 00 00 00 13 82 00 00 00 00 00 04 
libspdm_receive_spdm_response[0] msg SPDM_ENCAPSULATED_RESPONSE_ACK(0x6b), size (0x10): 
0000: 13 6b 02 01 01 00 00 00 13 82 00 00 00 00 00 04 
libspdm_send_spdm_request[0] msg SPDM_DELIVER_ENCAPSULATED_RESPONSE(0xeb), size (0x40c): 
0000: 13 eb 02 00 13 02 00 01 00 04 90 0a 90 0e 00 00 51 2e 16 a0 50 1b 16 23 21 8c 36 bb 99 12 20 98 
0020: 31 a8 c5 e0 40 bd 29 38 1f 6c 12 1d 34 85 d0 16 05 81 f1 8e 93 3c c5 9f 8a 72 6d bc 3f 79 56 3c 
0040: 30 82 05 1d 30 82 03 05 a0 03 02 01 02 02 14 7c 41 60 c4 cd 75 b4 99 74 b5 f3 5a b8 22 31 20 36 
0060: 4f 19 aa 30 0d 06 09 2a 86 48 86 f7 0d 01 01 0c 05 00 30 1e 31 1c 30 1a 06 03 55 04 03 0c 13 44 
0080: 4d 54 46 20 6c 69 62 73 70 64 6d 20 52 53 41 20 43 41 30 1e 17 0d 32 33 30 34 30 33 30 35 35 32 
00a0: 31 35 5a 17 0d 33 33 30 33 33 31 30 35 35 32 31 35 5a 30 1e 31 1c 30 1a 06 03 55 04 03 0c 13 44 
00c0: 4d 54 46 20 6c 69 62 73 70 64 6d 20 52 53 41 20 43 41 30 82 02 22 30 0d 06 09 2a 86 48 86 f7 0d 
00e0: 01 01 01 05 00 03 82 02 0f 00 30 82 02 0a 02 82 02 01 00 c4 ed 0f 79 65 7b 03 b9 8e 36 74 5a 79 
0100: d0 1c 0c 83 43 5f 4e 13 bf 4d 61 cc 26 fd a6 e1 ff 96 c7 63 14 f4 0f 23 4b 06 a2 29 8f d5 6b 5b 
0120: cb 6a 10 28 6e ad 3b d6 16 a3 84 9b 65 30 b6 68 7e 1e 63 62 dc 0f 5c d8 a3 6b 9c 74 50 71 e9 65 
0140: 3a c3 ee 31 20 9d 49 5c 42 c9 8b 05 f0 cc 44 2d b4 19 ae c6 c6 51 1d 62 eb 4f 80 5c 9f de bf 20 
0160: 9b 84 d0 a7 08 9e 15 a6 6c 3e c1 27 89 38 50 e9 df 61 ab 89 80 fc 57 2f f3 0e a9 f0 df 9f dd eb 
0180: 4a c2 e8 cb 90 c0 6b 23 83 4e 12 3f 9a 94 f1 95 6a 95 fc f1 64 bb d4 83 e5 15 a5 07 68 da 8a f6 
01a0: f8 1a bc 22 ed 4a 03 aa c7 26 e8 0a c1 03 7c b5 86 88 2f a8 9e f9 dc 20 68 28 7b 93 3a 91 1f 44 
01c0: 19 66 e7 9d 33 2f bf b4 7b fc 63 6a b6 a6 b2 6a fb ae 83 63 fe bc 0a 40 ba 2f ef c6 ba f8 05 5c 
01e0: 13 48 87 3e c1 9b 82 f8 46 7b d8 f2 a6 82 2d 3c b2 e8 d9 4c 76 a5 a4 dd 31 d5 e1 6c 1b 3e db cd 
0200: d9 8c bb a2 11 5a c7 1a ff 1e 28 ce bb 40 52 43 9f 15 7d 82 34 00 47 3a f2 91 0e fd d9 39 7f 78 
0220: c5 8c 1a 89 e2 04 a3 a1 9d bc fc cb b8 8d fb 04 98 86 a5 6d a4 51 94 89 2b a5 67 1b 53 3a 69 02 
0240: 2a c5 ea 28 36 d9 de 22 e7 ec fc 68 48 93 92 0d 15 04 e6 12 05 ca 35 72 fb e3 97 b4 40 43 15 e2 
0260: 3e 21 b4 fd 9b 86 82 dd a3 f4 1c 31 4e 72 2f 03 86 df 37 8b 2d 92 4e bb ef 0e 58 f6 67 a2 d9 bf 
0280: f1 be 9a 83 0c ef 94 6d 45 f6 d0 53 07 8d 60 6a 05 97 59 3a 97 0c e4 b9 d6 a3 4b 5c 92 eb cf 28 
02a0: 9e 87 2a ae 47 1b 8f 9c 5c cb 13 7d 9f 8d e8 b9 06 4d 82 7a 63 36 18 ba e4 47 84 c9 1d 01 3c d7 
02c0: 81 fb 10 d2 b6 8c 20 20 d4 d8 91 f3 a0 2c 2e ac 63 99 f7 99 19 3e 4a 62 5a 1f c2 59 f3 62 3d b4 
02e0: 72 cf be bb 4c c3 fb 1f 38 ed 7e 19 ff bc 16 2e c9 b1 a9 02 03 01 00 01 a3 53 30 51 30 1d 06 03 
0300: 55 1d 0e 04 16 04 14 18 46 6c 14 db b3 0f fd bc 2b 0b 07 f5 15 b8 7d 08 b8 48 88 30 1f 06 03 55 
0320: 1d 23 04 18 30 16 80 14 18 46 6c 14 db b3 0f fd bc 2b 0b 07 f5 15 b8 7d 08 b8 48 88 30 0f 06 03 
0340: 55 1d 13 01 01 ff 04 05 30 03 01 01 ff 30 0d 06 09 2a 86 48 86 f7 0d 01 01 0c 05 00 03 82 02 01 
0360: 00 6e da 6a b2 d8 c2 a3 ae 06 a6 e1 22 e6 f5 e8 f1 33 26 0d 1d 87 90 fa 48 84 39 34 5b ef 8a 13 
0380: 2a f8 fb f8 3f bf d8 33 8e cb 92 73 46 0f 2b 26 0f de ef 2f a8 65 e2 53 4f 22 72 b2 7a 7c 4e 1a 
03a0: 04 87 b7 94 82 dd 6f 56 1f 03 d6 97 52 76 f8 1c b0 c4 95 c4 79 df 2a c5 8f f6 4e fb 92 d1 eb 78 
03c0: ba d8 7b b9 e4 78 10 7a fb e1 5c 8d 07 45 24 2d f1 35 30 7b 7c e8 97 32 f1 ac 6f cd 85 57 7e 9d 
03e0: 71 8e 07 b2 ed a3 4b 7c f4 9d de 69 57 b6 95 e3 2b 7c 2a 82 d2 72 93 16 c9 29 8d e8 63 51 94 e8 
0400: 05 70 d0 9e 6b f4 a7 b2 fa 84 8f 6a 
Platform port Transmit command: 00 00 00 01 
Platform port Transmit transport_type: 00 00 00 01 
Platform port Transmit size: 00 00 04 0d 
Platform port Transmit buffer:
    05 13 eb 02 00 13 02 00 01 00 04 90 0a 90 0e 00 00 51 2e 16 a0 50 1b 16 23 21 8c 36 bb 99 12 20 98 31 a8 c5 e0 40 bd 29 38 1f 6c 12 1d 34 85 d0 16 05 81 f1 8e 93 3c c5 9f 8a 72 6d bc 3f 79 56 3c 30 82 05 1d 30 82 03 05 a0 03 02 01 02 02 14 7c 41 60 c4 cd 75 b4 99 74 b5 f3 5a b8 22 31 20 36 4f 19 aa 30 0d 06 09 2a 86 48 86 f7 0d 01 01 0c 05 00 30 1e 31 1c 30 1a 06 03 55 04 03 0c 13 44 4d 54 46 20 6c 69 62 73 70 64 6d 20 52 53 41 20 43 41 30 1e 17 0d 32 33 30 34 30 33 30 35 35 32 31 35 5a 17 0d 33 33 30 33 33 31 30 35 35 32 31 35 5a 30 1e 31 1c 30 1a 06 03 55 04 03 0c 13 44 4d 54 46 20 6c 69 62 73 70 64 6d 20 52 53 41 20 43 41 30 82 02 22 30 0d 06 09 2a 86 48 86 f7 0d 01 01 01 05 00 03 82 02 0f 00 30 82 02 0a 02 82 02 01 00 c4 ed 0f 79 65 7b 03 b9 8e 36 74 5a 79 d0 1c 0c 83 43 5f 4e 13 bf 4d 61 cc 26 fd a6 e1 ff 96 c7 63 14 f4 0f 23 4b 06 a2 29 8f d5 6b 5b cb 6a 10 28 6e ad 3b d6 16 a3 84 9b 65 30 b6 68 7e 1e 63 62 dc 0f 5c d8 a3 6b 9c 74 50 71 e9 65 3a c3 ee 31 20 9d 49 5c 42 c9 8b 05 f0 cc 44 2d b4 19 ae c6 c6 51 1d 62 eb 4f 80 5c 9f de bf 20 9b 84 d0 a7 08 9e 15 a6 6c 3e c1 27 89 38 50 e9 df 61 ab 89 80 fc 57 2f f3 0e a9 f0 df 9f dd eb 4a c2 e8 cb 90 c0 6b 23 83 4e 12 3f 9a 94 f1 95 6a 95 fc f1 64 bb d4 83 e5 15 a5 07 68 da 8a f6 f8 1a bc 22 ed 4a 03 aa c7 26 e8 0a c1 03 7c b5 86 88 2f a8 9e f9 dc 20 68 28 7b 93 3a 91 1f 44 19 66 e7 9d 33 2f bf b4 7b fc 63 6a b6 a6 b2 6a fb ae 83 63 fe bc 0a 40 ba 2f ef c6 ba f8 05 5c 13 48 87 3e c1 9b 82 f8 46 7b d8 f2 a6 82 2d 3c b2 e8 d9 4c 76 a5 a4 dd 31 d5 e1 6c 1b 3e db cd d9 8c bb a2 11 5a c7 1a ff 1e 28 ce bb 40 52 43 9f 15 7d 82 34 00 47 3a f2 91 0e fd d9 39 7f 78 c5 8c 1a 89 e2 04 a3 a1 9d bc fc cb b8 8d fb 04 98 86 a5 6d a4 51 94 89 2b a5 67 1b 53 3a 69 02 2a c5 ea 28 36 d9 de 22 e7 ec fc 68 48 93 92 0d 15 04 e6 12 05 ca 35 72 fb e3 97 b4 40 43 15 e2 3e 21 b4 fd 9b 86 82 dd a3 f4 1c 31 4e 72 2f 03 86 df 37 8b 2d 92 4e bb ef 0e 58 f6 67 a2 d9 bf f1 be 9a 83 0c ef 94 6d 45 f6 d0 53 07 8d 60 6a 05 97 59 3a 97 0c e4 b9 d6 a3 4b 5c 92 eb cf 28 9e 87 2a ae 47 1b 8f 9c 5c cb 13 7d 9f 8d e8 b9 06 4d 82 7a 63 36 18 ba e4 47 84 c9 1d 01 3c d7 81 fb 10 d2 b6 8c 20 20 d4 d8 91 f3 a0 2c 2e ac 63 99 f7 99 19 3e 4a 62 5a 1f c2 59 f3 62 3d b4 72 cf be bb 4c c3 fb 1f 38 ed 7e 19 ff bc 16 2e c9 b1 a9 02 03 01 00 01 a3 53 30 51 30 1d 06 03 55 1d 0e 04 16 04 14 18 46 6c 14 db b3 0f fd bc 2b 0b 07 f5 15 b8 7d 08 b8 48 88 30 1f 06 03 55 1d 23 04 18 30 16 80 14 18 46 6c 14 db b3 0f fd bc 2b 0b 07 f5 15 b8 7d 08 b8 48 88 30 0f 06 03 55 1d 13 01 01 ff 04 05 30 03 01 01 ff 30 0d 06 09 2a 86 48 86 f7 0d 01 01 0c 05 00 03 82 02 01 00 6e da 6a b2 d8 c2 a3 ae 06 a6 e1 22 e6 f5 e8 f1 33 26 0d 1d 87 90 fa 48 84 39 34 5b ef 8a 13 2a f8 fb f8 3f bf d8 33 8e cb 92 73 46 0f 2b 26 0f de ef 2f a8 65 e2 53 4f 22 72 b2 7a 7c 4e 1a 04 87 b7 94 82 dd 6f 56 1f 03 d6 97 52 76 f8 1c b0 c4 95 c4 79 df 2a c5 8f f6 4e fb 92 d1 eb 78 ba d8 7b b9 e4 78 10 7a fb e1 5c 8d 07 45 24 2d f1 35 30 7b 7c e8 97 32 f1 ac 6f cd 85 57 7e 9d 71 8e 07 b2 ed a3 4b 7c f4 9d de 69 57 b6 95 e3 2b 7c 2a 82 d2 72 93 16 c9 29 8d e8 63 51 94 e8 05 70 d0 9e 6b f4 a7 b2 fa 84 8f 6a 
Platform port Receive command: 00 00 00 01 
Platform port Receive transport_type: 00 00 00 01 
Platform port Receive size: 00 00 00 11 
Platform port Receive buffer:
    05 13 6b 03 01 02 00 00 00 13 82 00 00 00 04 00 04 
libspdm_receive_spdm_response[0] msg SPDM_ENCAPSULATED_RESPONSE_ACK(0x6b), size (0x10): 
0000: 13 6b 03 01 02 00 00 00 13 82 00 00 00 04 00 04 
libspdm_send_spdm_request[0] msg SPDM_DELIVER_ENCAPSULATED_RESPONSE(0xeb), size (0x40c): 
0000: 13 eb 03 00 13 02 00 01 00 04 90 06 8c 51 5d 6d 01 3b b3 5a 35 ce 66 12 53 3c 23 2d e0 74 ae 47 
0020: 87 70 27 d7 a4 c6 86 50 ea 5a 06 e4 b2 0c 9c f3 14 b8 5c 13 e8 18 ae cc 92 a6 5e 6e 23 5b 40 55 
0040: 41 5a 28 fb 18 af 1e 26 6d 48 24 56 bb 19 37 ab 74 53 04 a7 cb a9 39 6e 31 12 23 37 21 69 7f 91 
0060: c5 b3 a7 f4 4a c7 5f f6 0f 95 7d 73 42 1f 16 91 92 1a 8b 83 c5 ea 61 8e 0f 30 51 dc 7a 8d 3f 9b 
0080: 82 6a f0 b7 a7 53 6f 79 5a a1 10 f3 6e b3 3f 92 a5 c4 3b cc 07 eb 05 88 9e 49 cd 52 38 97 7d 9c 
00a0: 3b 34 7e 7f 59 18 87 51 a2 b7 69 7d 54 7e 17 d7 f0 b5 70 e0 5b 76 9b 42 89 81 34 93 4f c5 12 67 
00c0: 53 47 1b 86 a8 e4 03 61 f5 5e a0 1f bd 98 89 3e 93 30 04 8f 57 32 a5 7e 58 a0 88 1d a9 04 0b 2b 
00e0: 8d 12 ea ce 8b 48 8c 56 d0 57 3f fd 78 3e a7 51 77 28 8d bc 25 5c 5d a5 3e 0d f7 19 6c fc 05 0b 
0100: 83 cb 9c 1b 53 05 e6 d6 a6 3e a3 ef 8b c5 07 ee 83 51 d8 e4 32 94 be d6 65 23 26 37 ee 5d 8e 4f 
0120: 6c 20 2b 74 63 63 42 5a 7b 46 e2 2b 6f 62 da 97 f6 82 76 17 d2 5a 95 8a b1 08 86 69 7c 2c da 6f 
0140: 88 ab 68 df b8 79 8e fd 44 6a a0 b4 41 f2 eb fe 54 39 4e c4 fb df cc a8 a0 13 83 36 7f bc 64 95 
0160: f6 30 82 04 a4 30 82 02 8c a0 03 02 01 02 02 01 01 30 0d 06 09 2a 86 48 86 f7 0d 01 01 0c 05 00 
0180: 30 1e 31 1c 30 1a 06 03 55 04 03 0c 13 44 4d 54 46 20 6c 69 62 73 70 64 6d 20 52 53 41 20 43 41 
01a0: 30 1e 17 0d 32 33 30 34 30 33 30 35 35 32 31 36 5a 17 0d 33 33 30 33 33 31 30 35 35 32 31 36 5a 
01c0: 30 2d 31 2b 30 29 06 03 55 04 03 0c 22 44 4d 54 46 20 6c 69 62 73 70 64 6d 20 52 53 41 20 69 6e 
01e0: 74 65 72 6d 65 64 69 61 74 65 20 63 65 72 74 30 82 01 a2 30 0d 06 09 2a 86 48 86 f7 0d 01 01 01 
0200: 05 00 03 82 01 8f 00 30 82 01 8a 02 82 01 81 00 d5 fe b3 eb 7c cb 11 48 99 1c 3e 6f 20 bd 4f e6 
0220: 1a 49 df 38 39 15 01 a1 9d ea e6 1f 28 03 92 2b 5a 75 46 05 b5 db b8 e8 7c f0 4f 8f 4a 7a 55 f8 
0240: 98 ec 4e d7 c3 f2 48 2b fb 2f 58 34 85 c0 e7 2c 2e 51 03 b2 d4 61 7e 87 0b c3 5f 68 07 76 b6 99 
0260: e6 ee 22 8f 8a fc cd 86 ac 0f 95 1d 46 55 39 b5 0d 8d 68 07 09 52 81 d8 e1 40 61 8c cd 09 b4 9c 
0280: da a8 14 df 03 33 7d ba 5c b1 ba 5b ca 45 27 34 2f 00 75 51 2f e3 80 a9 ed 7d 4f c5 09 a4 8c 8c 
02a0: 13 0a a9 11 a9 a5 2a d7 d1 2f 30 3a 53 9c f3 65 31 16 0b 26 5e 55 81 2b 17 f8 36 ef c6 e6 dd 42 
02c0: 3f cd b2 69 6b cd 59 d1 d2 f5 f5 5e af 15 d2 53 5c 57 3d bb 60 5d 65 d9 dd 0f f6 1a 2b c1 3e b0 
02e0: b5 23 e3 37 69 72 d9 47 b5 cd 75 95 f2 bc 8e 70 6f af ef d7 3a fc a8 6f f5 ec eb 1e 8e 35 17 d8 
0300: e9 e9 57 af b4 33 38 97 f9 6f 62 15 05 a0 d4 a5 74 a3 42 45 95 65 e2 72 9e 2b 4b 65 03 69 c0 dd 
0320: 54 a6 a4 54 60 ad 43 f2 b6 34 bb a5 b1 72 d3 1c 8a 2f 5d 91 a0 1b 9d 12 56 e3 47 70 b6 41 36 d1 
0340: ab bb eb 38 df ee 03 f3 68 e7 7f 31 f0 08 e2 cd 6d b1 f1 30 99 1a d5 6a c7 40 e5 cd f5 ad 29 02 
0360: 54 d1 85 df 70 08 90 e6 b9 bf e9 87 b6 45 d4 f8 a0 8f 11 b5 5f 40 fd 38 9f 0e 55 e3 bb 8b 84 f8 
0380: fb 37 61 74 1f ae 30 81 ff 80 ac 5f 56 75 24 87 02 03 01 00 01 a3 5e 30 5c 30 0c 06 03 55 1d 13 
03a0: 04 05 30 03 01 01 ff 30 0b 06 03 55 1d 0f 04 04 03 02 01 fe 30 1d 06 03 55 1d 0e 04 16 04 14 ce 
03c0: 3e dc e7 2a 80 6c 71 3a 6e c4 cc 59 cd d0 ed e3 ad c2 25 30 20 06 03 55 1d 25 01 01 ff 04 16 30 
03e0: 14 06 08 2b 06 01 05 05 07 03 01 06 08 2b 06 01 05 05 07 03 02 30 0d 06 09 2a 86 48 86 f7 0d 01 
0400: 01 0c 05 00 03 82 02 01 00 45 dc 31 
Platform port Transmit command: 00 00 00 01 
Platform port Transmit transport_type: 00 00 00 01 
Platform port Transmit size: 00 00 04 0d 
Platform port Transmit buffer:
    05 13 eb 03 00 13 02 00 01 00 04 90 06 8c 51 5d 6d 01 3b b3 5a 35 ce 66 12 53 3c 23 2d e0 74 ae 47 87 70 27 d7 a4 c6 86 50 ea 5a 06 e4 b2 0c 9c f3 14 b8 5c 13 e8 18 ae cc 92 a6 5e 6e 23 5b 40 55 41 5a 28 fb 18 af 1e 26 6d 48 24 56 bb 19 37 ab 74 53 04 a7 cb a9 39 6e 31 12 23 37 21 69 7f 91 c5 b3 a7 f4 4a c7 5f f6 0f 95 7d 73 42 1f 16 91 92 1a 8b 83 c5 ea 61 8e 0f 30 51 dc 7a 8d 3f 9b 82 6a f0 b7 a7 53 6f 79 5a a1 10 f3 6e b3 3f 92 a5 c4 3b cc 07 eb 05 88 9e 49 cd 52 38 97 7d 9c 3b 34 7e 7f 59 18 87 51 a2 b7 69 7d 54 7e 17 d7 f0 b5 70 e0 5b 76 9b 42 89 81 34 93 4f c5 12 67 53 47 1b 86 a8 e4 03 61 f5 5e a0 1f bd 98 89 3e 93 30 04 8f 57 32 a5 7e 58 a0 88 1d a9 04 0b 2b 8d 12 ea ce 8b 48 8c 56 d0 57 3f fd 78 3e a7 51 77 28 8d bc 25 5c 5d a5 3e 0d f7 19 6c fc 05 0b 83 cb 9c 1b 53 05 e6 d6 a6 3e a3 ef 8b c5 07 ee 83 51 d8 e4 32 94 be d6 65 23 26 37 ee 5d 8e 4f 6c 20 2b 74 63 63 42 5a 7b 46 e2 2b 6f 62 da 97 f6 82 76 17 d2 5a 95 8a b1 08 86 69 7c 2c da 6f 88 ab 68 df b8 79 8e fd 44 6a a0 b4 41 f2 eb fe 54 39 4e c4 fb df cc a8 a0 13 83 36 7f bc 64 95 f6 30 82 04 a4 30 82 02 8c a0 03 02 01 02 02 01 01 30 0d 06 09 2a 86 48 86 f7 0d 01 01 0c 05 00 30 1e 31 1c 30 1a 06 03 55 04 03 0c 13 44 4d 54 46 20 6c 69 62 73 70 64 6d 20 52 53 41 20 43 41 30 1e 17 0d 32 33 30 34 30 33 30 35 35 32 31 36 5a 17 0d 33 33 30 33 33 31 30 35 35 32 31 36 5a 30 2d 31 2b 30 29 06 03 55 04 03 0c 22 44 4d 54 46 20 6c 69 62 73 70 64 6d 20 52 53 41 20 69 6e 74 65 72 6d 65 64 69 61 74 65 20 63 65 72 74 30 82 01 a2 30 0d 06 09 2a 86 48 86 f7 0d 01 01 01 05 00 03 82 01 8f 00 30 82 01 8a 02 82 01 81 00 d5 fe b3 eb 7c cb 11 48 99 1c 3e 6f 20 bd 4f e6 1a 49 df 38 39 15 01 a1 9d ea e6 1f 28 03 92 2b 5a 75 46 05 b5 db b8 e8 7c f0 4f 8f 4a 7a 55 f8 98 ec 4e d7 c3 f2 48 2b fb 2f 58 34 85 c0 e7 2c 2e 51 03 b2 d4 61 7e 87 0b c3 5f 68 07 76 b6 99 e6 ee 22 8f 8a fc cd 86 ac 0f 95 1d 46 55 39 b5 0d 8d 68 07 09 52 81 d8 e1 40 61 8c cd 09 b4 9c da a8 14 df 03 33 7d ba 5c b1 ba 5b ca 45 27 34 2f 00 75 51 2f e3 80 a9 ed 7d 4f c5 09 a4 8c 8c 13 0a a9 11 a9 a5 2a d7 d1 2f 30 3a 53 9c f3 65 31 16 0b 26 5e 55 81 2b 17 f8 36 ef c6 e6 dd 42 3f cd b2 69 6b cd 59 d1 d2 f5 f5 5e af 15 d2 53 5c 57 3d bb 60 5d 65 d9 dd 0f f6 1a 2b c1 3e b0 b5 23 e3 37 69 72 d9 47 b5 cd 75 95 f2 bc 8e 70 6f af ef d7 3a fc a8 6f f5 ec eb 1e 8e 35 17 d8 e9 e9 57 af b4 33 38 97 f9 6f 62 15 05 a0 d4 a5 74 a3 42 45 95 65 e2 72 9e 2b 4b 65 03 69 c0 dd 54 a6 a4 54 60 ad 43 f2 b6 34 bb a5 b1 72 d3 1c 8a 2f 5d 91 a0 1b 9d 12 56 e3 47 70 b6 41 36 d1 ab bb eb 38 df ee 03 f3 68 e7 7f 31 f0 08 e2 cd 6d b1 f1 30 99 1a d5 6a c7 40 e5 cd f5 ad 29 02 54 d1 85 df 70 08 90 e6 b9 bf e9 87 b6 45 d4 f8 a0 8f 11 b5 5f 40 fd 38 9f 0e 55 e3 bb 8b 84 f8 fb 37 61 74 1f ae 30 81 ff 80 ac 5f 56 75 24 87 02 03 01 00 01 a3 5e 30 5c 30 0c 06 03 55 1d 13 04 05 30 03 01 01 ff 30 0b 06 03 55 1d 0f 04 04 03 02 01 fe 30 1d 06 03 55 1d 0e 04 16 04 14 ce 3e dc e7 2a 80 6c 71 3a 6e c4 cc 59 cd d0 ed e3 ad c2 25 30 20 06 03 55 1d 25 01 01 ff 04 16 30 14 06 08 2b 06 01 05 05 07 03 01 06 08 2b 06 01 05 05 07 03 02 30 0d 06 09 2a 86 48 86 f7 0d 01 01 0c 05 00 03 82 02 01 00 45 dc 31 
Platform port Receive command: 00 00 00 01 
Platform port Receive transport_type: 00 00 00 01 
Platform port Receive size: 00 00 00 11 
Platform port Receive buffer:
    05 13 6b 04 01 03 00 00 00 13 82 00 00 00 08 00 04 
libspdm_receive_spdm_response[0] msg SPDM_ENCAPSULATED_RESPONSE_ACK(0x6b), size (0x10): 
0000: 13 6b 04 01 03 00 00 00 13 82 00 00 00 08 00 04 
libspdm_send_spdm_request[0] msg SPDM_DELIVER_ENCAPSULATED_RESPONSE(0xeb), size (0x40c): 
0000: 13 eb 04 00 13 02 00 01 00 04 90 02 2d 58 71 46 21 2a ff 87 75 21 4f 6d d0 d4 f4 b1 25 38 a5 a0 
0020: 5d ee 38 db 87 64 90 9b eb 5c 31 db 39 6a 55 71 c1 c0 51 94 e7 d0 bd 51 4e 7f af 2f fb 39 e8 6b 
0040: b0 7a 72 28 85 d4 e2 35 22 5e 2f 18 ad 4b ef c7 4e d4 58 97 33 be f0 b9 bf dc ce 34 80 61 49 52 
0060: 33 c1 f8 4b 80 aa c8 86 59 e3 e7 24 6e 64 2e b0 af b3 80 02 d5 59 85 2d 2e 56 53 56 99 b3 73 5f 
0080: b6 9e ac 63 3b 30 15 f9 71 d7 d5 e7 36 b9 1f 3d f2 fa 29 2e e1 82 bf 16 74 a6 86 8d d0 1e be 05 
00a0: 0e 90 00 a4 80 9b ec dc 4d 40 91 e7 20 db f6 0f 06 91 20 14 08 21 ce 81 82 eb f2 23 1f 93 84 47 
00c0: d2 6d 37 55 0a f9 46 40 41 04 e1 f8 a2 b3 76 89 4f 18 a9 f9 fa dc 16 6e f7 d0 a8 3a 52 57 a3 b8 
00e0: 1a 8e c0 3a cc 02 12 87 66 70 87 9a d8 4d 6b 77 69 94 5d e7 35 35 b1 97 d3 6b fe 79 ee da 7e 1d 
0100: db 6c d3 0a 89 c0 4b d9 fa ee 24 70 44 d5 03 d3 3c ba 33 d1 67 df d4 a2 a6 93 0c 5e 29 c7 9c 1e 
0120: 85 60 c4 ca 4d 93 bb 85 1d 18 75 a9 17 62 19 45 3d 3a f4 d2 33 4b d3 d7 5a 96 7a 67 94 f1 58 44 
0140: e4 f4 18 28 2c e1 80 5b 3a cf de 00 b1 ed 02 c8 c6 92 ce ef 03 79 68 b1 1e c2 32 13 d9 9f 73 df 
0160: 44 c0 bf 49 9a f5 06 64 a3 11 57 39 47 dc 98 26 e6 06 81 96 2a 6a 34 4c af 41 0f f3 c7 2d d6 e2 
0180: f4 ed b7 12 c0 ba 3b 72 0c 76 d4 a0 b5 ca 92 ae 15 38 39 25 db 18 19 08 12 22 cb c5 42 cf 59 54 
01a0: fb f4 87 da 08 89 db f7 db 96 bf f0 29 ef 8b a9 fb 89 7f 07 59 5e ec e3 df e0 a5 e8 c8 e2 a9 0f 
01c0: 27 06 f7 17 5b e4 ea f1 a1 68 c1 cc 4d 22 2f cc 89 a2 a8 b2 00 c2 32 55 2c e0 d1 85 fa 33 42 78 
01e0: 27 38 c6 a4 28 b1 64 8e 12 8f d6 fe e9 df 4e 00 5a 0a bb 17 a2 df 49 fa 75 0a ad 28 e0 59 88 08 
0200: 5a b6 77 e1 73 91 ed 9d b2 30 82 04 8f 30 82 02 f7 a0 03 02 01 02 02 01 02 30 0d 06 09 2a 86 48 
0220: 86 f7 0d 01 01 0c 05 00 30 2d 31 2b 30 29 06 03 55 04 03 0c 22 44 4d 54 46 20 6c 69 62 73 70 64 
0240: 6d 20 52 53 41 20 69 6e 74 65 72 6d 65 64 69 61 74 65 20 63 65 72 74 30 1e 17 0d 32 33 30 39 31 
0260: 34 31 33 34 33 31 32 5a 17 0d 33 33 30 39 31 31 31 33 34 33 31 32 5a 30 2a 31 28 30 26 06 03 55 
0280: 04 03 0c 1f 44 4d 54 46 20 6c 69 62 73 70 64 6d 20 52 53 41 20 72 65 71 75 73 65 74 65 72 20 63 
02a0: 65 72 74 30 82 01 a2 30 0d 06 09 2a 86 48 86 f7 0d 01 01 01 05 00 03 82 01 8f 00 30 82 01 8a 02 
02c0: 82 01 81 00 b0 46 67 82 63 b9 22 69 01 9b e7 f9 52 f7 09 1b 72 15 0c 67 3e e4 6e 41 09 ed 01 42 
02e0: f1 d8 3c 0d a0 0c 35 fb 5c 36 00 21 58 4a 1b 4e 85 af e7 84 c9 8f b8 e0 b1 a4 3d 78 54 4d f3 92 
0300: 8d e6 b5 97 98 68 d6 4e de f3 2d 89 b6 57 9d b0 83 95 3c 7a 71 7f f9 0e 57 77 cc 69 a8 01 ab 2e 
0320: 7b 30 50 3b d1 ee c8 3d fe a6 74 e4 f7 7f f2 fc d1 e6 4a b4 7b 45 0b 59 cb 53 60 48 91 59 d9 1b 
0340: cc 61 5c 5b e2 b2 a5 ca ce 93 96 de c9 db f8 3a 94 1c 3e e4 44 44 ad 04 e0 2f 63 f1 a5 b7 01 55 
0360: 4f bc b7 7e 7d 8d 82 cb 74 ba c5 ed ef 9e 41 4c b0 54 6d 15 48 18 07 3c 2d 44 e0 e2 38 90 35 34 
0380: ee 0e c7 1e 32 58 be 89 55 9f 7e 68 e5 e7 7f d1 d0 61 f4 80 48 e0 d4 97 50 74 ca 27 a6 b5 cf 6e 
03a0: a5 0f c9 4f 21 c7 e6 c9 fd fe 1a 33 88 e3 b5 a7 b8 3a 4f bf f8 c6 54 4d 63 14 05 df 45 81 4e 84 
03c0: 9a 0a 8a 45 40 52 cf ee 15 b7 71 66 98 43 11 84 7c 2e 1b 02 da b2 92 a1 01 85 37 b1 ce 70 11 a4 
03e0: cf 46 eb 08 22 dd ad 05 89 f7 2e 1e a7 bb 36 cd 7f 13 aa ec dd 2a 2d 23 b1 d0 c6 74 fb 84 23 36 
0400: ba 90 a0 30 31 48 d5 52 a9 10 d9 4e 
Platform port Transmit command: 00 00 00 01 
Platform port Transmit transport_type: 00 00 00 01 
Platform port Transmit size: 00 00 04 0d 
Platform port Transmit buffer:
    05 13 eb 04 00 13 02 00 01 00 04 90 02 2d 58 71 46 21 2a ff 87 75 21 4f 6d d0 d4 f4 b1 25 38 a5 a0 5d ee 38 db 87 64 90 9b eb 5c 31 db 39 6a 55 71 c1 c0 51 94 e7 d0 bd 51 4e 7f af 2f fb 39 e8 6b b0 7a 72 28 85 d4 e2 35 22 5e 2f 18 ad 4b ef c7 4e d4 58 97 33 be f0 b9 bf dc ce 34 80 61 49 52 33 c1 f8 4b 80 aa c8 86 59 e3 e7 24 6e 64 2e b0 af b3 80 02 d5 59 85 2d 2e 56 53 56 99 b3 73 5f b6 9e ac 63 3b 30 15 f9 71 d7 d5 e7 36 b9 1f 3d f2 fa 29 2e e1 82 bf 16 74 a6 86 8d d0 1e be 05 0e 90 00 a4 80 9b ec dc 4d 40 91 e7 20 db f6 0f 06 91 20 14 08 21 ce 81 82 eb f2 23 1f 93 84 47 d2 6d 37 55 0a f9 46 40 41 04 e1 f8 a2 b3 76 89 4f 18 a9 f9 fa dc 16 6e f7 d0 a8 3a 52 57 a3 b8 1a 8e c0 3a cc 02 12 87 66 70 87 9a d8 4d 6b 77 69 94 5d e7 35 35 b1 97 d3 6b fe 79 ee da 7e 1d db 6c d3 0a 89 c0 4b d9 fa ee 24 70 44 d5 03 d3 3c ba 33 d1 67 df d4 a2 a6 93 0c 5e 29 c7 9c 1e 85 60 c4 ca 4d 93 bb 85 1d 18 75 a9 17 62 19 45 3d 3a f4 d2 33 4b d3 d7 5a 96 7a 67 94 f1 58 44 e4 f4 18 28 2c e1 80 5b 3a cf de 00 b1 ed 02 c8 c6 92 ce ef 03 79 68 b1 1e c2 32 13 d9 9f 73 df 44 c0 bf 49 9a f5 06 64 a3 11 57 39 47 dc 98 26 e6 06 81 96 2a 6a 34 4c af 41 0f f3 c7 2d d6 e2 f4 ed b7 12 c0 ba 3b 72 0c 76 d4 a0 b5 ca 92 ae 15 38 39 25 db 18 19 08 12 22 cb c5 42 cf 59 54 fb f4 87 da 08 89 db f7 db 96 bf f0 29 ef 8b a9 fb 89 7f 07 59 5e ec e3 df e0 a5 e8 c8 e2 a9 0f 27 06 f7 17 5b e4 ea f1 a1 68 c1 cc 4d 22 2f cc 89 a2 a8 b2 00 c2 32 55 2c e0 d1 85 fa 33 42 78 27 38 c6 a4 28 b1 64 8e 12 8f d6 fe e9 df 4e 00 5a 0a bb 17 a2 df 49 fa 75 0a ad 28 e0 59 88 08 5a b6 77 e1 73 91 ed 9d b2 30 82 04 8f 30 82 02 f7 a0 03 02 01 02 02 01 02 30 0d 06 09 2a 86 48 86 f7 0d 01 01 0c 05 00 30 2d 31 2b 30 29 06 03 55 04 03 0c 22 44 4d 54 46 20 6c 69 62 73 70 64 6d 20 52 53 41 20 69 6e 74 65 72 6d 65 64 69 61 74 65 20 63 65 72 74 30 1e 17 0d 32 33 30 39 31 34 31 33 34 33 31 32 5a 17 0d 33 33 30 39 31 31 31 33 34 33 31 32 5a 30 2a 31 28 30 26 06 03 55 04 03 0c 1f 44 4d 54 46 20 6c 69 62 73 70 64 6d 20 52 53 41 20 72 65 71 75 73 65 74 65 72 20 63 65 72 74 30 82 01 a2 30 0d 06 09 2a 86 48 86 f7 0d 01 01 01 05 00 03 82 01 8f 00 30 82 01 8a 02 82 01 81 00 b0 46 67 82 63 b9 22 69 01 9b e7 f9 52 f7 09 1b 72 15 0c 67 3e e4 6e 41 09 ed 01 42 f1 d8 3c 0d a0 0c 35 fb 5c 36 00 21 58 4a 1b 4e 85 af e7 84 c9 8f b8 e0 b1 a4 3d 78 54 4d f3 92 8d e6 b5 97 98 68 d6 4e de f3 2d 89 b6 57 9d b0 83 95 3c 7a 71 7f f9 0e 57 77 cc 69 a8 01 ab 2e 7b 30 50 3b d1 ee c8 3d fe a6 74 e4 f7 7f f2 fc d1 e6 4a b4 7b 45 0b 59 cb 53 60 48 91 59 d9 1b cc 61 5c 5b e2 b2 a5 ca ce 93 96 de c9 db f8 3a 94 1c 3e e4 44 44 ad 04 e0 2f 63 f1 a5 b7 01 55 4f bc b7 7e 7d 8d 82 cb 74 ba c5 ed ef 9e 41 4c b0 54 6d 15 48 18 07 3c 2d 44 e0 e2 38 90 35 34 ee 0e c7 1e 32 58 be 89 55 9f 7e 68 e5 e7 7f d1 d0 61 f4 80 48 e0 d4 97 50 74 ca 27 a6 b5 cf 6e a5 0f c9 4f 21 c7 e6 c9 fd fe 1a 33 88 e3 b5 a7 b8 3a 4f bf f8 c6 54 4d 63 14 05 df 45 81 4e 84 9a 0a 8a 45 40 52 cf ee 15 b7 71 66 98 43 11 84 7c 2e 1b 02 da b2 92 a1 01 85 37 b1 ce 70 11 a4 cf 46 eb 08 22 dd ad 05 89 f7 2e 1e a7 bb 36 cd 7f 13 aa ec dd 2a 2d 23 b1 d0 c6 74 fb 84 23 36 ba 90 a0 30 31 48 d5 52 a9 10 d9 4e 
Platform port Receive command: 00 00 00 01 
Platform port Receive transport_type: 00 00 00 01 
Platform port Receive size: 00 00 00 11 
Platform port Receive buffer:
    05 13 6b 05 01 04 00 00 00 13 82 00 00 00 0c 00 04 
libspdm_receive_spdm_response[0] msg SPDM_ENCAPSULATED_RESPONSE_ACK(0x6b), size (0x10): 
0000: 13 6b 05 01 04 00 00 00 13 82 00 00 00 0c 00 04 
libspdm_send_spdm_request[0] msg SPDM_DELIVER_ENCAPSULATED_RESPONSE(0xeb), size (0x29c): 
0000: 13 eb 05 00 13 02 00 01 90 02 00 00 5b a7 b5 06 1c 4b 1c b1 5e eb f0 e1 12 f2 e1 5b 41 22 f2 93 
0020: 72 62 85 7c 72 52 37 50 52 7b 95 e3 2c a4 5e bb a2 d5 7c a5 4c fe 7a 31 40 da 6f eb a5 87 4a 49 
0040: 96 96 32 8f 02 03 01 00 01 a3 81 bc 30 81 b9 30 0c 06 03 55 1d 13 01 01 ff 04 02 30 00 30 0b 06 
0060: 03 55 1d 0f 04 04 03 02 05 e0 30 1d 06 03 55 1d 0e 04 16 04 14 ad 7d 0a 9c 33 d2 d9 7b 1f 4e fd 
0080: b6 bf f3 eb 30 86 09 3c 01 30 31 06 03 55 1d 11 04 2a 30 28 a0 26 06 0a 2b 06 01 04 01 83 1c 82 
00a0: 12 01 a0 18 0c 16 41 43 4d 45 3a 57 49 44 47 45 54 3a 31 32 33 34 35 36 37 38 39 30 30 2a 06 03 
00c0: 55 1d 25 01 01 ff 04 20 30 1e 06 08 2b 06 01 05 05 07 03 01 06 08 2b 06 01 05 05 07 03 02 06 08 
00e0: 2b 06 01 05 05 07 03 09 30 1e 06 0a 2b 06 01 04 01 83 1c 82 12 06 04 10 30 0e 30 0c 06 0a 2b 06 
0100: 01 04 01 83 1c 82 12 02 30 0d 06 09 2a 86 48 86 f7 0d 01 01 0c 05 00 03 82 01 81 00 95 fc ed 8b 
0120: fe d1 f4 be f0 76 b8 5a 19 f7 f9 d3 44 2b 47 6f 5b 86 47 bb f2 64 72 64 5f c7 7b b5 4c 27 9d e3 
0140: 28 7b 96 75 ab 1a bc 38 b8 c9 e1 18 ed a3 b5 f9 8d 3e 6e 82 6c 5b cc b8 b6 d2 72 16 15 3f 59 d2 
0160: 3e 7c 4b 52 da f4 38 20 b3 c9 fc b6 99 07 b0 06 3e 00 db fa 9d 14 61 ce ab 80 82 5f 7d a9 2d c7 
0180: 9c 7f 78 b8 32 bf 4f 23 73 52 36 d9 44 16 b5 06 d4 f5 8c ec ee 5c 45 45 52 2c c5 8a b0 3d 38 5e 
01a0: 7e 03 28 f1 55 85 60 21 f3 ca 6f 76 d2 bf cc ae 8f fa 31 7e 3d 12 7d 93 24 2e 2d 99 05 87 51 e9 
01c0: 9e 5c 98 64 5f 25 6f 90 2a dd a2 4d 4e 09 53 35 65 0d 86 e4 32 aa 58 9d 76 44 e3 88 c6 50 e5 c3 
01e0: 77 eb a1 f6 02 71 de c4 c8 ca a9 fb eb 8b a8 14 6b bf fc ec 2d b6 fe 13 da 1b 89 6d 90 00 85 87 
0200: c9 18 fb 68 42 59 8c ce 59 e2 12 fe 5a 17 7d 4e 30 f3 7a 3b 58 ec 67 da 1d 64 f1 d5 1b 29 47 5b 
0220: b3 03 fc 81 3a 3b 2c 44 ba 81 2a f4 e2 3b 1d da 19 78 a1 e9 aa 4c 4f 8e a3 6a 3e 93 25 c8 b0 56 
0240: 65 d7 2e dc b4 b3 71 bc 16 62 de 6e 96 9f 48 58 78 1a 6b ac 2b 33 32 b0 5e 8e 05 07 56 91 06 03 
0260: de e8 0d 28 63 de a5 8b ed 53 d2 e9 6b ce db 33 63 f5 f2 0a fc 14 a2 19 28 83 55 c1 03 20 f3 5c 
0280: bd 83 b0 5e 64 c3 5e b5 ba c6 d7 f4 37 71 47 cc 16 fa 93 1a 38 97 e9 5e f2 b3 44 2d 
Platform port Transmit command: 00 00 00 01 
Platform port Transmit transport_type: 00 00 00 01 
Platform port Transmit size: 00 00 02 9d 
Platform port Transmit buffer:
    05 13 eb 05 00 13 02 00 01 90 02 00 00 5b a7 b5 06 1c 4b 1c b1 5e eb f0 e1 12 f2 e1 5b 41 22 f2 93 72 62 85 7c 72 52 37 50 52 7b 95 e3 2c a4 5e bb a2 d5 7c a5 4c fe 7a 31 40 da 6f eb a5 87 4a 49 96 96 32 8f 02 03 01 00 01 a3 81 bc 30 81 b9 30 0c 06 03 55 1d 13 01 01 ff 04 02 30 00 30 0b 06 03 55 1d 0f 04 04 03 02 05 e0 30 1d 06 03 55 1d 0e 04 16 04 14 ad 7d 0a 9c 33 d2 d9 7b 1f 4e fd b6 bf f3 eb 30 86 09 3c 01 30 31 06 03 55 1d 11 04 2a 30 28 a0 26 06 0a 2b 06 01 04 01 83 1c 82 12 01 a0 18 0c 16 41 43 4d 45 3a 57 49 44 47 45 54 3a 31 32 33 34 35 36 37 38 39 30 30 2a 06 03 55 1d 25 01 01 ff 04 20 30 1e 06 08 2b 06 01 05 05 07 03 01 06 08 2b 06 01 05 05 07 03 02 06 08 2b 06 01 05 05 07 03 09 30 1e 06 0a 2b 06 01 04 01 83 1c 82 12 06 04 10 30 0e 30 0c 06 0a 2b 06 01 04 01 83 1c 82 12 02 30 0d 06 09 2a 86 48 86 f7 0d 01 01 0c 05 00 03 82 01 81 00 95 fc ed 8b fe d1 f4 be f0 76 b8 5a 19 f7 f9 d3 44 2b 47 6f 5b 86 47 bb f2 64 72 64 5f c7 7b b5 4c 27 9d e3 28 7b 96 75 ab 1a bc 38 b8 c9 e1 18 ed a3 b5 f9 8d 3e 6e 82 6c 5b cc b8 b6 d2 72 16 15 3f 59 d2 3e 7c 4b 52 da f4 38 20 b3 c9 fc b6 99 07 b0 06 3e 00 db fa 9d 14 61 ce ab 80 82 5f 7d a9 2d c7 9c 7f 78 b8 32 bf 4f 23 73 52 36 d9 44 16 b5 06 d4 f5 8c ec ee 5c 45 45 52 2c c5 8a b0 3d 38 5e 7e 03 28 f1 55 85 60 21 f3 ca 6f 76 d2 bf cc ae 8f fa 31 7e 3d 12 7d 93 24 2e 2d 99 05 87 51 e9 9e 5c 98 64 5f 25 6f 90 2a dd a2 4d 4e 09 53 35 65 0d 86 e4 32 aa 58 9d 76 44 e3 88 c6 50 e5 c3 77 eb a1 f6 02 71 de c4 c8 ca a9 fb eb 8b a8 14 6b bf fc ec 2d b6 fe 13 da 1b 89 6d 90 00 85 87 c9 18 fb 68 42 59 8c ce 59 e2 12 fe 5a 17 7d 4e 30 f3 7a 3b 58 ec 67 da 1d 64 f1 d5 1b 29 47 5b b3 03 fc 81 3a 3b 2c 44 ba 81 2a f4 e2 3b 1d da 19 78 a1 e9 aa 4c 4f 8e a3 6a 3e 93 25 c8 b0 56 65 d7 2e dc b4 b3 71 bc 16 62 de 6e 96 9f 48 58 78 1a 6b ac 2b 33 32 b0 5e 8e 05 07 56 91 06 03 de e8 0d 28 63 de a5 8b ed 53 d2 e9 6b ce db 33 63 f5 f2 0a fc 14 a2 19 28 83 55 c1 03 20 f3 5c bd 83 b0 5e 64 c3 5e b5 ba c6 d7 f4 37 71 47 cc 16 fa 93 1a 38 97 e9 5e f2 b3 44 2d 
Platform port Receive command: 00 00 00 01 
Platform port Receive transport_type: 00 00 00 01 
Platform port Receive size: 00 00 00 35 
Platform port Receive buffer:
    05 13 6b 06 01 05 00 00 00 13 83 00 00 73 23 fb 29 b4 53 d7 4a d0 c0 33 1d d7 f9 2d ff 1e 8d bf 79 02 7d 72 86 f1 ad ff 15 a2 a8 7f 0a 00 00 00 00 00 00 00 00 
libspdm_receive_spdm_response[0] msg SPDM_ENCAPSULATED_RESPONSE_ACK(0x6b), size (0x34): 
0000: 13 6b 06 01 05 00 00 00 13 83 00 00 73 23 fb 29 b4 53 d7 4a d0 c0 33 1d d7 f9 2d ff 1e 8d bf 79 
0020: 02 7d 72 86 f1 ad ff 15 a2 a8 7f 0a 00 00 00 00 00 00 00 00 
m1m2 Mut hash - 60 41 e7 97 09 1e 86 ac bb dd 61 e6 70 1a 3a 07 ff 3e a8 24 99 ed 68 69 a7 9b bf 05 3a 54 ea a6 db f4 e0 f3 9a d0 7d 24 ad e5 63 e2 2c ea ef b7 
libspdm_send_spdm_request[0] msg SPDM_DELIVER_ENCAPSULATED_RESPONSE(0xeb), size (0x1e2): 
0000: 13 eb 06 00 13 03 00 07 4f 87 c0 26 1a 89 7c ac e3 cf 0b 0b 7a fb ad 8b f4 a9 67 f8 9c fd dc 9e 
0020: d6 37 4e bb 64 11 27 ae a4 25 a4 67 2e 48 d8 49 e9 f8 66 dd 79 e8 99 0c 0a a4 b2 80 e3 65 66 96 
0040: 64 12 02 fd fd f6 d6 1f 56 1e 6e 15 1f e3 04 03 1e 61 7a 65 87 4a b7 fc 00 00 00 00 00 00 00 00 
0060: 00 00 68 07 fb 41 2c ca 03 66 4a 60 40 33 b0 b2 70 97 c0 78 af 23 65 7d 39 98 9e 46 51 ef c2 b0 
0080: 10 ea b0 c5 75 8b e8 04 ff 48 c1 52 88 25 71 8f 30 9d 2b b1 5b 39 b1 92 8e b6 30 69 f1 fb 99 0e 
00a0: fb 91 06 94 39 9c 8c c3 32 32 69 3b 55 0a ed 4e ba 1e c6 8c b9 4c 43 15 1d 78 4e 88 58 ce e9 d0 
00c0: f1 ff 2e 2f ab fa 48 97 14 48 5f 3d f1 ae cf b5 83 a7 cd b9 b1 48 4f 10 89 d8 a9 c3 e6 0a 37 86 
00e0: e7 5f 9c 68 36 b4 dc 4f 8e 53 8d 28 78 03 23 9d d6 fa f0 fb a6 9a 26 ad 43 18 91 3c b4 1a da 91 
0100: 97 bd 2f 5b ab 34 e9 bb ac 35 64 ac 67 fc 4c 49 09 f6 50 9c bb a5 f2 96 03 9e df 2b aa 85 19 fe 
0120: bc 01 56 23 b3 6b a7 4f 4e 4d 2c 79 f5 13 b5 97 b2 c5 2e dc 7f b2 91 e2 f3 5c 85 9f 19 8e f6 3b 
0140: 75 b5 d6 1f 3b 18 ac 34 e7 12 7b 6f a6 c8 46 89 c1 cc af 2e c3 3b d5 b1 6a 1a 70 83 cf ba 5b 4f 
0160: 2d 92 fd 07 6d 0c 38 e0 16 70 f9 02 da ef 5d 6e ed 94 db 51 e1 41 98 8f 12 d0 5f d2 d1 e2 df 12 
0180: 71 b3 02 07 23 07 ed 8e 3a 99 74 8d d5 17 a6 0f 44 9f e4 36 00 0b 0b ec 84 da fd 0b 36 a1 16 59 
01a0: 26 77 4e 3b b1 4c 17 b0 dd 0a 81 47 03 39 f2 4b 3f 00 d8 a3 43 ed 6b 45 65 4c 15 ef d7 8b 0b 07 
01c0: c2 f8 b7 6f 3f c1 8f 6d 91 e6 2a 5f bb 56 2b 64 3f 32 b7 9d d2 3f 3a ba fa fb 54 ba a6 2c 3f 96 
01e0: 98 5f 
Platform port Transmit command: 00 00 00 01 
Platform port Transmit transport_type: 00 00 00 01 
Platform port Transmit size: 00 00 01 e3 
Platform port Transmit buffer:
    05 13 eb 06 00 13 03 00 07 4f 87 c0 26 1a 89 7c ac e3 cf 0b 0b 7a fb ad 8b f4 a9 67 f8 9c fd dc 9e d6 37 4e bb 64 11 27 ae a4 25 a4 67 2e 48 d8 49 e9 f8 66 dd 79 e8 99 0c 0a a4 b2 80 e3 65 66 96 64 12 02 fd fd f6 d6 1f 56 1e 6e 15 1f e3 04 03 1e 61 7a 65 87 4a b7 fc 00 00 00 00 00 00 00 00 00 00 68 07 fb 41 2c ca 03 66 4a 60 40 33 b0 b2 70 97 c0 78 af 23 65 7d 39 98 9e 46 51 ef c2 b0 10 ea b0 c5 75 8b e8 04 ff 48 c1 52 88 25 71 8f 30 9d 2b b1 5b 39 b1 92 8e b6 30 69 f1 fb 99 0e fb 91 06 94 39 9c 8c c3 32 32 69 3b 55 0a ed 4e ba 1e c6 8c b9 4c 43 15 1d 78 4e 88 58 ce e9 d0 f1 ff 2e 2f ab fa 48 97 14 48 5f 3d f1 ae cf b5 83 a7 cd b9 b1 48 4f 10 89 d8 a9 c3 e6 0a 37 86 e7 5f 9c 68 36 b4 dc 4f 8e 53 8d 28 78 03 23 9d d6 fa f0 fb a6 9a 26 ad 43 18 91 3c b4 1a da 91 97 bd 2f 5b ab 34 e9 bb ac 35 64 ac 67 fc 4c 49 09 f6 50 9c bb a5 f2 96 03 9e df 2b aa 85 19 fe bc 01 56 23 b3 6b a7 4f 4e 4d 2c 79 f5 13 b5 97 b2 c5 2e dc 7f b2 91 e2 f3 5c 85 9f 19 8e f6 3b 75 b5 d6 1f 3b 18 ac 34 e7 12 7b 6f a6 c8 46 89 c1 cc af 2e c3 3b d5 b1 6a 1a 70 83 cf ba 5b 4f 2d 92 fd 07 6d 0c 38 e0 16 70 f9 02 da ef 5d 6e ed 94 db 51 e1 41 98 8f 12 d0 5f d2 d1 e2 df 12 71 b3 02 07 23 07 ed 8e 3a 99 74 8d d5 17 a6 0f 44 9f e4 36 00 0b 0b ec 84 da fd 0b 36 a1 16 59 26 77 4e 3b b1 4c 17 b0 dd 0a 81 47 03 39 f2 4b 3f 00 d8 a3 43 ed 6b 45 65 4c 15 ef d7 8b 0b 07 c2 f8 b7 6f 3f c1 8f 6d 91 e6 2a 5f bb 56 2b 64 3f 32 b7 9d d2 3f 3a ba fa fb 54 ba a6 2c 3f 96 98 5f 
Platform port Receive command: 00 00 00 01 
Platform port Receive transport_type: 00 00 00 01 
Platform port Receive size: 00 00 00 09 
Platform port Receive buffer:
    05 13 6b 00 00 06 00 00 00 
libspdm_receive_spdm_response[0] msg SPDM_ENCAPSULATED_RESPONSE_ACK(0x6b), size (0x8): 
0000: 13 6b 00 00 06 00 00 00 
libspdm_challenge - libspdm_encapsulated_request - 0u
libspdm_send_spdm_request[0] msg SPDM_GET_DIGESTS(0x81), size (0x4): 
0000: 13 81 00 00 
Platform port Transmit command: 00 00 00 01 
Platform port Transmit transport_type: 00 00 00 01 
Platform port Transmit size: 00 00 00 05 
Platform port Transmit buffer:
    05 13 81 00 00 
Platform port Receive command: 00 00 00 01 
Platform port Receive transport_type: 00 00 00 01 
Platform port Receive size: 00 00 00 a1 
Platform port Receive buffer:
    05 13 01 07 07 dc 02 4e 78 fa 5e 45 d8 2e 45 c6 7f b5 fc e2 b9 98 7a df ee 9e a3 3e 56 d5 ed 83 47 e8 aa a3 d0 18 91 72 7f 3c 5d d7 a2 e1 ab 7f d3 61 38 37 5d 0d 0d 5c f1 c3 ba 90 2c d5 9c 95 f2 5e 29 15 0f a3 78 70 8e a1 cd 97 82 da 82 ff c3 ea c4 8e 13 48 22 0e 89 ab 97 f8 bb 92 8a 82 4e 9e f5 95 1f dc 02 4e 78 fa 5e 45 d8 2e 45 c6 7f b5 fc e2 b9 98 7a df ee 9e a3 3e 56 d5 ed 83 47 e8 aa a3 d0 18 91 72 7f 3c 5d d7 a2 e1 ab 7f d3 61 38 37 5d a0 a1 a2 01 01 01 0f 00 0f 00 0f 00 
libspdm_receive_spdm_response[0] msg SPDM_DIGESTS(0x1), size (0xa0): 
0000: 13 01 07 07 dc 02 4e 78 fa 5e 45 d8 2e 45 c6 7f b5 fc e2 b9 98 7a df ee 9e a3 3e 56 d5 ed 83 47 
0020: e8 aa a3 d0 18 91 72 7f 3c 5d d7 a2 e1 ab 7f d3 61 38 37 5d 0d 0d 5c f1 c3 ba 90 2c d5 9c 95 f2 
0040: 5e 29 15 0f a3 78 70 8e a1 cd 97 82 da 82 ff c3 ea c4 8e 13 48 22 0e 89 ab 97 f8 bb 92 8a 82 4e 
0060: 9e f5 95 1f dc 02 4e 78 fa 5e 45 d8 2e 45 c6 7f b5 fc e2 b9 98 7a df ee 9e a3 3e 56 d5 ed 83 47 
0080: e8 aa a3 d0 18 91 72 7f 3c 5d d7 a2 e1 ab 7f d3 61 38 37 5d a0 a1 a2 01 01 01 0f 00 0f 00 0f 00 
provisioned_slot_mask - 0x07
supported_slot_mask - 0x07
digest (0x0) - dc 02 4e 78 fa 5e 45 d8 2e 45 c6 7f b5 fc e2 b9 98 7a df ee 9e a3 3e 56 d5 ed 83 47 e8 aa a3 d0 18 91 72 7f 3c 5d d7 a2 e1 ab 7f d3 61 38 37 5d 
digest (0x1) - 0d 0d 5c f1 c3 ba 90 2c d5 9c 95 f2 5e 29 15 0f a3 78 70 8e a1 cd 97 82 da 82 ff c3 ea c4 8e 13 48 22 0e 89 ab 97 f8 bb 92 8a 82 4e 9e f5 95 1f 
digest (0x2) - dc 02 4e 78 fa 5e 45 d8 2e 45 c6 7f b5 fc e2 b9 98 7a df ee 9e a3 3e 56 d5 ed 83 47 e8 aa a3 d0 18 91 72 7f 3c 5d d7 a2 e1 ab 7f d3 61 38 37 5d 
key_pair_id (0x0) - 0xa0
key_pair_id (0x1) - 0xa1
key_pair_id (0x2) - 0xa2
cert_info (0x0) - 0x01
cert_info (0x1) - 0x01
cert_info (0x2) - 0x01
key_usage_bit_mask (0x0) - 0x000f
key_usage_bit_mask (0x1) - 0x000f
key_usage_bit_mask (0x2) - 0x000f
request (offset 0x0, size 0x400):
libspdm_send_spdm_request[0] msg SPDM_GET_CERTIFICATE(0x82), size (0x8): 
0000: 13 82 00 00 00 00 00 04 
Platform port Transmit command: 00 00 00 01 
Platform port Transmit transport_type: 00 00 00 01 
Platform port Transmit size: 00 00 00 09 
Platform port Transmit buffer:
    05 13 82 00 00 00 00 00 04 
Platform port Receive command: 00 00 00 01 
Platform port Receive transport_type: 00 00 00 01 
Platform port Receive size: 00 00 04 09 
Platform port Receive buffer:
    05 13 02 00 01 00 04 37 02 37 06 00 00 71 0b a5 94 61 1d 3a 37 c9 10 a1 44 38 f6 d9 2e 7d b9 bb aa 6b ab 66 de bc ea b1 cf 23 a3 38 90 73 24 2e 5f 6c e9 f6 7b c9 8a 7f a2 fa 38 46 e2 30 82 01 d4 30 82 01 5a a0 03 02 01 02 02 14 21 41 dd 4e ec f8 19 62 24 2e 7e d6 ae 64 cb 29 5d c4 90 51 30 0a 06 08 2a 86 48 ce 3d 04 03 03 30 21 31 1f 30 1d 06 03 55 04 03 0c 16 44 4d 54 46 20 6c 69 62 73 70 64 6d 20 45 43 50 33 38 34 20 43 41 30 1e 17 0d 32 33 30 34 32 30 30 31 31 33 35 34 5a 17 0d 33 33 30 34 31 37 30 31 31 33 35 34 5a 30 21 31 1f 30 1d 06 03 55 04 03 0c 16 44 4d 54 46 20 6c 69 62 73 70 64 6d 20 45 43 50 33 38 34 20 43 41 30 76 30 10 06 07 2a 86 48 ce 3d 02 01 06 05 2b 81 04 00 22 03 62 00 04 15 1c 0b 41 fb 87 d5 20 e0 7a f8 58 67 ef c0 ed 61 af 58 bf 92 52 33 ae 87 a9 7f 46 8b d4 b6 ef aa 2c 5b 0f 84 19 a0 8c 10 9b 81 4c d7 64 7e 32 6e 02 c5 fc 3d 25 7c a3 bc b5 ca a6 ce 04 11 8d bd ba 19 73 92 98 56 cc 99 24 48 17 ef b2 fb 54 3f f0 31 1d b4 a3 04 ea dc 22 ca c8 9a 2d fd fc a3 53 30 51 30 1d 06 03 55 1d 0e 04 16 04 14 4a e2 a4 0a c0 5d ae a2 30 aa d0 57 70 d0 51 58 5f 5c a3 52 30 1f 06 03 55 1d 23 04 18 30 16 80 14 4a e2 a4 0a c0 5d ae a2 30 aa d0 57 70 d0 51 58 5f 5c a3 52 30 0f 06 03 55 1d 13 01 01 ff 04 05 30 03 01 01 ff 30 0a 06 08 2a 86 48 ce 3d 04 03 03 03 68 00 30 65 02 30 2a 32 95 2c ff aa 1f 33 52 6f 6c fd 40 72 ff 17 89 6e 03 5f bb 42 03 c4 6e 17 86 aa 98 a8 c1 20 12 d9 04 7c 16 ea 1f ae 8a ef 85 11 41 57 df fc 02 31 00 a8 4c b9 90 4b 2f 6a 4f c2 8e d8 23 ad 81 de 4c 51 50 0b 27 17 8f 46 26 89 3b 9f f9 ce 48 e0 ee 28 fd 3f 06 e1 b3 4d 8f 6c 48 1c 2a 94 a9 d0 de 30 82 01 dc 30 82 01 61 a0 03 02 01 02 02 01 01 30 0a 06 08 2a 86 48 ce 3d 04 03 03 30 21 31 1f 30 1d 06 03 55 04 03 0c 16 44 4d 54 46 20 6c 69 62 73 70 64 6d 20 45 43 50 33 38 34 20 43 41 30 1e 17 0d 32 33 30 34 32 30 30 31 31 34 30 35 5a 17 0d 33 33 30 34 31 37 30 31 31 34 30 35 5a 30 30 31 2e 30 2c 06 03 55 04 03 0c 25 44 4d 54 46 20 6c 69 62 73 70 64 6d 20 45 43 50 33 38 34 20 69 6e 74 65 72 6d 65 64 69 61 74 65 20 63 65 72 74 30 76 30 10 06 07 2a 86 48 ce 3d 02 01 06 05 2b 81 04 00 22 03 62 00 04 31 7d 01 41 1a f7 e9 ea 5c 39 1e 37 6a 16 8d 2c 6e d9 7e ea 19 25 c5 97 40 dc ce 39 7f 92 46 cb fb 4b 44 d8 f7 3d db 47 a6 44 bf 55 77 02 35 d1 37 27 68 a4 e8 04 4e 87 75 8f 59 57 a9 80 b8 b4 3c 97 ca fa 1b 13 a8 50 dc 0d 7a be 13 3d 31 5b fd d8 9f d6 fc aa 27 33 b8 92 5c 5b b8 0c 24 ca a3 5e 30 5c 30 0c 06 03 55 1d 13 04 05 30 03 01 01 ff 30 0b 06 03 55 1d 0f 04 04 03 02 01 fe 30 1d 06 03 55 1d 0e 04 16 04 14 00 0f 6f a7 6b 1f 34 03 0e 5a 21 c7 38 eb f1 a5 57 d5 57 cd 30 20 06 03 55 1d 25 01 01 ff 04 16 30 14 06 08 2b 06 01 05 05 07 03 01 06 08 2b 06 01 05 05 07 03 02 30 0a 06 08 2a 86 48 ce 3d 04 03 03 03 69 00 30 66 02 31 00 99 03 64 47 66 6c 30 6a b7 9d d3 5a 99 21 68 ae 09 50 6f eb b4 fd ef 69 0b cf b2 56 4f b6 8f 1f 43 11 0c de f6 fd 77 fd a9 34 25 81 7e 97 64 4c 02 31 00 f9 c7 5c 54 3d 43 92 9a 30 3d 61 1a 1e f8 65 51 d4 d5 20 90 d2 85 f0 44 de 40 85 ea 34 61 dd 6b fe 60 bd 0a c0 db 3d 43 2c ad d4 c4 e9 fa 22 33 30 82 02 47 30 82 01 cc a0 03 02 01 02 02 01 03 30 0a 06 08 
libspdm_receive_spdm_response[0] msg SPDM_CERTIFICATE(0x2), size (0x408): 
0000: 13 02 00 01 00 04 37 02 37 06 00 00 71 0b a5 94 61 1d 3a 37 c9 10 a1 44 38 f6 d9 2e 7d b9 bb aa 
0020: 6b ab 66 de bc ea b1 cf 23 a3 38 90 73 24 2e 5f 6c e9 f6 7b c9 8a 7f a2 fa 38 46 e2 30 82 01 d4 
0040: 30 82 01 5a a0 03 02 01 02 02 14 21 41 dd 4e ec f8 19 62 24 2e 7e d6 ae 64 cb 29 5d c4 90 51 30 
0060: 0a 06 08 2a 86 48 ce 3d 04 03 03 30 21 31 1f 30 1d 06 03 55 04 03 0c 16 44 4d 54 46 20 6c 69 62 
0080: 73 70 64 6d 20 45 43 50 33 38 34 20 43 41 30 1e 17 0d 32 33 30 34 32 30 30 31 31 33 35 34 5a 17 
00a0: 0d 33 33 30 34 31 37 30 31 31 33 35 34 5a 30 21 31 1f 30 1d 06 03 55 04 03 0c 16 44 4d 54 46 20 
00c0: 6c 69 62 73 70 64 6d 20 45 43 50 33 38 34 20 43 41 30 76 30 10 06 07 2a 86 48 ce 3d 02 01 06 05 
00e0: 2b 81 04 00 22 03 62 00 04 15 1c 0b 41 fb 87 d5 20 e0 7a f8 58 67 ef c0 ed 61 af 58 bf 92 52 33 
0100: ae 87 a9 7f 46 8b d4 b6 ef aa 2c 5b 0f 84 19 a0 8c 10 9b 81 4c d7 64 7e 32 6e 02 c5 fc 3d 25 7c 
0120: a3 bc b5 ca a6 ce 04 11 8d bd ba 19 73 92 98 56 cc 99 24 48 17 ef b2 fb 54 3f f0 31 1d b4 a3 04 
0140: ea dc 22 ca c8 9a 2d fd fc a3 53 30 51 30 1d 06 03 55 1d 0e 04 16 04 14 4a e2 a4 0a c0 5d ae a2 
0160: 30 aa d0 57 70 d0 51 58 5f 5c a3 52 30 1f 06 03 55 1d 23 04 18 30 16 80 14 4a e2 a4 0a c0 5d ae 
0180: a2 30 aa d0 57 70 d0 51 58 5f 5c a3 52 30 0f 06 03 55 1d 13 01 01 ff 04 05 30 03 01 01 ff 30 0a 
01a0: 06 08 2a 86 48 ce 3d 04 03 03 03 68 00 30 65 02 30 2a 32 95 2c ff aa 1f 33 52 6f 6c fd 40 72 ff 
01c0: 17 89 6e 03 5f bb 42 03 c4 6e 17 86 aa 98 a8 c1 20 12 d9 04 7c 16 ea 1f ae 8a ef 85 11 41 57 df 
01e0: fc 02 31 00 a8 4c b9 90 4b 2f 6a 4f c2 8e d8 23 ad 81 de 4c 51 50 0b 27 17 8f 46 26 89 3b 9f f9 
0200: ce 48 e0 ee 28 fd 3f 06 e1 b3 4d 8f 6c 48 1c 2a 94 a9 d0 de 30 82 01 dc 30 82 01 61 a0 03 02 01 
0220: 02 02 01 01 30 0a 06 08 2a 86 48 ce 3d 04 03 03 30 21 31 1f 30 1d 06 03 55 04 03 0c 16 44 4d 54 
0240: 46 20 6c 69 62 73 70 64 6d 20 45 43 50 33 38 34 20 43 41 30 1e 17 0d 32 33 30 34 32 30 30 31 31 
0260: 34 30 35 5a 17 0d 33 33 30 34 31 37 30 31 31 34 30 35 5a 30 30 31 2e 30 2c 06 03 55 04 03 0c 25 
0280: 44 4d 54 46 20 6c 69 62 73 70 64 6d 20 45 43 50 33 38 34 20 69 6e 74 65 72 6d 65 64 69 61 74 65 
02a0: 20 63 65 72 74 30 76 30 10 06 07 2a 86 48 ce 3d 02 01 06 05 2b 81 04 00 22 03 62 00 04 31 7d 01 
02c0: 41 1a f7 e9 ea 5c 39 1e 37 6a 16 8d 2c 6e d9 7e ea 19 25 c5 97 40 dc ce 39 7f 92 46 cb fb 4b 44 
02e0: d8 f7 3d db 47 a6 44 bf 55 77 02 35 d1 37 27 68 a4 e8 04 4e 87 75 8f 59 57 a9 80 b8 b4 3c 97 ca 
0300: fa 1b 13 a8 50 dc 0d 7a be 13 3d 31 5b fd d8 9f d6 fc aa 27 33 b8 92 5c 5b b8 0c 24 ca a3 5e 30 
0320: 5c 30 0c 06 03 55 1d 13 04 05 30 03 01 01 ff 30 0b 06 03 55 1d 0f 04 04 03 02 01 fe 30 1d 06 03 
0340: 55 1d 0e 04 16 04 14 00 0f 6f a7 6b 1f 34 03 0e 5a 21 c7 38 eb f1 a5 57 d5 57 cd 30 20 06 03 55 
0360: 1d 25 01 01 ff 04 16 30 14 06 08 2b 06 01 05 05 07 03 01 06 08 2b 06 01 05 05 07 03 02 30 0a 06 
0380: 08 2a 86 48 ce 3d 04 03 03 03 69 00 30 66 02 31 00 99 03 64 47 66 6c 30 6a b7 9d d3 5a 99 21 68 
03a0: ae 09 50 6f eb b4 fd ef 69 0b cf b2 56 4f b6 8f 1f 43 11 0c de f6 fd 77 fd a9 34 25 81 7e 97 64 
03c0: 4c 02 31 00 f9 c7 5c 54 3d 43 92 9a 30 3d 61 1a 1e f8 65 51 d4 d5 20 90 d2 85 f0 44 de 40 85 ea 
03e0: 34 61 dd 6b fe 60 bd 0a c0 db 3d 43 2c ad d4 c4 e9 fa 22 33 30 82 02 47 30 82 01 cc a0 03 02 01 
0400: 02 02 01 03 30 0a 06 08 
cert_info - 0x01
Certificate (offset 0x0, size 0x400):
0000: 37 06 00 00 71 0b a5 94 61 1d 3a 37 c9 10 a1 44 38 f6 d9 2e 7d b9 bb aa 6b ab 66 de bc ea b1 cf 
0020: 23 a3 38 90 73 24 2e 5f 6c e9 f6 7b c9 8a 7f a2 fa 38 46 e2 30 82 01 d4 30 82 01 5a a0 03 02 01 
0040: 02 02 14 21 41 dd 4e ec f8 19 62 24 2e 7e d6 ae 64 cb 29 5d c4 90 51 30 0a 06 08 2a 86 48 ce 3d 
0060: 04 03 03 30 21 31 1f 30 1d 06 03 55 04 03 0c 16 44 4d 54 46 20 6c 69 62 73 70 64 6d 20 45 43 50 
0080: 33 38 34 20 43 41 30 1e 17 0d 32 33 30 34 32 30 30 31 31 33 35 34 5a 17 0d 33 33 30 34 31 37 30 
00a0: 31 31 33 35 34 5a 30 21 31 1f 30 1d 06 03 55 04 03 0c 16 44 4d 54 46 20 6c 69 62 73 70 64 6d 20 
00c0: 45 43 50 33 38 34 20 43 41 30 76 30 10 06 07 2a 86 48 ce 3d 02 01 06 05 2b 81 04 00 22 03 62 00 
00e0: 04 15 1c 0b 41 fb 87 d5 20 e0 7a f8 58 67 ef c0 ed 61 af 58 bf 92 52 33 ae 87 a9 7f 46 8b d4 b6 
0100: ef aa 2c 5b 0f 84 19 a0 8c 10 9b 81 4c d7 64 7e 32 6e 02 c5 fc 3d 25 7c a3 bc b5 ca a6 ce 04 11 
0120: 8d bd ba 19 73 92 98 56 cc 99 24 48 17 ef b2 fb 54 3f f0 31 1d b4 a3 04 ea dc 22 ca c8 9a 2d fd 
0140: fc a3 53 30 51 30 1d 06 03 55 1d 0e 04 16 04 14 4a e2 a4 0a c0 5d ae a2 30 aa d0 57 70 d0 51 58 
0160: 5f 5c a3 52 30 1f 06 03 55 1d 23 04 18 30 16 80 14 4a e2 a4 0a c0 5d ae a2 30 aa d0 57 70 d0 51 
0180: 58 5f 5c a3 52 30 0f 06 03 55 1d 13 01 01 ff 04 05 30 03 01 01 ff 30 0a 06 08 2a 86 48 ce 3d 04 
01a0: 03 03 03 68 00 30 65 02 30 2a 32 95 2c ff aa 1f 33 52 6f 6c fd 40 72 ff 17 89 6e 03 5f bb 42 03 
01c0: c4 6e 17 86 aa 98 a8 c1 20 12 d9 04 7c 16 ea 1f ae 8a ef 85 11 41 57 df fc 02 31 00 a8 4c b9 90 
01e0: 4b 2f 6a 4f c2 8e d8 23 ad 81 de 4c 51 50 0b 27 17 8f 46 26 89 3b 9f f9 ce 48 e0 ee 28 fd 3f 06 
0200: e1 b3 4d 8f 6c 48 1c 2a 94 a9 d0 de 30 82 01 dc 30 82 01 61 a0 03 02 01 02 02 01 01 30 0a 06 08 
0220: 2a 86 48 ce 3d 04 03 03 30 21 31 1f 30 1d 06 03 55 04 03 0c 16 44 4d 54 46 20 6c 69 62 73 70 64 
0240: 6d 20 45 43 50 33 38 34 20 43 41 30 1e 17 0d 32 33 30 34 32 30 30 31 31 34 30 35 5a 17 0d 33 33 
0260: 30 34 31 37 30 31 31 34 30 35 5a 30 30 31 2e 30 2c 06 03 55 04 03 0c 25 44 4d 54 46 20 6c 69 62 
0280: 73 70 64 6d 20 45 43 50 33 38 34 20 69 6e 74 65 72 6d 65 64 69 61 74 65 20 63 65 72 74 30 76 30 
02a0: 10 06 07 2a 86 48 ce 3d 02 01 06 05 2b 81 04 00 22 03 62 00 04 31 7d 01 41 1a f7 e9 ea 5c 39 1e 
02c0: 37 6a 16 8d 2c 6e d9 7e ea 19 25 c5 97 40 dc ce 39 7f 92 46 cb fb 4b 44 d8 f7 3d db 47 a6 44 bf 
02e0: 55 77 02 35 d1 37 27 68 a4 e8 04 4e 87 75 8f 59 57 a9 80 b8 b4 3c 97 ca fa 1b 13 a8 50 dc 0d 7a 
0300: be 13 3d 31 5b fd d8 9f d6 fc aa 27 33 b8 92 5c 5b b8 0c 24 ca a3 5e 30 5c 30 0c 06 03 55 1d 13 
0320: 04 05 30 03 01 01 ff 30 0b 06 03 55 1d 0f 04 04 03 02 01 fe 30 1d 06 03 55 1d 0e 04 16 04 14 00 
0340: 0f 6f a7 6b 1f 34 03 0e 5a 21 c7 38 eb f1 a5 57 d5 57 cd 30 20 06 03 55 1d 25 01 01 ff 04 16 30 
0360: 14 06 08 2b 06 01 05 05 07 03 01 06 08 2b 06 01 05 05 07 03 02 30 0a 06 08 2a 86 48 ce 3d 04 03 
0380: 03 03 69 00 30 66 02 31 00 99 03 64 47 66 6c 30 6a b7 9d d3 5a 99 21 68 ae 09 50 6f eb b4 fd ef 
03a0: 69 0b cf b2 56 4f b6 8f 1f 43 11 0c de f6 fd 77 fd a9 34 25 81 7e 97 64 4c 02 31 00 f9 c7 5c 54 
03c0: 3d 43 92 9a 30 3d 61 1a 1e f8 65 51 d4 d5 20 90 d2 85 f0 44 de 40 85 ea 34 61 dd 6b fe 60 bd 0a 
03e0: c0 db 3d 43 2c ad d4 c4 e9 fa 22 33 30 82 02 47 30 82 01 cc a0 03 02 01 02 02 01 03 30 0a 06 08 
request (offset 0x400, size 0x237):
libspdm_send_spdm_request[0] msg SPDM_GET_CERTIFICATE(0x82), size (0x8): 
0000: 13 82 00 00 00 04 37 02 
Platform port Transmit command: 00 00 00 01 
Platform port Transmit transport_type: 00 00 00 01 
Platform port Transmit size: 00 00 00 09 
Platform port Transmit buffer:
    05 13 82 00 00 00 04 37 02 
Platform port Receive command: 00 00 00 01 
Platform port Receive transport_type: 00 00 00 01 
Platform port Receive size: 00 00 02 40 
Platform port Receive buffer:
    05 13 02 00 01 37 02 00 00 2a 86 48 ce 3d 04 03 03 30 30 31 2e 30 2c 06 03 55 04 03 0c 25 44 4d 54 46 20 6c 69 62 73 70 64 6d 20 45 43 50 33 38 34 20 69 6e 74 65 72 6d 65 64 69 61 74 65 20 63 65 72 74 30 1e 17 0d 32 33 30 39 31 32 30 37 31 31 33 33 5a 17 0d 33 33 30 39 30 39 30 37 31 31 33 33 5a 30 2d 31 2b 30 29 06 03 55 04 03 0c 22 44 4d 54 46 20 6c 69 62 73 70 64 6d 20 45 43 50 33 38 34 20 72 65 73 70 6f 6e 64 65 72 20 63 65 72 74 30 76 30 10 06 07 2a 86 48 ce 3d 02 01 06 05 2b 81 04 00 22 03 62 00 04 0d 1c b9 20 1c dc ed c8 64 e9 70 a3 62 12 da d4 fe 59 94 ce bd ae d7 d2 94 e4 e3 11 88 78 b9 88 c0 ed 5b e1 41 4a df 28 db 49 0f 38 81 52 68 b5 4c 6a 11 0b 58 b1 9c c1 4d 47 41 14 1f 6d d6 57 ac a3 9f d1 b9 64 de 07 11 e8 31 78 de 75 3a b7 2c 15 56 ea f5 20 63 93 0f 33 a9 71 a3 7e 78 19 a3 81 bc 30 81 b9 30 0c 06 03 55 1d 13 01 01 ff 04 02 30 00 30 0b 06 03 55 1d 0f 04 04 03 02 05 e0 30 1d 06 03 55 1d 0e 04 16 04 14 14 3c 4f 66 c7 d7 60 40 7f 67 c1 95 68 b3 87 28 3e c5 23 83 30 31 06 03 55 1d 11 04 2a 30 28 a0 26 06 0a 2b 06 01 04 01 83 1c 82 12 01 a0 18 0c 16 41 43 4d 45 3a 57 49 44 47 45 54 3a 31 32 33 34 35 36 37 38 39 30 30 2a 06 03 55 1d 25 01 01 ff 04 20 30 1e 06 08 2b 06 01 05 05 07 03 01 06 08 2b 06 01 05 05 07 03 02 06 08 2b 06 01 05 05 07 03 09 30 1e 06 0a 2b 06 01 04 01 83 1c 82 12 06 04 10 30 0e 30 0c 06 0a 2b 06 01 04 01 83 1c 82 12 02 30 0a 06 08 2a 86 48 ce 3d 04 03 03 03 69 00 30 66 02 31 00 af 75 02 a9 b3 a6 47 4a 6e f4 0c b0 85 07 fc 3c 53 9d 29 b0 09 c2 b9 b3 f3 96 b9 99 be c5 75 9c ac 4f c3 8a 7a 24 7d 17 f7 cb 2a 71 14 57 3e 92 02 31 00 d3 57 af 94 68 e1 02 b6 51 50 0c 4a 74 97 72 37 b5 03 ff 58 80 e0 f5 eb ae 1e 81 d8 d5 84 3d 18 83 60 fe 07 cd 43 2d 27 bd f5 a4 a5 19 7f 5d 09 
libspdm_receive_spdm_response[0] msg SPDM_CERTIFICATE(0x2), size (0x23f): 
0000: 13 02 00 01 37 02 00 00 2a 86 48 ce 3d 04 03 03 30 30 31 2e 30 2c 06 03 55 04 03 0c 25 44 4d 54 
0020: 46 20 6c 69 62 73 70 64 6d 20 45 43 50 33 38 34 20 69 6e 74 65 72 6d 65 64 69 61 74 65 20 63 65 
0040: 72 74 30 1e 17 0d 32 33 30 39 31 32 30 37 31 31 33 33 5a 17 0d 33 33 30 39 30 39 30 37 31 31 33 
0060: 33 5a 30 2d 31 2b 30 29 06 03 55 04 03 0c 22 44 4d 54 46 20 6c 69 62 73 70 64 6d 20 45 43 50 33 
0080: 38 34 20 72 65 73 70 6f 6e 64 65 72 20 63 65 72 74 30 76 30 10 06 07 2a 86 48 ce 3d 02 01 06 05 
00a0: 2b 81 04 00 22 03 62 00 04 0d 1c b9 20 1c dc ed c8 64 e9 70 a3 62 12 da d4 fe 59 94 ce bd ae d7 
00c0: d2 94 e4 e3 11 88 78 b9 88 c0 ed 5b e1 41 4a df 28 db 49 0f 38 81 52 68 b5 4c 6a 11 0b 58 b1 9c 
00e0: c1 4d 47 41 14 1f 6d d6 57 ac a3 9f d1 b9 64 de 07 11 e8 31 78 de 75 3a b7 2c 15 56 ea f5 20 63 
0100: 93 0f 33 a9 71 a3 7e 78 19 a3 81 bc 30 81 b9 30 0c 06 03 55 1d 13 01 01 ff 04 02 30 00 30 0b 06 
0120: 03 55 1d 0f 04 04 03 02 05 e0 30 1d 06 03 55 1d 0e 04 16 04 14 14 3c 4f 66 c7 d7 60 40 7f 67 c1 
0140: 95 68 b3 87 28 3e c5 23 83 30 31 06 03 55 1d 11 04 2a 30 28 a0 26 06 0a 2b 06 01 04 01 83 1c 82 
0160: 12 01 a0 18 0c 16 41 43 4d 45 3a 57 49 44 47 45 54 3a 31 32 33 34 35 36 37 38 39 30 30 2a 06 03 
0180: 55 1d 25 01 01 ff 04 20 30 1e 06 08 2b 06 01 05 05 07 03 01 06 08 2b 06 01 05 05 07 03 02 06 08 
01a0: 2b 06 01 05 05 07 03 09 30 1e 06 0a 2b 06 01 04 01 83 1c 82 12 06 04 10 30 0e 30 0c 06 0a 2b 06 
01c0: 01 04 01 83 1c 82 12 02 30 0a 06 08 2a 86 48 ce 3d 04 03 03 03 69 00 30 66 02 31 00 af 75 02 a9 
01e0: b3 a6 47 4a 6e f4 0c b0 85 07 fc 3c 53 9d 29 b0 09 c2 b9 b3 f3 96 b9 99 be c5 75 9c ac 4f c3 8a 
0200: 7a 24 7d 17 f7 cb 2a 71 14 57 3e 92 02 31 00 d3 57 af 94 68 e1 02 b6 51 50 0c 4a 74 97 72 37 b5 
0220: 03 ff 58 80 e0 f5 eb ae 1e 81 d8 d5 84 3d 18 83 60 fe 07 cd 43 2d 27 bd f5 a4 a5 19 7f 5d 09 
cert_info - 0x01
Certificate (offset 0x400, size 0x237):
0000: 2a 86 48 ce 3d 04 03 03 30 30 31 2e 30 2c 06 03 55 04 03 0c 25 44 4d 54 46 20 6c 69 62 73 70 64 
0020: 6d 20 45 43 50 33 38 34 20 69 6e 74 65 72 6d 65 64 69 61 74 65 20 63 65 72 74 30 1e 17 0d 32 33 
0040: 30 39 31 32 30 37 31 31 33 33 5a 17 0d 33 33 30 39 30 39 30 37 31 31 33 33 5a 30 2d 31 2b 30 29 
0060: 06 03 55 04 03 0c 22 44 4d 54 46 20 6c 69 62 73 70 64 6d 20 45 43 50 33 38 34 20 72 65 73 70 6f 
0080: 6e 64 65 72 20 63 65 72 74 30 76 30 10 06 07 2a 86 48 ce 3d 02 01 06 05 2b 81 04 00 22 03 62 00 
00a0: 04 0d 1c b9 20 1c dc ed c8 64 e9 70 a3 62 12 da d4 fe 59 94 ce bd ae d7 d2 94 e4 e3 11 88 78 b9 
00c0: 88 c0 ed 5b e1 41 4a df 28 db 49 0f 38 81 52 68 b5 4c 6a 11 0b 58 b1 9c c1 4d 47 41 14 1f 6d d6 
00e0: 57 ac a3 9f d1 b9 64 de 07 11 e8 31 78 de 75 3a b7 2c 15 56 ea f5 20 63 93 0f 33 a9 71 a3 7e 78 
0100: 19 a3 81 bc 30 81 b9 30 0c 06 03 55 1d 13 01 01 ff 04 02 30 00 30 0b 06 03 55 1d 0f 04 04 03 02 
0120: 05 e0 30 1d 06 03 55 1d 0e 04 16 04 14 14 3c 4f 66 c7 d7 60 40 7f 67 c1 95 68 b3 87 28 3e c5 23 
0140: 83 30 31 06 03 55 1d 11 04 2a 30 28 a0 26 06 0a 2b 06 01 04 01 83 1c 82 12 01 a0 18 0c 16 41 43 
0160: 4d 45 3a 57 49 44 47 45 54 3a 31 32 33 34 35 36 37 38 39 30 30 2a 06 03 55 1d 25 01 01 ff 04 20 
0180: 30 1e 06 08 2b 06 01 05 05 07 03 01 06 08 2b 06 01 05 05 07 03 02 06 08 2b 06 01 05 05 07 03 09 
01a0: 30 1e 06 0a 2b 06 01 04 01 83 1c 82 12 06 04 10 30 0e 30 0c 06 0a 2b 06 01 04 01 83 1c 82 12 02 
01c0: 30 0a 06 08 2a 86 48 ce 3d 04 03 03 03 69 00 30 66 02 31 00 af 75 02 a9 b3 a6 47 4a 6e f4 0c b0 
01e0: 85 07 fc 3c 53 9d 29 b0 09 c2 b9 b3 f3 96 b9 99 be c5 75 9c ac 4f c3 8a 7a 24 7d 17 f7 cb 2a 71 
0200: 14 57 3e 92 02 31 00 d3 57 af 94 68 e1 02 b6 51 50 0c 4a 74 97 72 37 b5 03 ff 58 80 e0 f5 eb ae 
0220: 1e 81 d8 d5 84 3d 18 83 60 fe 07 cd 43 2d 27 bd f5 a4 a5 19 7f 5d 09 
!!! VerifyCertificateChainBuffer - PASS (cert root hash match) !!!
!!! verify_peer_cert_chain_buffer - PASS !!!
libspdm_send_spdm_request[0] msg SPDM_GET_DIGESTS(0x81), size (0x4): 
0000: 13 81 00 00 
Platform port Transmit command: 00 00 00 01 
Platform port Transmit transport_type: 00 00 00 01 
Platform port Transmit size: 00 00 00 05 
Platform port Transmit buffer:
    05 13 81 00 00 
Platform port Receive command: 00 00 00 01 
Platform port Receive transport_type: 00 00 00 01 
Platform port Receive size: 00 00 00 a1 
Platform port Receive buffer:
    05 13 01 07 07 dc 02 4e 78 fa 5e 45 d8 2e 45 c6 7f b5 fc e2 b9 98 7a df ee 9e a3 3e 56 d5 ed 83 47 e8 aa a3 d0 18 91 72 7f 3c 5d d7 a2 e1 ab 7f d3 61 38 37 5d 0d 0d 5c f1 c3 ba 90 2c d5 9c 95 f2 5e 29 15 0f a3 78 70 8e a1 cd 97 82 da 82 ff c3 ea c4 8e 13 48 22 0e 89 ab 97 f8 bb 92 8a 82 4e 9e f5 95 1f dc 02 4e 78 fa 5e 45 d8 2e 45 c6 7f b5 fc e2 b9 98 7a df ee 9e a3 3e 56 d5 ed 83 47 e8 aa a3 d0 18 91 72 7f 3c 5d d7 a2 e1 ab 7f d3 61 38 37 5d a0 a1 a2 01 01 01 0f 00 0f 00 0f 00 
libspdm_receive_spdm_response[0] msg SPDM_DIGESTS(0x1), size (0xa0): 
0000: 13 01 07 07 dc 02 4e 78 fa 5e 45 d8 2e 45 c6 7f b5 fc e2 b9 98 7a df ee 9e a3 3e 56 d5 ed 83 47 
0020: e8 aa a3 d0 18 91 72 7f 3c 5d d7 a2 e1 ab 7f d3 61 38 37 5d 0d 0d 5c f1 c3 ba 90 2c d5 9c 95 f2 
0040: 5e 29 15 0f a3 78 70 8e a1 cd 97 82 da 82 ff c3 ea c4 8e 13 48 22 0e 89 ab 97 f8 bb 92 8a 82 4e 
0060: 9e f5 95 1f dc 02 4e 78 fa 5e 45 d8 2e 45 c6 7f b5 fc e2 b9 98 7a df ee 9e a3 3e 56 d5 ed 83 47 
0080: e8 aa a3 d0 18 91 72 7f 3c 5d d7 a2 e1 ab 7f d3 61 38 37 5d a0 a1 a2 01 01 01 0f 00 0f 00 0f 00 
provisioned_slot_mask - 0x07
supported_slot_mask - 0x07
digest (0x0) - dc 02 4e 78 fa 5e 45 d8 2e 45 c6 7f b5 fc e2 b9 98 7a df ee 9e a3 3e 56 d5 ed 83 47 e8 aa a3 d0 18 91 72 7f 3c 5d d7 a2 e1 ab 7f d3 61 38 37 5d 
digest (0x1) - 0d 0d 5c f1 c3 ba 90 2c d5 9c 95 f2 5e 29 15 0f a3 78 70 8e a1 cd 97 82 da 82 ff c3 ea c4 8e 13 48 22 0e 89 ab 97 f8 bb 92 8a 82 4e 9e f5 95 1f 
digest (0x2) - dc 02 4e 78 fa 5e 45 d8 2e 45 c6 7f b5 fc e2 b9 98 7a df ee 9e a3 3e 56 d5 ed 83 47 e8 aa a3 d0 18 91 72 7f 3c 5d d7 a2 e1 ab 7f d3 61 38 37 5d 
key_pair_id (0x0) - 0xa0
key_pair_id (0x1) - 0xa1
key_pair_id (0x2) - 0xa2
cert_info (0x0) - 0x01
cert_info (0x1) - 0x01
cert_info (0x2) - 0x01
key_usage_bit_mask (0x0) - 0x000f
key_usage_bit_mask (0x1) - 0x000f
key_usage_bit_mask (0x2) - 0x000f
RequesterContext - aa bb cc dd ee ff 00 00 
libspdm_send_spdm_request[0] msg SPDM_GET_MEASUREMENTS(0xe0), size (0xc): 
0000: 13 e0 00 00 aa bb cc dd ee ff 00 00 
Platform port Transmit command: 00 00 00 01 
Platform port Transmit transport_type: 00 00 00 01 
Platform port Transmit size: 00 00 00 0d 
Platform port Transmit buffer:
    05 13 e0 00 00 aa bb cc dd ee ff 00 00 
Platform port Receive command: 00 00 00 01 
Platform port Receive transport_type: 00 00 00 01 
Platform port Receive size: 00 00 00 33 
Platform port Receive buffer:
    05 13 60 08 00 00 00 00 00 21 2b fe 5f 57 2a de 2e 4b 39 9a ab 24 2a c0 f6 2a e8 b8 99 49 c9 43 82 6e a0 ff 0a e9 b4 83 fb 00 00 aa bb cc dd ee ff 00 00 
libspdm_receive_spdm_response[0] msg SPDM_MEASUREMENTS(0x60), size (0x32): 
0000: 13 60 08 00 00 00 00 00 21 2b fe 5f 57 2a de 2e 4b 39 9a ab 24 2a c0 f6 2a e8 b8 99 49 c9 43 82 
0020: 6e a0 ff 0a e9 b4 83 fb 00 00 aa bb cc dd ee ff 00 00 
nonce (0x20) - 21 2b fe 5f 57 2a de 2e 4b 39 9a ab 24 2a c0 f6 2a e8 b8 99 49 c9 43 82 6e a0 ff 0a e9 b4 83 fb 
RequesterContext - aa bb cc dd ee ff 00 00 
number_of_blocks - 0x8
index - 0x1
RequesterContext - aa bb cc dd ee ff 00 01 
libspdm_send_spdm_request[0] msg SPDM_GET_MEASUREMENTS(0xe0), size (0xc): 
0000: 13 e0 00 01 aa bb cc dd ee ff 00 01 
Platform port Transmit command: 00 00 00 01 
Platform port Transmit transport_type: 00 00 00 01 
Platform port Transmit size: 00 00 00 0d 
Platform port Transmit buffer:
    05 13 e0 00 01 aa bb cc dd ee ff 00 01 
Platform port Receive command: 00 00 00 01 
Platform port Receive transport_type: 00 00 00 01 
Platform port Receive size: 00 00 00 7a 
Platform port Receive buffer:
    05 13 60 00 00 01 47 00 00 01 01 43 00 00 40 00 8d 53 1d 77 d8 21 e1 67 11 4d 1e b0 7e 0a e1 9c fb 56 51 52 40 88 43 c7 68 f1 13 5b 54 8f df a1 3a 20 3e 5c 7f 12 9c ea cc 01 7d f2 6c 99 9f 62 da 26 db f2 e1 12 83 45 ec 0f 65 d3 7f 87 ca 41 3d 3b 7c cd 72 dc f7 52 d7 79 a5 b5 07 9c 82 33 5f 18 55 5d 80 37 fd 99 75 a8 59 9e a7 94 60 8d 00 00 aa bb cc dd ee ff 00 01 
libspdm_receive_spdm_response[0] msg SPDM_MEASUREMENTS(0x60), size (0x79): 
0000: 13 60 00 00 01 47 00 00 01 01 43 00 00 40 00 8d 53 1d 77 d8 21 e1 67 11 4d 1e b0 7e 0a e1 9c fb 
0020: 56 51 52 40 88 43 c7 68 f1 13 5b 54 8f df a1 3a 20 3e 5c 7f 12 9c ea cc 01 7d f2 6c 99 9f 62 da 
0040: 26 db f2 e1 12 83 45 ec 0f 65 d3 7f 87 ca 41 3d 3b 7c cd 72 dc f7 52 d7 79 a5 b5 07 9c 82 33 5f 
0060: 18 55 5d 80 37 fd 99 75 a8 59 9e a7 94 60 8d 00 00 aa bb cc dd ee ff 00 01 
measurement_record_length - 0x000047
nonce (0x20) - 3d 3b 7c cd 72 dc f7 52 d7 79 a5 b5 07 9c 82 33 5f 18 55 5d 80 37 fd 99 75 a8 59 9e a7 94 60 8d 
RequesterContext - aa bb cc dd ee ff 00 01 
index - 0x2
RequesterContext - aa bb cc dd ee ff 00 02 
libspdm_send_spdm_request[0] msg SPDM_GET_MEASUREMENTS(0xe0), size (0xc): 
0000: 13 e0 00 02 aa bb cc dd ee ff 00 02 
Platform port Transmit command: 00 00 00 01 
Platform port Transmit transport_type: 00 00 00 01 
Platform port Transmit size: 00 00 00 0d 
Platform port Transmit buffer:
    05 13 e0 00 02 aa bb cc dd ee ff 00 02 
Platform port Receive command: 00 00 00 01 
Platform port Receive transport_type: 00 00 00 01 
Platform port Receive size: 00 00 00 7a 
Platform port Receive buffer:
    05 13 60 00 00 01 47 00 00 02 01 43 00 01 40 00 9e ff d8 a6 68 f7 6d 3f ce 35 45 1a 13 6f 8e f6 71 02 60 e9 ca 28 be ef 89 7f 55 9f cd ba 48 a4 c0 66 56 0f b4 90 01 95 ca e4 d4 fa b1 f7 d1 12 43 42 10 08 af 86 14 d9 2a 3f ca bb bf 75 24 8f 4b 08 8a 1c 47 18 17 3a 1d 29 38 7f 21 6a c2 be 22 79 25 ab 65 a4 c9 83 50 a1 2f b1 99 78 41 f8 00 00 aa bb cc dd ee ff 00 02 
libspdm_receive_spdm_response[0] msg SPDM_MEASUREMENTS(0x60), size (0x79): 
0000: 13 60 00 00 01 47 00 00 02 01 43 00 01 40 00 9e ff d8 a6 68 f7 6d 3f ce 35 45 1a 13 6f 8e f6 71 
0020: 02 60 e9 ca 28 be ef 89 7f 55 9f cd ba 48 a4 c0 66 56 0f b4 90 01 95 ca e4 d4 fa b1 f7 d1 12 43 
0040: 42 10 08 af 86 14 d9 2a 3f ca bb bf 75 24 8f 4b 08 8a 1c 47 18 17 3a 1d 29 38 7f 21 6a c2 be 22 
0060: 79 25 ab 65 a4 c9 83 50 a1 2f b1 99 78 41 f8 00 00 aa bb cc dd ee ff 00 02 
measurement_record_length - 0x000047
nonce (0x20) - 4b 08 8a 1c 47 18 17 3a 1d 29 38 7f 21 6a c2 be 22 79 25 ab 65 a4 c9 83 50 a1 2f b1 99 78 41 f8 
RequesterContext - aa bb cc dd ee ff 00 02 
index - 0x3
RequesterContext - aa bb cc dd ee ff 00 03 
libspdm_send_spdm_request[0] msg SPDM_GET_MEASUREMENTS(0xe0), size (0xc): 
0000: 13 e0 00 03 aa bb cc dd ee ff 00 03 
Platform port Transmit command: 00 00 00 01 
Platform port Transmit transport_type: 00 00 00 01 
Platform port Transmit size: 00 00 00 0d 
Platform port Transmit buffer:
    05 13 e0 00 03 aa bb cc dd ee ff 00 03 
Platform port Receive command: 00 00 00 01 
Platform port Receive transport_type: 00 00 00 01 
Platform port Receive size: 00 00 00 7a 
Platform port Receive buffer:
    05 13 60 00 00 01 47 00 00 03 01 43 00 02 40 00 ff de 42 48 3a 68 7d d4 7d 05 f9 56 a2 d6 20 07 b7 1a 29 88 08 4d a1 09 5e c2 e4 3b ca 15 66 80 ca e0 7d 0b 84 cb c7 fc 9b 1d 4e 80 cd 86 69 aa 95 6a ed 8b b1 7b 0a 20 a5 03 1c 28 8d fa 8b 9f 0c cc 50 41 38 e9 18 88 1d 01 35 4a 20 3a 33 59 b2 a5 4a fe 23 3c 9d 02 f9 ea bf 75 9e f8 fd 39 00 00 aa bb cc dd ee ff 00 03 
libspdm_receive_spdm_response[0] msg SPDM_MEASUREMENTS(0x60), size (0x79): 
0000: 13 60 00 00 01 47 00 00 03 01 43 00 02 40 00 ff de 42 48 3a 68 7d d4 7d 05 f9 56 a2 d6 20 07 b7 
0020: 1a 29 88 08 4d a1 09 5e c2 e4 3b ca 15 66 80 ca e0 7d 0b 84 cb c7 fc 9b 1d 4e 80 cd 86 69 aa 95 
0040: 6a ed 8b b1 7b 0a 20 a5 03 1c 28 8d fa 8b 9f 0c cc 50 41 38 e9 18 88 1d 01 35 4a 20 3a 33 59 b2 
0060: a5 4a fe 23 3c 9d 02 f9 ea bf 75 9e f8 fd 39 00 00 aa bb cc dd ee ff 00 03 
measurement_record_length - 0x000047
nonce (0x20) - 0c cc 50 41 38 e9 18 88 1d 01 35 4a 20 3a 33 59 b2 a5 4a fe 23 3c 9d 02 f9 ea bf 75 9e f8 fd 39 
RequesterContext - aa bb cc dd ee ff 00 03 
index - 0x4
RequesterContext - aa bb cc dd ee ff 00 04 
libspdm_send_spdm_request[0] msg SPDM_GET_MEASUREMENTS(0xe0), size (0xc): 
0000: 13 e0 00 04 aa bb cc dd ee ff 00 04 
Platform port Transmit command: 00 00 00 01 
Platform port Transmit transport_type: 00 00 00 01 
Platform port Transmit size: 00 00 00 0d 
Platform port Transmit buffer:
    05 13 e0 00 04 aa bb cc dd ee ff 00 04 
Platform port Receive command: 00 00 00 01 
Platform port Receive transport_type: 00 00 00 01 
Platform port Receive size: 00 00 00 7a 
Platform port Receive buffer:
    05 13 60 00 00 01 47 00 00 04 01 43 00 03 40 00 3a 0b d5 b0 84 36 b1 d3 86 12 20 90 cf a0 44 6c f2 57 1b 74 f2 a1 5f 44 df 73 56 95 da b8 4b bb 1b eb b3 ae f3 9a f6 a0 f9 72 79 b5 fb 04 d5 13 a5 2d d1 65 47 fe 88 d0 45 58 15 52 0c 86 1e d4 f1 a4 66 4b db e5 68 64 3c bc 26 27 8c 92 61 6e f9 18 ae 2d 4b d3 fe 83 af 66 c6 f1 09 58 60 7c 00 00 aa bb cc dd ee ff 00 04 
libspdm_receive_spdm_response[0] msg SPDM_MEASUREMENTS(0x60), size (0x79): 
0000: 13 60 00 00 01 47 00 00 04 01 43 00 03 40 00 3a 0b d5 b0 84 36 b1 d3 86 12 20 90 cf a0 44 6c f2 
0020: 57 1b 74 f2 a1 5f 44 df 73 56 95 da b8 4b bb 1b eb b3 ae f3 9a f6 a0 f9 72 79 b5 fb 04 d5 13 a5 
0040: 2d d1 65 47 fe 88 d0 45 58 15 52 0c 86 1e d4 f1 a4 66 4b db e5 68 64 3c bc 26 27 8c 92 61 6e f9 
0060: 18 ae 2d 4b d3 fe 83 af 66 c6 f1 09 58 60 7c 00 00 aa bb cc dd ee ff 00 04 
measurement_record_length - 0x000047
nonce (0x20) - f1 a4 66 4b db e5 68 64 3c bc 26 27 8c 92 61 6e f9 18 ae 2d 4b d3 fe 83 af 66 c6 f1 09 58 60 7c 
RequesterContext - aa bb cc dd ee ff 00 04 
index - 0x5
RequesterContext - aa bb cc dd ee ff 00 05 
libspdm_send_spdm_request[0] msg SPDM_GET_MEASUREMENTS(0xe0), size (0xc): 
0000: 13 e0 00 05 aa bb cc dd ee ff 00 05 
Platform port Transmit command: 00 00 00 01 
Platform port Transmit transport_type: 00 00 00 01 
Platform port Transmit size: 00 00 00 0d 
Platform port Transmit buffer:
    05 13 e0 00 05 aa bb cc dd ee ff 00 05 
Platform port Receive command: 00 00 00 01 
Platform port Receive transport_type: 00 00 00 01 
Platform port Receive size: 00 00 00 05 
Platform port Receive buffer:
    05 13 7f 01 00 
libspdm_receive_spdm_response[0] msg SPDM_ERROR(0x7f), size (0x4): 
0000: 13 7f 01 00 
index - 0x6
RequesterContext - aa bb cc dd ee ff 00 06 
libspdm_send_spdm_request[0] msg SPDM_GET_MEASUREMENTS(0xe0), size (0xc): 
0000: 13 e0 00 06 aa bb cc dd ee ff 00 06 
Platform port Transmit command: 00 00 00 01 
Platform port Transmit transport_type: 00 00 00 01 
Platform port Transmit size: 00 00 00 0d 
Platform port Transmit buffer:
    05 13 e0 00 06 aa bb cc dd ee ff 00 06 
Platform port Receive command: 00 00 00 01 
Platform port Receive transport_type: 00 00 00 01 
Platform port Receive size: 00 00 00 05 
Platform port Receive buffer:
    05 13 7f 01 00 
libspdm_receive_spdm_response[0] msg SPDM_ERROR(0x7f), size (0x4): 
0000: 13 7f 01 00 
index - 0x7
RequesterContext - aa bb cc dd ee ff 00 07 
libspdm_send_spdm_request[0] msg SPDM_GET_MEASUREMENTS(0xe0), size (0xc): 
0000: 13 e0 00 07 aa bb cc dd ee ff 00 07 
Platform port Transmit command: 00 00 00 01 
Platform port Transmit transport_type: 00 00 00 01 
Platform port Transmit size: 00 00 00 0d 
Platform port Transmit buffer:
    05 13 e0 00 07 aa bb cc dd ee ff 00 07 
Platform port Receive command: 00 00 00 01 
Platform port Receive transport_type: 00 00 00 01 
Platform port Receive size: 00 00 00 05 
Platform port Receive buffer:
    05 13 7f 01 00 
libspdm_receive_spdm_response[0] msg SPDM_ERROR(0x7f), size (0x4): 
0000: 13 7f 01 00 
index - 0x8
RequesterContext - aa bb cc dd ee ff 00 08 
libspdm_send_spdm_request[0] msg SPDM_GET_MEASUREMENTS(0xe0), size (0xc): 
0000: 13 e0 00 08 aa bb cc dd ee ff 00 08 
Platform port Transmit command: 00 00 00 01 
Platform port Transmit transport_type: 00 00 00 01 
Platform port Transmit size: 00 00 00 0d 
Platform port Transmit buffer:
    05 13 e0 00 08 aa bb cc dd ee ff 00 08 
Platform port Receive command: 00 00 00 01 
Platform port Receive transport_type: 00 00 00 01 
Platform port Receive size: 00 00 00 05 
Platform port Receive buffer:
    05 13 7f 01 00 
libspdm_receive_spdm_response[0] msg SPDM_ERROR(0x7f), size (0x4): 
0000: 13 7f 01 00 
index - 0x9
RequesterContext - aa bb cc dd ee ff 00 09 
libspdm_send_spdm_request[0] msg SPDM_GET_MEASUREMENTS(0xe0), size (0xc): 
0000: 13 e0 00 09 aa bb cc dd ee ff 00 09 
Platform port Transmit command: 00 00 00 01 
Platform port Transmit transport_type: 00 00 00 01 
Platform port Transmit size: 00 00 00 0d 
Platform port Transmit buffer:
    05 13 e0 00 09 aa bb cc dd ee ff 00 09 
Platform port Receive command: 00 00 00 01 
Platform port Receive transport_type: 00 00 00 01 
Platform port Receive size: 00 00 00 05 
Platform port Receive buffer:
    05 13 7f 01 00 
libspdm_receive_spdm_response[0] msg SPDM_ERROR(0x7f), size (0x4): 
0000: 13 7f 01 00 
index - 0xa
RequesterContext - aa bb cc dd ee ff 00 0a 
libspdm_send_spdm_request[0] msg SPDM_GET_MEASUREMENTS(0xe0), size (0xc): 
0000: 13 e0 00 0a aa bb cc dd ee ff 00 0a 
Platform port Transmit command: 00 00 00 01 
Platform port Transmit transport_type: 00 00 00 01 
Platform port Transmit size: 00 00 00 0d 
Platform port Transmit buffer:
    05 13 e0 00 0a aa bb cc dd ee ff 00 0a 
Platform port Receive command: 00 00 00 01 
Platform port Receive transport_type: 00 00 00 01 
Platform port Receive size: 00 00 00 05 
Platform port Receive buffer:
    05 13 7f 01 00 
libspdm_receive_spdm_response[0] msg SPDM_ERROR(0x7f), size (0x4): 
0000: 13 7f 01 00 
index - 0xb
RequesterContext - aa bb cc dd ee ff 00 0b 
libspdm_send_spdm_request[0] msg SPDM_GET_MEASUREMENTS(0xe0), size (0xc): 
0000: 13 e0 00 0b aa bb cc dd ee ff 00 0b 
Platform port Transmit command: 00 00 00 01 
Platform port Transmit transport_type: 00 00 00 01 
Platform port Transmit size: 00 00 00 0d 
Platform port Transmit buffer:
    05 13 e0 00 0b aa bb cc dd ee ff 00 0b 
Platform port Receive command: 00 00 00 01 
Platform port Receive transport_type: 00 00 00 01 
Platform port Receive size: 00 00 00 05 
Platform port Receive buffer:
    05 13 7f 01 00 
libspdm_receive_spdm_response[0] msg SPDM_ERROR(0x7f), size (0x4): 
0000: 13 7f 01 00 
index - 0xc
RequesterContext - aa bb cc dd ee ff 00 0c 
libspdm_send_spdm_request[0] msg SPDM_GET_MEASUREMENTS(0xe0), size (0xc): 
0000: 13 e0 00 0c aa bb cc dd ee ff 00 0c 
Platform port Transmit command: 00 00 00 01 
Platform port Transmit transport_type: 00 00 00 01 
Platform port Transmit size: 00 00 00 0d 
Platform port Transmit buffer:
    05 13 e0 00 0c aa bb cc dd ee ff 00 0c 
Platform port Receive command: 00 00 00 01 
Platform port Receive transport_type: 00 00 00 01 
Platform port Receive size: 00 00 00 05 
Platform port Receive buffer:
    05 13 7f 01 00 
libspdm_receive_spdm_response[0] msg SPDM_ERROR(0x7f), size (0x4): 
0000: 13 7f 01 00 
index - 0xd
RequesterContext - aa bb cc dd ee ff 00 0d 
libspdm_send_spdm_request[0] msg SPDM_GET_MEASUREMENTS(0xe0), size (0xc): 
0000: 13 e0 00 0d aa bb cc dd ee ff 00 0d 
Platform port Transmit command: 00 00 00 01 
Platform port Transmit transport_type: 00 00 00 01 
Platform port Transmit size: 00 00 00 0d 
Platform port Transmit buffer:
    05 13 e0 00 0d aa bb cc dd ee ff 00 0d 
Platform port Receive command: 00 00 00 01 
Platform port Receive transport_type: 00 00 00 01 
Platform port Receive size: 00 00 00 05 
Platform port Receive buffer:
    05 13 7f 01 00 
libspdm_receive_spdm_response[0] msg SPDM_ERROR(0x7f), size (0x4): 
0000: 13 7f 01 00 
index - 0xe
RequesterContext - aa bb cc dd ee ff 00 0e 
libspdm_send_spdm_request[0] msg SPDM_GET_MEASUREMENTS(0xe0), size (0xc): 
0000: 13 e0 00 0e aa bb cc dd ee ff 00 0e 
Platform port Transmit command: 00 00 00 01 
Platform port Transmit transport_type: 00 00 00 01 
Platform port Transmit size: 00 00 00 0d 
Platform port Transmit buffer:
    05 13 e0 00 0e aa bb cc dd ee ff 00 0e 
Platform port Receive command: 00 00 00 01 
Platform port Receive transport_type: 00 00 00 01 
Platform port Receive size: 00 00 00 05 
Platform port Receive buffer:
    05 13 7f 01 00 
libspdm_receive_spdm_response[0] msg SPDM_ERROR(0x7f), size (0x4): 
0000: 13 7f 01 00 
index - 0xf
RequesterContext - aa bb cc dd ee ff 00 0f 
libspdm_send_spdm_request[0] msg SPDM_GET_MEASUREMENTS(0xe0), size (0xc): 
0000: 13 e0 00 0f aa bb cc dd ee ff 00 0f 
Platform port Transmit command: 00 00 00 01 
Platform port Transmit transport_type: 00 00 00 01 
Platform port Transmit size: 00 00 00 0d 
Platform port Transmit buffer:
    05 13 e0 00 0f aa bb cc dd ee ff 00 0f 
Platform port Receive command: 00 00 00 01 
Platform port Receive transport_type: 00 00 00 01 
Platform port Receive size: 00 00 00 05 
Platform port Receive buffer:
    05 13 7f 01 00 
libspdm_receive_spdm_response[0] msg SPDM_ERROR(0x7f), size (0x4): 
0000: 13 7f 01 00 
index - 0x10
RequesterContext - aa bb cc dd ee ff 00 10 
libspdm_send_spdm_request[0] msg SPDM_GET_MEASUREMENTS(0xe0), size (0xc): 
0000: 13 e0 00 10 aa bb cc dd ee ff 00 10 
Platform port Transmit command: 00 00 00 01 
Platform port Transmit transport_type: 00 00 00 01 
Platform port Transmit size: 00 00 00 0d 
Platform port Transmit buffer:
    05 13 e0 00 10 aa bb cc dd ee ff 00 10 
Platform port Receive command: 00 00 00 01 
Platform port Receive transport_type: 00 00 00 01 
Platform port Receive size: 00 00 00 42 
Platform port Receive buffer:
    05 13 60 00 00 01 0f 00 00 10 01 0b 00 87 08 00 07 00 00 00 00 00 00 00 76 6b 9d 06 d5 dd a9 03 de 98 37 3c 8a 43 12 eb 45 97 24 99 4b e7 d7 48 fe 51 67 eb f9 fa b6 3b 00 00 aa bb cc dd ee ff 00 10 
libspdm_receive_spdm_response[0] msg SPDM_MEASUREMENTS(0x60), size (0x41): 
0000: 13 60 00 00 01 0f 00 00 10 01 0b 00 87 08 00 07 00 00 00 00 00 00 00 76 6b 9d 06 d5 dd a9 03 de 
0020: 98 37 3c 8a 43 12 eb 45 97 24 99 4b e7 d7 48 fe 51 67 eb f9 fa b6 3b 00 00 aa bb cc dd ee ff 00 
0040: 10 
measurement_record_length - 0x00000f
nonce (0x20) - 76 6b 9d 06 d5 dd a9 03 de 98 37 3c 8a 43 12 eb 45 97 24 99 4b e7 d7 48 fe 51 67 eb f9 fa b6 3b 
RequesterContext - aa bb cc dd ee ff 00 10 
index - 0x11
RequesterContext - aa bb cc dd ee ff 00 11 
libspdm_send_spdm_request[0] msg SPDM_GET_MEASUREMENTS(0xe0), size (0xc): 
0000: 13 e0 00 11 aa bb cc dd ee ff 00 11 
Platform port Transmit command: 00 00 00 01 
Platform port Transmit transport_type: 00 00 00 01 
Platform port Transmit size: 00 00 00 0d 
Platform port Transmit buffer:
    05 13 e0 00 11 aa bb cc dd ee ff 00 11 
Platform port Receive command: 00 00 00 01 
Platform port Receive transport_type: 00 00 00 01 
Platform port Receive size: 00 00 00 7a 
Platform port Receive buffer:
    05 13 60 00 00 01 47 00 00 11 01 43 00 08 40 00 c4 f9 62 5b 48 d4 e0 e1 92 c4 63 a2 d0 0b 43 30 5d 7d 58 8d 7d 9c 84 6c 1d 3f 9e d1 19 88 83 72 9a 55 b9 17 8a 4f 71 01 df a1 c8 32 34 39 1b 2e e9 80 27 e8 a4 35 d0 28 3e 29 78 4e cd a6 40 6e a7 d1 8e 5f 2d 50 ea 4b 7f 3a 01 8e 5b ef 96 fe 1c 77 64 2a fb 57 e7 00 af b6 79 9c 13 65 66 c7 00 00 aa bb cc dd ee ff 00 11 
libspdm_receive_spdm_response[0] msg SPDM_MEASUREMENTS(0x60), size (0x79): 
0000: 13 60 00 00 01 47 00 00 11 01 43 00 08 40 00 c4 f9 62 5b 48 d4 e0 e1 92 c4 63 a2 d0 0b 43 30 5d 
0020: 7d 58 8d 7d 9c 84 6c 1d 3f 9e d1 19 88 83 72 9a 55 b9 17 8a 4f 71 01 df a1 c8 32 34 39 1b 2e e9 
0040: 80 27 e8 a4 35 d0 28 3e 29 78 4e cd a6 40 6e a7 d1 8e 5f 2d 50 ea 4b 7f 3a 01 8e 5b ef 96 fe 1c 
0060: 77 64 2a fb 57 e7 00 af b6 79 9c 13 65 66 c7 00 00 aa bb cc dd ee ff 00 11 
measurement_record_length - 0x000047
nonce (0x20) - a7 d1 8e 5f 2d 50 ea 4b 7f 3a 01 8e 5b ef 96 fe 1c 77 64 2a fb 57 e7 00 af b6 79 9c 13 65 66 c7 
RequesterContext - aa bb cc dd ee ff 00 11 
index - 0x12
RequesterContext - aa bb cc dd ee ff 00 12 
libspdm_send_spdm_request[0] msg SPDM_GET_MEASUREMENTS(0xe0), size (0xc): 
0000: 13 e0 00 12 aa bb cc dd ee ff 00 12 
Platform port Transmit command: 00 00 00 01 
Platform port Transmit transport_type: 00 00 00 01 
Platform port Transmit size: 00 00 00 0d 
Platform port Transmit buffer:
    05 13 e0 00 12 aa bb cc dd ee ff 00 12 
Platform port Receive command: 00 00 00 01 
Platform port Receive transport_type: 00 00 00 01 
Platform port Receive size: 00 00 00 05 
Platform port Receive buffer:
    05 13 7f 01 00 
libspdm_receive_spdm_response[0] msg SPDM_ERROR(0x7f), size (0x4): 
0000: 13 7f 01 00 
index - 0x13
RequesterContext - aa bb cc dd ee ff 00 13 
libspdm_send_spdm_request[0] msg SPDM_GET_MEASUREMENTS(0xe0), size (0xc): 
0000: 13 e0 00 13 aa bb cc dd ee ff 00 13 
Platform port Transmit command: 00 00 00 01 
Platform port Transmit transport_type: 00 00 00 01 
Platform port Transmit size: 00 00 00 0d 
Platform port Transmit buffer:
    05 13 e0 00 13 aa bb cc dd ee ff 00 13 
Platform port Receive command: 00 00 00 01 
Platform port Receive transport_type: 00 00 00 01 
Platform port Receive size: 00 00 00 05 
Platform port Receive buffer:
    05 13 7f 01 00 
libspdm_receive_spdm_response[0] msg SPDM_ERROR(0x7f), size (0x4): 
0000: 13 7f 01 00 
index - 0x14
RequesterContext - aa bb cc dd ee ff 00 14 
libspdm_send_spdm_request[0] msg SPDM_GET_MEASUREMENTS(0xe0), size (0xc): 
0000: 13 e0 00 14 aa bb cc dd ee ff 00 14 
Platform port Transmit command: 00 00 00 01 
Platform port Transmit transport_type: 00 00 00 01 
Platform port Transmit size: 00 00 00 0d 
Platform port Transmit buffer:
    05 13 e0 00 14 aa bb cc dd ee ff 00 14 
Platform port Receive command: 00 00 00 01 
Platform port Receive transport_type: 00 00 00 01 
Platform port Receive size: 00 00 00 05 
Platform port Receive buffer:
    05 13 7f 01 00 
libspdm_receive_spdm_response[0] msg SPDM_ERROR(0x7f), size (0x4): 
0000: 13 7f 01 00 
index - 0x15
RequesterContext - aa bb cc dd ee ff 00 15 
libspdm_send_spdm_request[0] msg SPDM_GET_MEASUREMENTS(0xe0), size (0xc): 
0000: 13 e0 00 15 aa bb cc dd ee ff 00 15 
Platform port Transmit command: 00 00 00 01 
Platform port Transmit transport_type: 00 00 00 01 
Platform port Transmit size: 00 00 00 0d 
Platform port Transmit buffer:
    05 13 e0 00 15 aa bb cc dd ee ff 00 15 
Platform port Receive command: 00 00 00 01 
Platform port Receive transport_type: 00 00 00 01 
Platform port Receive size: 00 00 00 05 
Platform port Receive buffer:
    05 13 7f 01 00 
libspdm_receive_spdm_response[0] msg SPDM_ERROR(0x7f), size (0x4): 
0000: 13 7f 01 00 
index - 0x16
RequesterContext - aa bb cc dd ee ff 00 16 
libspdm_send_spdm_request[0] msg SPDM_GET_MEASUREMENTS(0xe0), size (0xc): 
0000: 13 e0 00 16 aa bb cc dd ee ff 00 16 
Platform port Transmit command: 00 00 00 01 
Platform port Transmit transport_type: 00 00 00 01 
Platform port Transmit size: 00 00 00 0d 
Platform port Transmit buffer:
    05 13 e0 00 16 aa bb cc dd ee ff 00 16 
Platform port Receive command: 00 00 00 01 
Platform port Receive transport_type: 00 00 00 01 
Platform port Receive size: 00 00 00 05 
Platform port Receive buffer:
    05 13 7f 01 00 
libspdm_receive_spdm_response[0] msg SPDM_ERROR(0x7f), size (0x4): 
0000: 13 7f 01 00 
index - 0x17
RequesterContext - aa bb cc dd ee ff 00 17 
libspdm_send_spdm_request[0] msg SPDM_GET_MEASUREMENTS(0xe0), size (0xc): 
0000: 13 e0 00 17 aa bb cc dd ee ff 00 17 
Platform port Transmit command: 00 00 00 01 
Platform port Transmit transport_type: 00 00 00 01 
Platform port Transmit size: 00 00 00 0d 
Platform port Transmit buffer:
    05 13 e0 00 17 aa bb cc dd ee ff 00 17 
Platform port Receive command: 00 00 00 01 
Platform port Receive transport_type: 00 00 00 01 
Platform port Receive size: 00 00 00 05 
Platform port Receive buffer:
    05 13 7f 01 00 
libspdm_receive_spdm_response[0] msg SPDM_ERROR(0x7f), size (0x4): 
0000: 13 7f 01 00 
index - 0x18
RequesterContext - aa bb cc dd ee ff 00 18 
libspdm_send_spdm_request[0] msg SPDM_GET_MEASUREMENTS(0xe0), size (0xc): 
0000: 13 e0 00 18 aa bb cc dd ee ff 00 18 
Platform port Transmit command: 00 00 00 01 
Platform port Transmit transport_type: 00 00 00 01 
Platform port Transmit size: 00 00 00 0d 
Platform port Transmit buffer:
    05 13 e0 00 18 aa bb cc dd ee ff 00 18 
Platform port Receive command: 00 00 00 01 
Platform port Receive transport_type: 00 00 00 01 
Platform port Receive size: 00 00 00 05 
Platform port Receive buffer:
    05 13 7f 01 00 
libspdm_receive_spdm_response[0] msg SPDM_ERROR(0x7f), size (0x4): 
0000: 13 7f 01 00 
index - 0x19
RequesterContext - aa bb cc dd ee ff 00 19 
libspdm_send_spdm_request[0] msg SPDM_GET_MEASUREMENTS(0xe0), size (0xc): 
0000: 13 e0 00 19 aa bb cc dd ee ff 00 19 
Platform port Transmit command: 00 00 00 01 
Platform port Transmit transport_type: 00 00 00 01 
Platform port Transmit size: 00 00 00 0d 
Platform port Transmit buffer:
    05 13 e0 00 19 aa bb cc dd ee ff 00 19 
Platform port Receive command: 00 00 00 01 
Platform port Receive transport_type: 00 00 00 01 
Platform port Receive size: 00 00 00 05 
Platform port Receive buffer:
    05 13 7f 01 00 
libspdm_receive_spdm_response[0] msg SPDM_ERROR(0x7f), size (0x4): 
0000: 13 7f 01 00 
index - 0x1a
RequesterContext - aa bb cc dd ee ff 00 1a 
libspdm_send_spdm_request[0] msg SPDM_GET_MEASUREMENTS(0xe0), size (0xc): 
0000: 13 e0 00 1a aa bb cc dd ee ff 00 1a 
Platform port Transmit command: 00 00 00 01 
Platform port Transmit transport_type: 00 00 00 01 
Platform port Transmit size: 00 00 00 0d 
Platform port Transmit buffer:
    05 13 e0 00 1a aa bb cc dd ee ff 00 1a 
Platform port Receive command: 00 00 00 01 
Platform port Receive transport_type: 00 00 00 01 
Platform port Receive size: 00 00 00 05 
Platform port Receive buffer:
    05 13 7f 01 00 
libspdm_receive_spdm_response[0] msg SPDM_ERROR(0x7f), size (0x4): 
0000: 13 7f 01 00 
index - 0x1b
RequesterContext - aa bb cc dd ee ff 00 1b 
libspdm_send_spdm_request[0] msg SPDM_GET_MEASUREMENTS(0xe0), size (0xc): 
0000: 13 e0 00 1b aa bb cc dd ee ff 00 1b 
Platform port Transmit command: 00 00 00 01 
Platform port Transmit transport_type: 00 00 00 01 
Platform port Transmit size: 00 00 00 0d 
Platform port Transmit buffer:
    05 13 e0 00 1b aa bb cc dd ee ff 00 1b 
Platform port Receive command: 00 00 00 01 
Platform port Receive transport_type: 00 00 00 01 
Platform port Receive size: 00 00 00 05 
Platform port Receive buffer:
    05 13 7f 01 00 
libspdm_receive_spdm_response[0] msg SPDM_ERROR(0x7f), size (0x4): 
0000: 13 7f 01 00 
index - 0x1c
RequesterContext - aa bb cc dd ee ff 00 1c 
libspdm_send_spdm_request[0] msg SPDM_GET_MEASUREMENTS(0xe0), size (0xc): 
0000: 13 e0 00 1c aa bb cc dd ee ff 00 1c 
Platform port Transmit command: 00 00 00 01 
Platform port Transmit transport_type: 00 00 00 01 
Platform port Transmit size: 00 00 00 0d 
Platform port Transmit buffer:
    05 13 e0 00 1c aa bb cc dd ee ff 00 1c 
Platform port Receive command: 00 00 00 01 
Platform port Receive transport_type: 00 00 00 01 
Platform port Receive size: 00 00 00 05 
Platform port Receive buffer:
    05 13 7f 01 00 
libspdm_receive_spdm_response[0] msg SPDM_ERROR(0x7f), size (0x4): 
0000: 13 7f 01 00 
index - 0x1d
RequesterContext - aa bb cc dd ee ff 00 1d 
libspdm_send_spdm_request[0] msg SPDM_GET_MEASUREMENTS(0xe0), size (0xc): 
0000: 13 e0 00 1d aa bb cc dd ee ff 00 1d 
Platform port Transmit command: 00 00 00 01 
Platform port Transmit transport_type: 00 00 00 01 
Platform port Transmit size: 00 00 00 0d 
Platform port Transmit buffer:
    05 13 e0 00 1d aa bb cc dd ee ff 00 1d 
Platform port Receive command: 00 00 00 01 
Platform port Receive transport_type: 00 00 00 01 
Platform port Receive size: 00 00 00 05 
Platform port Receive buffer:
    05 13 7f 01 00 
libspdm_receive_spdm_response[0] msg SPDM_ERROR(0x7f), size (0x4): 
0000: 13 7f 01 00 
index - 0x1e
RequesterContext - aa bb cc dd ee ff 00 1e 
libspdm_send_spdm_request[0] msg SPDM_GET_MEASUREMENTS(0xe0), size (0xc): 
0000: 13 e0 00 1e aa bb cc dd ee ff 00 1e 
Platform port Transmit command: 00 00 00 01 
Platform port Transmit transport_type: 00 00 00 01 
Platform port Transmit size: 00 00 00 0d 
Platform port Transmit buffer:
    05 13 e0 00 1e aa bb cc dd ee ff 00 1e 
Platform port Receive command: 00 00 00 01 
Platform port Receive transport_type: 00 00 00 01 
Platform port Receive size: 00 00 00 05 
Platform port Receive buffer:
    05 13 7f 01 00 
libspdm_receive_spdm_response[0] msg SPDM_ERROR(0x7f), size (0x4): 
0000: 13 7f 01 00 
index - 0x1f
RequesterContext - aa bb cc dd ee ff 00 1f 
libspdm_send_spdm_request[0] msg SPDM_GET_MEASUREMENTS(0xe0), size (0xc): 
0000: 13 e0 00 1f aa bb cc dd ee ff 00 1f 
Platform port Transmit command: 00 00 00 01 
Platform port Transmit transport_type: 00 00 00 01 
Platform port Transmit size: 00 00 00 0d 
Platform port Transmit buffer:
    05 13 e0 00 1f aa bb cc dd ee ff 00 1f 
Platform port Receive command: 00 00 00 01 
Platform port Receive transport_type: 00 00 00 01 
Platform port Receive size: 00 00 00 05 
Platform port Receive buffer:
    05 13 7f 01 00 
libspdm_receive_spdm_response[0] msg SPDM_ERROR(0x7f), size (0x4): 
0000: 13 7f 01 00 
index - 0x20
RequesterContext - aa bb cc dd ee ff 00 20 
libspdm_send_spdm_request[0] msg SPDM_GET_MEASUREMENTS(0xe0), size (0xc): 
0000: 13 e0 00 20 aa bb cc dd ee ff 00 20 
Platform port Transmit command: 00 00 00 01 
Platform port Transmit transport_type: 00 00 00 01 
Platform port Transmit size: 00 00 00 0d 
Platform port Transmit buffer:
    05 13 e0 00 20 aa bb cc dd ee ff 00 20 
Platform port Receive command: 00 00 00 01 
Platform port Receive transport_type: 00 00 00 01 
Platform port Receive size: 00 00 00 05 
Platform port Receive buffer:
    05 13 7f 01 00 
libspdm_receive_spdm_response[0] msg SPDM_ERROR(0x7f), size (0x4): 
0000: 13 7f 01 00 
index - 0x21
RequesterContext - aa bb cc dd ee ff 00 21 
libspdm_send_spdm_request[0] msg SPDM_GET_MEASUREMENTS(0xe0), size (0xc): 
0000: 13 e0 00 21 aa bb cc dd ee ff 00 21 
Platform port Transmit command: 00 00 00 01 
Platform port Transmit transport_type: 00 00 00 01 
Platform port Transmit size: 00 00 00 0d 
Platform port Transmit buffer:
    05 13 e0 00 21 aa bb cc dd ee ff 00 21 
Platform port Receive command: 00 00 00 01 
Platform port Receive transport_type: 00 00 00 01 
Platform port Receive size: 00 00 00 05 
Platform port Receive buffer:
    05 13 7f 01 00 
libspdm_receive_spdm_response[0] msg SPDM_ERROR(0x7f), size (0x4): 
0000: 13 7f 01 00 
index - 0x22
RequesterContext - aa bb cc dd ee ff 00 22 
libspdm_send_spdm_request[0] msg SPDM_GET_MEASUREMENTS(0xe0), size (0xc): 
0000: 13 e0 00 22 aa bb cc dd ee ff 00 22 
Platform port Transmit command: 00 00 00 01 
Platform port Transmit transport_type: 00 00 00 01 
Platform port Transmit size: 00 00 00 0d 
Platform port Transmit buffer:
    05 13 e0 00 22 aa bb cc dd ee ff 00 22 
Platform port Receive command: 00 00 00 01 
Platform port Receive transport_type: 00 00 00 01 
Platform port Receive size: 00 00 00 05 
Platform port Receive buffer:
    05 13 7f 01 00 
libspdm_receive_spdm_response[0] msg SPDM_ERROR(0x7f), size (0x4): 
0000: 13 7f 01 00 
index - 0x23
RequesterContext - aa bb cc dd ee ff 00 23 
libspdm_send_spdm_request[0] msg SPDM_GET_MEASUREMENTS(0xe0), size (0xc): 
0000: 13 e0 00 23 aa bb cc dd ee ff 00 23 
Platform port Transmit command: 00 00 00 01 
Platform port Transmit transport_type: 00 00 00 01 
Platform port Transmit size: 00 00 00 0d 
Platform port Transmit buffer:
    05 13 e0 00 23 aa bb cc dd ee ff 00 23 
Platform port Receive command: 00 00 00 01 
Platform port Receive transport_type: 00 00 00 01 
Platform port Receive size: 00 00 00 05 
Platform port Receive buffer:
    05 13 7f 01 00 
libspdm_receive_spdm_response[0] msg SPDM_ERROR(0x7f), size (0x4): 
0000: 13 7f 01 00 
index - 0x24
RequesterContext - aa bb cc dd ee ff 00 24 
libspdm_send_spdm_request[0] msg SPDM_GET_MEASUREMENTS(0xe0), size (0xc): 
0000: 13 e0 00 24 aa bb cc dd ee ff 00 24 
Platform port Transmit command: 00 00 00 01 
Platform port Transmit transport_type: 00 00 00 01 
Platform port Transmit size: 00 00 00 0d 
Platform port Transmit buffer:
    05 13 e0 00 24 aa bb cc dd ee ff 00 24 
Platform port Receive command: 00 00 00 01 
Platform port Receive transport_type: 00 00 00 01 
Platform port Receive size: 00 00 00 05 
Platform port Receive buffer:
    05 13 7f 01 00 
libspdm_receive_spdm_response[0] msg SPDM_ERROR(0x7f), size (0x4): 
0000: 13 7f 01 00 
index - 0x25
RequesterContext - aa bb cc dd ee ff 00 25 
libspdm_send_spdm_request[0] msg SPDM_GET_MEASUREMENTS(0xe0), size (0xc): 
0000: 13 e0 00 25 aa bb cc dd ee ff 00 25 
Platform port Transmit command: 00 00 00 01 
Platform port Transmit transport_type: 00 00 00 01 
Platform port Transmit size: 00 00 00 0d 
Platform port Transmit buffer:
    05 13 e0 00 25 aa bb cc dd ee ff 00 25 
Platform port Receive command: 00 00 00 01 
Platform port Receive transport_type: 00 00 00 01 
Platform port Receive size: 00 00 00 05 
Platform port Receive buffer:
    05 13 7f 01 00 
libspdm_receive_spdm_response[0] msg SPDM_ERROR(0x7f), size (0x4): 
0000: 13 7f 01 00 
index - 0x26
RequesterContext - aa bb cc dd ee ff 00 26 
libspdm_send_spdm_request[0] msg SPDM_GET_MEASUREMENTS(0xe0), size (0xc): 
0000: 13 e0 00 26 aa bb cc dd ee ff 00 26 
Platform port Transmit command: 00 00 00 01 
Platform port Transmit transport_type: 00 00 00 01 
Platform port Transmit size: 00 00 00 0d 
Platform port Transmit buffer:
    05 13 e0 00 26 aa bb cc dd ee ff 00 26 
Platform port Receive command: 00 00 00 01 
Platform port Receive transport_type: 00 00 00 01 
Platform port Receive size: 00 00 00 05 
Platform port Receive buffer:
    05 13 7f 01 00 
libspdm_receive_spdm_response[0] msg SPDM_ERROR(0x7f), size (0x4): 
0000: 13 7f 01 00 
index - 0x27
RequesterContext - aa bb cc dd ee ff 00 27 
libspdm_send_spdm_request[0] msg SPDM_GET_MEASUREMENTS(0xe0), size (0xc): 
0000: 13 e0 00 27 aa bb cc dd ee ff 00 27 
Platform port Transmit command: 00 00 00 01 
Platform port Transmit transport_type: 00 00 00 01 
Platform port Transmit size: 00 00 00 0d 
Platform port Transmit buffer:
    05 13 e0 00 27 aa bb cc dd ee ff 00 27 
Platform port Receive command: 00 00 00 01 
Platform port Receive transport_type: 00 00 00 01 
Platform port Receive size: 00 00 00 05 
Platform port Receive buffer:
    05 13 7f 01 00 
libspdm_receive_spdm_response[0] msg SPDM_ERROR(0x7f), size (0x4): 
0000: 13 7f 01 00 
index - 0x28
RequesterContext - aa bb cc dd ee ff 00 28 
libspdm_send_spdm_request[0] msg SPDM_GET_MEASUREMENTS(0xe0), size (0xc): 
0000: 13 e0 00 28 aa bb cc dd ee ff 00 28 
Platform port Transmit command: 00 00 00 01 
Platform port Transmit transport_type: 00 00 00 01 
Platform port Transmit size: 00 00 00 0d 
Platform port Transmit buffer:
    05 13 e0 00 28 aa bb cc dd ee ff 00 28 
Platform port Receive command: 00 00 00 01 
Platform port Receive transport_type: 00 00 00 01 
Platform port Receive size: 00 00 00 05 
Platform port Receive buffer:
    05 13 7f 01 00 
libspdm_receive_spdm_response[0] msg SPDM_ERROR(0x7f), size (0x4): 
0000: 13 7f 01 00 
index - 0x29
RequesterContext - aa bb cc dd ee ff 00 29 
libspdm_send_spdm_request[0] msg SPDM_GET_MEASUREMENTS(0xe0), size (0xc): 
0000: 13 e0 00 29 aa bb cc dd ee ff 00 29 
Platform port Transmit command: 00 00 00 01 
Platform port Transmit transport_type: 00 00 00 01 
Platform port Transmit size: 00 00 00 0d 
Platform port Transmit buffer:
    05 13 e0 00 29 aa bb cc dd ee ff 00 29 
Platform port Receive command: 00 00 00 01 
Platform port Receive transport_type: 00 00 00 01 
Platform port Receive size: 00 00 00 05 
Platform port Receive buffer:
    05 13 7f 01 00 
libspdm_receive_spdm_response[0] msg SPDM_ERROR(0x7f), size (0x4): 
0000: 13 7f 01 00 
index - 0x2a
RequesterContext - aa bb cc dd ee ff 00 2a 
libspdm_send_spdm_request[0] msg SPDM_GET_MEASUREMENTS(0xe0), size (0xc): 
0000: 13 e0 00 2a aa bb cc dd ee ff 00 2a 
Platform port Transmit command: 00 00 00 01 
Platform port Transmit transport_type: 00 00 00 01 
Platform port Transmit size: 00 00 00 0d 
Platform port Transmit buffer:
    05 13 e0 00 2a aa bb cc dd ee ff 00 2a 
Platform port Receive command: 00 00 00 01 
Platform port Receive transport_type: 00 00 00 01 
Platform port Receive size: 00 00 00 05 
Platform port Receive buffer:
    05 13 7f 01 00 
libspdm_receive_spdm_response[0] msg SPDM_ERROR(0x7f), size (0x4): 
0000: 13 7f 01 00 
index - 0x2b
RequesterContext - aa bb cc dd ee ff 00 2b 
libspdm_send_spdm_request[0] msg SPDM_GET_MEASUREMENTS(0xe0), size (0xc): 
0000: 13 e0 00 2b aa bb cc dd ee ff 00 2b 
Platform port Transmit command: 00 00 00 01 
Platform port Transmit transport_type: 00 00 00 01 
Platform port Transmit size: 00 00 00 0d 
Platform port Transmit buffer:
    05 13 e0 00 2b aa bb cc dd ee ff 00 2b 
Platform port Receive command: 00 00 00 01 
Platform port Receive transport_type: 00 00 00 01 
Platform port Receive size: 00 00 00 05 
Platform port Receive buffer:
    05 13 7f 01 00 
libspdm_receive_spdm_response[0] msg SPDM_ERROR(0x7f), size (0x4): 
0000: 13 7f 01 00 
index - 0x2c
RequesterContext - aa bb cc dd ee ff 00 2c 
libspdm_send_spdm_request[0] msg SPDM_GET_MEASUREMENTS(0xe0), size (0xc): 
0000: 13 e0 00 2c aa bb cc dd ee ff 00 2c 
Platform port Transmit command: 00 00 00 01 
Platform port Transmit transport_type: 00 00 00 01 
Platform port Transmit size: 00 00 00 0d 
Platform port Transmit buffer:
    05 13 e0 00 2c aa bb cc dd ee ff 00 2c 
Platform port Receive command: 00 00 00 01 
Platform port Receive transport_type: 00 00 00 01 
Platform port Receive size: 00 00 00 05 
Platform port Receive buffer:
    05 13 7f 01 00 
libspdm_receive_spdm_response[0] msg SPDM_ERROR(0x7f), size (0x4): 
0000: 13 7f 01 00 
index - 0x2d
RequesterContext - aa bb cc dd ee ff 00 2d 
libspdm_send_spdm_request[0] msg SPDM_GET_MEASUREMENTS(0xe0), size (0xc): 
0000: 13 e0 00 2d aa bb cc dd ee ff 00 2d 
Platform port Transmit command: 00 00 00 01 
Platform port Transmit transport_type: 00 00 00 01 
Platform port Transmit size: 00 00 00 0d 
Platform port Transmit buffer:
    05 13 e0 00 2d aa bb cc dd ee ff 00 2d 
Platform port Receive command: 00 00 00 01 
Platform port Receive transport_type: 00 00 00 01 
Platform port Receive size: 00 00 00 05 
Platform port Receive buffer:
    05 13 7f 01 00 
libspdm_receive_spdm_response[0] msg SPDM_ERROR(0x7f), size (0x4): 
0000: 13 7f 01 00 
index - 0x2e
RequesterContext - aa bb cc dd ee ff 00 2e 
libspdm_send_spdm_request[0] msg SPDM_GET_MEASUREMENTS(0xe0), size (0xc): 
0000: 13 e0 00 2e aa bb cc dd ee ff 00 2e 
Platform port Transmit command: 00 00 00 01 
Platform port Transmit transport_type: 00 00 00 01 
Platform port Transmit size: 00 00 00 0d 
Platform port Transmit buffer:
    05 13 e0 00 2e aa bb cc dd ee ff 00 2e 
Platform port Receive command: 00 00 00 01 
Platform port Receive transport_type: 00 00 00 01 
Platform port Receive size: 00 00 00 05 
Platform port Receive buffer:
    05 13 7f 01 00 
libspdm_receive_spdm_response[0] msg SPDM_ERROR(0x7f), size (0x4): 
0000: 13 7f 01 00 
index - 0x2f
RequesterContext - aa bb cc dd ee ff 00 2f 
libspdm_send_spdm_request[0] msg SPDM_GET_MEASUREMENTS(0xe0), size (0xc): 
0000: 13 e0 00 2f aa bb cc dd ee ff 00 2f 
Platform port Transmit command: 00 00 00 01 
Platform port Transmit transport_type: 00 00 00 01 
Platform port Transmit size: 00 00 00 0d 
Platform port Transmit buffer:
    05 13 e0 00 2f aa bb cc dd ee ff 00 2f 
Platform port Receive command: 00 00 00 01 
Platform port Receive transport_type: 00 00 00 01 
Platform port Receive size: 00 00 00 05 
Platform port Receive buffer:
    05 13 7f 01 00 
libspdm_receive_spdm_response[0] msg SPDM_ERROR(0x7f), size (0x4): 
0000: 13 7f 01 00 
index - 0x30
RequesterContext - aa bb cc dd ee ff 00 30 
libspdm_send_spdm_request[0] msg SPDM_GET_MEASUREMENTS(0xe0), size (0xc): 
0000: 13 e0 00 30 aa bb cc dd ee ff 00 30 
Platform port Transmit command: 00 00 00 01 
Platform port Transmit transport_type: 00 00 00 01 
Platform port Transmit size: 00 00 00 0d 
Platform port Transmit buffer:
    05 13 e0 00 30 aa bb cc dd ee ff 00 30 
Platform port Receive command: 00 00 00 01 
Platform port Receive transport_type: 00 00 00 01 
Platform port Receive size: 00 00 00 05 
Platform port Receive buffer:
    05 13 7f 01 00 
libspdm_receive_spdm_response[0] msg SPDM_ERROR(0x7f), size (0x4): 
0000: 13 7f 01 00 
index - 0x31
RequesterContext - aa bb cc dd ee ff 00 31 
libspdm_send_spdm_request[0] msg SPDM_GET_MEASUREMENTS(0xe0), size (0xc): 
0000: 13 e0 00 31 aa bb cc dd ee ff 00 31 
Platform port Transmit command: 00 00 00 01 
Platform port Transmit transport_type: 00 00 00 01 
Platform port Transmit size: 00 00 00 0d 
Platform port Transmit buffer:
    05 13 e0 00 31 aa bb cc dd ee ff 00 31 
Platform port Receive command: 00 00 00 01 
Platform port Receive transport_type: 00 00 00 01 
Platform port Receive size: 00 00 00 05 
Platform port Receive buffer:
    05 13 7f 01 00 
libspdm_receive_spdm_response[0] msg SPDM_ERROR(0x7f), size (0x4): 
0000: 13 7f 01 00 
index - 0x32
RequesterContext - aa bb cc dd ee ff 00 32 
libspdm_send_spdm_request[0] msg SPDM_GET_MEASUREMENTS(0xe0), size (0xc): 
0000: 13 e0 00 32 aa bb cc dd ee ff 00 32 
Platform port Transmit command: 00 00 00 01 
Platform port Transmit transport_type: 00 00 00 01 
Platform port Transmit size: 00 00 00 0d 
Platform port Transmit buffer:
    05 13 e0 00 32 aa bb cc dd ee ff 00 32 
Platform port Receive command: 00 00 00 01 
Platform port Receive transport_type: 00 00 00 01 
Platform port Receive size: 00 00 00 05 
Platform port Receive buffer:
    05 13 7f 01 00 
libspdm_receive_spdm_response[0] msg SPDM_ERROR(0x7f), size (0x4): 
0000: 13 7f 01 00 
index - 0x33
RequesterContext - aa bb cc dd ee ff 00 33 
libspdm_send_spdm_request[0] msg SPDM_GET_MEASUREMENTS(0xe0), size (0xc): 
0000: 13 e0 00 33 aa bb cc dd ee ff 00 33 
Platform port Transmit command: 00 00 00 01 
Platform port Transmit transport_type: 00 00 00 01 
Platform port Transmit size: 00 00 00 0d 
Platform port Transmit buffer:
    05 13 e0 00 33 aa bb cc dd ee ff 00 33 
Platform port Receive command: 00 00 00 01 
Platform port Receive transport_type: 00 00 00 01 
Platform port Receive size: 00 00 00 05 
Platform port Receive buffer:
    05 13 7f 01 00 
libspdm_receive_spdm_response[0] msg SPDM_ERROR(0x7f), size (0x4): 
0000: 13 7f 01 00 
index - 0x34
RequesterContext - aa bb cc dd ee ff 00 34 
libspdm_send_spdm_request[0] msg SPDM_GET_MEASUREMENTS(0xe0), size (0xc): 
0000: 13 e0 00 34 aa bb cc dd ee ff 00 34 
Platform port Transmit command: 00 00 00 01 
Platform port Transmit transport_type: 00 00 00 01 
Platform port Transmit size: 00 00 00 0d 
Platform port Transmit buffer:
    05 13 e0 00 34 aa bb cc dd ee ff 00 34 
Platform port Receive command: 00 00 00 01 
Platform port Receive transport_type: 00 00 00 01 
Platform port Receive size: 00 00 00 05 
Platform port Receive buffer:
    05 13 7f 01 00 
libspdm_receive_spdm_response[0] msg SPDM_ERROR(0x7f), size (0x4): 
0000: 13 7f 01 00 
index - 0x35
RequesterContext - aa bb cc dd ee ff 00 35 
libspdm_send_spdm_request[0] msg SPDM_GET_MEASUREMENTS(0xe0), size (0xc): 
0000: 13 e0 00 35 aa bb cc dd ee ff 00 35 
Platform port Transmit command: 00 00 00 01 
Platform port Transmit transport_type: 00 00 00 01 
Platform port Transmit size: 00 00 00 0d 
Platform port Transmit buffer:
    05 13 e0 00 35 aa bb cc dd ee ff 00 35 
Platform port Receive command: 00 00 00 01 
Platform port Receive transport_type: 00 00 00 01 
Platform port Receive size: 00 00 00 05 
Platform port Receive buffer:
    05 13 7f 01 00 
libspdm_receive_spdm_response[0] msg SPDM_ERROR(0x7f), size (0x4): 
0000: 13 7f 01 00 
index - 0x36
RequesterContext - aa bb cc dd ee ff 00 36 
libspdm_send_spdm_request[0] msg SPDM_GET_MEASUREMENTS(0xe0), size (0xc): 
0000: 13 e0 00 36 aa bb cc dd ee ff 00 36 
Platform port Transmit command: 00 00 00 01 
Platform port Transmit transport_type: 00 00 00 01 
Platform port Transmit size: 00 00 00 0d 
Platform port Transmit buffer:
    05 13 e0 00 36 aa bb cc dd ee ff 00 36 
Platform port Receive command: 00 00 00 01 
Platform port Receive transport_type: 00 00 00 01 
Platform port Receive size: 00 00 00 05 
Platform port Receive buffer:
    05 13 7f 01 00 
libspdm_receive_spdm_response[0] msg SPDM_ERROR(0x7f), size (0x4): 
0000: 13 7f 01 00 
index - 0x37
RequesterContext - aa bb cc dd ee ff 00 37 
libspdm_send_spdm_request[0] msg SPDM_GET_MEASUREMENTS(0xe0), size (0xc): 
0000: 13 e0 00 37 aa bb cc dd ee ff 00 37 
Platform port Transmit command: 00 00 00 01 
Platform port Transmit transport_type: 00 00 00 01 
Platform port Transmit size: 00 00 00 0d 
Platform port Transmit buffer:
    05 13 e0 00 37 aa bb cc dd ee ff 00 37 
Platform port Receive command: 00 00 00 01 
Platform port Receive transport_type: 00 00 00 01 
Platform port Receive size: 00 00 00 05 
Platform port Receive buffer:
    05 13 7f 01 00 
libspdm_receive_spdm_response[0] msg SPDM_ERROR(0x7f), size (0x4): 
0000: 13 7f 01 00 
index - 0x38
RequesterContext - aa bb cc dd ee ff 00 38 
libspdm_send_spdm_request[0] msg SPDM_GET_MEASUREMENTS(0xe0), size (0xc): 
0000: 13 e0 00 38 aa bb cc dd ee ff 00 38 
Platform port Transmit command: 00 00 00 01 
Platform port Transmit transport_type: 00 00 00 01 
Platform port Transmit size: 00 00 00 0d 
Platform port Transmit buffer:
    05 13 e0 00 38 aa bb cc dd ee ff 00 38 
Platform port Receive command: 00 00 00 01 
Platform port Receive transport_type: 00 00 00 01 
Platform port Receive size: 00 00 00 05 
Platform port Receive buffer:
    05 13 7f 01 00 
libspdm_receive_spdm_response[0] msg SPDM_ERROR(0x7f), size (0x4): 
0000: 13 7f 01 00 
index - 0x39
RequesterContext - aa bb cc dd ee ff 00 39 
libspdm_send_spdm_request[0] msg SPDM_GET_MEASUREMENTS(0xe0), size (0xc): 
0000: 13 e0 00 39 aa bb cc dd ee ff 00 39 
Platform port Transmit command: 00 00 00 01 
Platform port Transmit transport_type: 00 00 00 01 
Platform port Transmit size: 00 00 00 0d 
Platform port Transmit buffer:
    05 13 e0 00 39 aa bb cc dd ee ff 00 39 
Platform port Receive command: 00 00 00 01 
Platform port Receive transport_type: 00 00 00 01 
Platform port Receive size: 00 00 00 05 
Platform port Receive buffer:
    05 13 7f 01 00 
libspdm_receive_spdm_response[0] msg SPDM_ERROR(0x7f), size (0x4): 
0000: 13 7f 01 00 
index - 0x3a
RequesterContext - aa bb cc dd ee ff 00 3a 
libspdm_send_spdm_request[0] msg SPDM_GET_MEASUREMENTS(0xe0), size (0xc): 
0000: 13 e0 00 3a aa bb cc dd ee ff 00 3a 
Platform port Transmit command: 00 00 00 01 
Platform port Transmit transport_type: 00 00 00 01 
Platform port Transmit size: 00 00 00 0d 
Platform port Transmit buffer:
    05 13 e0 00 3a aa bb cc dd ee ff 00 3a 
Platform port Receive command: 00 00 00 01 
Platform port Receive transport_type: 00 00 00 01 
Platform port Receive size: 00 00 00 05 
Platform port Receive buffer:
    05 13 7f 01 00 
libspdm_receive_spdm_response[0] msg SPDM_ERROR(0x7f), size (0x4): 
0000: 13 7f 01 00 
index - 0x3b
RequesterContext - aa bb cc dd ee ff 00 3b 
libspdm_send_spdm_request[0] msg SPDM_GET_MEASUREMENTS(0xe0), size (0xc): 
0000: 13 e0 00 3b aa bb cc dd ee ff 00 3b 
Platform port Transmit command: 00 00 00 01 
Platform port Transmit transport_type: 00 00 00 01 
Platform port Transmit size: 00 00 00 0d 
Platform port Transmit buffer:
    05 13 e0 00 3b aa bb cc dd ee ff 00 3b 
Platform port Receive command: 00 00 00 01 
Platform port Receive transport_type: 00 00 00 01 
Platform port Receive size: 00 00 00 05 
Platform port Receive buffer:
    05 13 7f 01 00 
libspdm_receive_spdm_response[0] msg SPDM_ERROR(0x7f), size (0x4): 
0000: 13 7f 01 00 
index - 0x3c
RequesterContext - aa bb cc dd ee ff 00 3c 
libspdm_send_spdm_request[0] msg SPDM_GET_MEASUREMENTS(0xe0), size (0xc): 
0000: 13 e0 00 3c aa bb cc dd ee ff 00 3c 
Platform port Transmit command: 00 00 00 01 
Platform port Transmit transport_type: 00 00 00 01 
Platform port Transmit size: 00 00 00 0d 
Platform port Transmit buffer:
    05 13 e0 00 3c aa bb cc dd ee ff 00 3c 
Platform port Receive command: 00 00 00 01 
Platform port Receive transport_type: 00 00 00 01 
Platform port Receive size: 00 00 00 05 
Platform port Receive buffer:
    05 13 7f 01 00 
libspdm_receive_spdm_response[0] msg SPDM_ERROR(0x7f), size (0x4): 
0000: 13 7f 01 00 
index - 0x3d
RequesterContext - aa bb cc dd ee ff 00 3d 
libspdm_send_spdm_request[0] msg SPDM_GET_MEASUREMENTS(0xe0), size (0xc): 
0000: 13 e0 00 3d aa bb cc dd ee ff 00 3d 
Platform port Transmit command: 00 00 00 01 
Platform port Transmit transport_type: 00 00 00 01 
Platform port Transmit size: 00 00 00 0d 
Platform port Transmit buffer:
    05 13 e0 00 3d aa bb cc dd ee ff 00 3d 
Platform port Receive command: 00 00 00 01 
Platform port Receive transport_type: 00 00 00 01 
Platform port Receive size: 00 00 00 05 
Platform port Receive buffer:
    05 13 7f 01 00 
libspdm_receive_spdm_response[0] msg SPDM_ERROR(0x7f), size (0x4): 
0000: 13 7f 01 00 
index - 0x3e
RequesterContext - aa bb cc dd ee ff 00 3e 
libspdm_send_spdm_request[0] msg SPDM_GET_MEASUREMENTS(0xe0), size (0xc): 
0000: 13 e0 00 3e aa bb cc dd ee ff 00 3e 
Platform port Transmit command: 00 00 00 01 
Platform port Transmit transport_type: 00 00 00 01 
Platform port Transmit size: 00 00 00 0d 
Platform port Transmit buffer:
    05 13 e0 00 3e aa bb cc dd ee ff 00 3e 
Platform port Receive command: 00 00 00 01 
Platform port Receive transport_type: 00 00 00 01 
Platform port Receive size: 00 00 00 05 
Platform port Receive buffer:
    05 13 7f 01 00 
libspdm_receive_spdm_response[0] msg SPDM_ERROR(0x7f), size (0x4): 
0000: 13 7f 01 00 
index - 0x3f
RequesterContext - aa bb cc dd ee ff 00 3f 
libspdm_send_spdm_request[0] msg SPDM_GET_MEASUREMENTS(0xe0), size (0xc): 
0000: 13 e0 00 3f aa bb cc dd ee ff 00 3f 
Platform port Transmit command: 00 00 00 01 
Platform port Transmit transport_type: 00 00 00 01 
Platform port Transmit size: 00 00 00 0d 
Platform port Transmit buffer:
    05 13 e0 00 3f aa bb cc dd ee ff 00 3f 
Platform port Receive command: 00 00 00 01 
Platform port Receive transport_type: 00 00 00 01 
Platform port Receive size: 00 00 00 05 
Platform port Receive buffer:
    05 13 7f 01 00 
libspdm_receive_spdm_response[0] msg SPDM_ERROR(0x7f), size (0x4): 
0000: 13 7f 01 00 
index - 0x40
RequesterContext - aa bb cc dd ee ff 00 40 
libspdm_send_spdm_request[0] msg SPDM_GET_MEASUREMENTS(0xe0), size (0xc): 
0000: 13 e0 00 40 aa bb cc dd ee ff 00 40 
Platform port Transmit command: 00 00 00 01 
Platform port Transmit transport_type: 00 00 00 01 
Platform port Transmit size: 00 00 00 0d 
Platform port Transmit buffer:
    05 13 e0 00 40 aa bb cc dd ee ff 00 40 
Platform port Receive command: 00 00 00 01 
Platform port Receive transport_type: 00 00 00 01 
Platform port Receive size: 00 00 00 05 
Platform port Receive buffer:
    05 13 7f 01 00 
libspdm_receive_spdm_response[0] msg SPDM_ERROR(0x7f), size (0x4): 
0000: 13 7f 01 00 
index - 0x41
RequesterContext - aa bb cc dd ee ff 00 41 
libspdm_send_spdm_request[0] msg SPDM_GET_MEASUREMENTS(0xe0), size (0xc): 
0000: 13 e0 00 41 aa bb cc dd ee ff 00 41 
Platform port Transmit command: 00 00 00 01 
Platform port Transmit transport_type: 00 00 00 01 
Platform port Transmit size: 00 00 00 0d 
Platform port Transmit buffer:
    05 13 e0 00 41 aa bb cc dd ee ff 00 41 
Platform port Receive command: 00 00 00 01 
Platform port Receive transport_type: 00 00 00 01 
Platform port Receive size: 00 00 00 05 
Platform port Receive buffer:
    05 13 7f 01 00 
libspdm_receive_spdm_response[0] msg SPDM_ERROR(0x7f), size (0x4): 
0000: 13 7f 01 00 
index - 0x42
RequesterContext - aa bb cc dd ee ff 00 42 
libspdm_send_spdm_request[0] msg SPDM_GET_MEASUREMENTS(0xe0), size (0xc): 
0000: 13 e0 00 42 aa bb cc dd ee ff 00 42 
Platform port Transmit command: 00 00 00 01 
Platform port Transmit transport_type: 00 00 00 01 
Platform port Transmit size: 00 00 00 0d 
Platform port Transmit buffer:
    05 13 e0 00 42 aa bb cc dd ee ff 00 42 
Platform port Receive command: 00 00 00 01 
Platform port Receive transport_type: 00 00 00 01 
Platform port Receive size: 00 00 00 05 
Platform port Receive buffer:
    05 13 7f 01 00 
libspdm_receive_spdm_response[0] msg SPDM_ERROR(0x7f), size (0x4): 
0000: 13 7f 01 00 
index - 0x43
RequesterContext - aa bb cc dd ee ff 00 43 
libspdm_send_spdm_request[0] msg SPDM_GET_MEASUREMENTS(0xe0), size (0xc): 
0000: 13 e0 00 43 aa bb cc dd ee ff 00 43 
Platform port Transmit command: 00 00 00 01 
Platform port Transmit transport_type: 00 00 00 01 
Platform port Transmit size: 00 00 00 0d 
Platform port Transmit buffer:
    05 13 e0 00 43 aa bb cc dd ee ff 00 43 
Platform port Receive command: 00 00 00 01 
Platform port Receive transport_type: 00 00 00 01 
Platform port Receive size: 00 00 00 05 
Platform port Receive buffer:
    05 13 7f 01 00 
libspdm_receive_spdm_response[0] msg SPDM_ERROR(0x7f), size (0x4): 
0000: 13 7f 01 00 
index - 0x44
RequesterContext - aa bb cc dd ee ff 00 44 
libspdm_send_spdm_request[0] msg SPDM_GET_MEASUREMENTS(0xe0), size (0xc): 
0000: 13 e0 00 44 aa bb cc dd ee ff 00 44 
Platform port Transmit command: 00 00 00 01 
Platform port Transmit transport_type: 00 00 00 01 
Platform port Transmit size: 00 00 00 0d 
Platform port Transmit buffer:
    05 13 e0 00 44 aa bb cc dd ee ff 00 44 
Platform port Receive command: 00 00 00 01 
Platform port Receive transport_type: 00 00 00 01 
Platform port Receive size: 00 00 00 05 
Platform port Receive buffer:
    05 13 7f 01 00 
libspdm_receive_spdm_response[0] msg SPDM_ERROR(0x7f), size (0x4): 
0000: 13 7f 01 00 
index - 0x45
RequesterContext - aa bb cc dd ee ff 00 45 
libspdm_send_spdm_request[0] msg SPDM_GET_MEASUREMENTS(0xe0), size (0xc): 
0000: 13 e0 00 45 aa bb cc dd ee ff 00 45 
Platform port Transmit command: 00 00 00 01 
Platform port Transmit transport_type: 00 00 00 01 
Platform port Transmit size: 00 00 00 0d 
Platform port Transmit buffer:
    05 13 e0 00 45 aa bb cc dd ee ff 00 45 
Platform port Receive command: 00 00 00 01 
Platform port Receive transport_type: 00 00 00 01 
Platform port Receive size: 00 00 00 05 
Platform port Receive buffer:
    05 13 7f 01 00 
libspdm_receive_spdm_response[0] msg SPDM_ERROR(0x7f), size (0x4): 
0000: 13 7f 01 00 
index - 0x46
RequesterContext - aa bb cc dd ee ff 00 46 
libspdm_send_spdm_request[0] msg SPDM_GET_MEASUREMENTS(0xe0), size (0xc): 
0000: 13 e0 00 46 aa bb cc dd ee ff 00 46 
Platform port Transmit command: 00 00 00 01 
Platform port Transmit transport_type: 00 00 00 01 
Platform port Transmit size: 00 00 00 0d 
Platform port Transmit buffer:
    05 13 e0 00 46 aa bb cc dd ee ff 00 46 
Platform port Receive command: 00 00 00 01 
Platform port Receive transport_type: 00 00 00 01 
Platform port Receive size: 00 00 00 05 
Platform port Receive buffer:
    05 13 7f 01 00 
libspdm_receive_spdm_response[0] msg SPDM_ERROR(0x7f), size (0x4): 
0000: 13 7f 01 00 
index - 0x47
RequesterContext - aa bb cc dd ee ff 00 47 
libspdm_send_spdm_request[0] msg SPDM_GET_MEASUREMENTS(0xe0), size (0xc): 
0000: 13 e0 00 47 aa bb cc dd ee ff 00 47 
Platform port Transmit command: 00 00 00 01 
Platform port Transmit transport_type: 00 00 00 01 
Platform port Transmit size: 00 00 00 0d 
Platform port Transmit buffer:
    05 13 e0 00 47 aa bb cc dd ee ff 00 47 
Platform port Receive command: 00 00 00 01 
Platform port Receive transport_type: 00 00 00 01 
Platform port Receive size: 00 00 00 05 
Platform port Receive buffer:
    05 13 7f 01 00 
libspdm_receive_spdm_response[0] msg SPDM_ERROR(0x7f), size (0x4): 
0000: 13 7f 01 00 
index - 0x48
RequesterContext - aa bb cc dd ee ff 00 48 
libspdm_send_spdm_request[0] msg SPDM_GET_MEASUREMENTS(0xe0), size (0xc): 
0000: 13 e0 00 48 aa bb cc dd ee ff 00 48 
Platform port Transmit command: 00 00 00 01 
Platform port Transmit transport_type: 00 00 00 01 
Platform port Transmit size: 00 00 00 0d 
Platform port Transmit buffer:
    05 13 e0 00 48 aa bb cc dd ee ff 00 48 
Platform port Receive command: 00 00 00 01 
Platform port Receive transport_type: 00 00 00 01 
Platform port Receive size: 00 00 00 05 
Platform port Receive buffer:
    05 13 7f 01 00 
libspdm_receive_spdm_response[0] msg SPDM_ERROR(0x7f), size (0x4): 
0000: 13 7f 01 00 
index - 0x49
RequesterContext - aa bb cc dd ee ff 00 49 
libspdm_send_spdm_request[0] msg SPDM_GET_MEASUREMENTS(0xe0), size (0xc): 
0000: 13 e0 00 49 aa bb cc dd ee ff 00 49 
Platform port Transmit command: 00 00 00 01 
Platform port Transmit transport_type: 00 00 00 01 
Platform port Transmit size: 00 00 00 0d 
Platform port Transmit buffer:
    05 13 e0 00 49 aa bb cc dd ee ff 00 49 
Platform port Receive command: 00 00 00 01 
Platform port Receive transport_type: 00 00 00 01 
Platform port Receive size: 00 00 00 05 
Platform port Receive buffer:
    05 13 7f 01 00 
libspdm_receive_spdm_response[0] msg SPDM_ERROR(0x7f), size (0x4): 
0000: 13 7f 01 00 
index - 0x4a
RequesterContext - aa bb cc dd ee ff 00 4a 
libspdm_send_spdm_request[0] msg SPDM_GET_MEASUREMENTS(0xe0), size (0xc): 
0000: 13 e0 00 4a aa bb cc dd ee ff 00 4a 
Platform port Transmit command: 00 00 00 01 
Platform port Transmit transport_type: 00 00 00 01 
Platform port Transmit size: 00 00 00 0d 
Platform port Transmit buffer:
    05 13 e0 00 4a aa bb cc dd ee ff 00 4a 
Platform port Receive command: 00 00 00 01 
Platform port Receive transport_type: 00 00 00 01 
Platform port Receive size: 00 00 00 05 
Platform port Receive buffer:
    05 13 7f 01 00 
libspdm_receive_spdm_response[0] msg SPDM_ERROR(0x7f), size (0x4): 
0000: 13 7f 01 00 
index - 0x4b
RequesterContext - aa bb cc dd ee ff 00 4b 
libspdm_send_spdm_request[0] msg SPDM_GET_MEASUREMENTS(0xe0), size (0xc): 
0000: 13 e0 00 4b aa bb cc dd ee ff 00 4b 
Platform port Transmit command: 00 00 00 01 
Platform port Transmit transport_type: 00 00 00 01 
Platform port Transmit size: 00 00 00 0d 
Platform port Transmit buffer:
    05 13 e0 00 4b aa bb cc dd ee ff 00 4b 
Platform port Receive command: 00 00 00 01 
Platform port Receive transport_type: 00 00 00 01 
Platform port Receive size: 00 00 00 05 
Platform port Receive buffer:
    05 13 7f 01 00 
libspdm_receive_spdm_response[0] msg SPDM_ERROR(0x7f), size (0x4): 
0000: 13 7f 01 00 
index - 0x4c
RequesterContext - aa bb cc dd ee ff 00 4c 
libspdm_send_spdm_request[0] msg SPDM_GET_MEASUREMENTS(0xe0), size (0xc): 
0000: 13 e0 00 4c aa bb cc dd ee ff 00 4c 
Platform port Transmit command: 00 00 00 01 
Platform port Transmit transport_type: 00 00 00 01 
Platform port Transmit size: 00 00 00 0d 
Platform port Transmit buffer:
    05 13 e0 00 4c aa bb cc dd ee ff 00 4c 
Platform port Receive command: 00 00 00 01 
Platform port Receive transport_type: 00 00 00 01 
Platform port Receive size: 00 00 00 05 
Platform port Receive buffer:
    05 13 7f 01 00 
libspdm_receive_spdm_response[0] msg SPDM_ERROR(0x7f), size (0x4): 
0000: 13 7f 01 00 
index - 0x4d
RequesterContext - aa bb cc dd ee ff 00 4d 
libspdm_send_spdm_request[0] msg SPDM_GET_MEASUREMENTS(0xe0), size (0xc): 
0000: 13 e0 00 4d aa bb cc dd ee ff 00 4d 
Platform port Transmit command: 00 00 00 01 
Platform port Transmit transport_type: 00 00 00 01 
Platform port Transmit size: 00 00 00 0d 
Platform port Transmit buffer:
    05 13 e0 00 4d aa bb cc dd ee ff 00 4d 
Platform port Receive command: 00 00 00 01 
Platform port Receive transport_type: 00 00 00 01 
Platform port Receive size: 00 00 00 05 
Platform port Receive buffer:
    05 13 7f 01 00 
libspdm_receive_spdm_response[0] msg SPDM_ERROR(0x7f), size (0x4): 
0000: 13 7f 01 00 
index - 0x4e
RequesterContext - aa bb cc dd ee ff 00 4e 
libspdm_send_spdm_request[0] msg SPDM_GET_MEASUREMENTS(0xe0), size (0xc): 
0000: 13 e0 00 4e aa bb cc dd ee ff 00 4e 
Platform port Transmit command: 00 00 00 01 
Platform port Transmit transport_type: 00 00 00 01 
Platform port Transmit size: 00 00 00 0d 
Platform port Transmit buffer:
    05 13 e0 00 4e aa bb cc dd ee ff 00 4e 
Platform port Receive command: 00 00 00 01 
Platform port Receive transport_type: 00 00 00 01 
Platform port Receive size: 00 00 00 05 
Platform port Receive buffer:
    05 13 7f 01 00 
libspdm_receive_spdm_response[0] msg SPDM_ERROR(0x7f), size (0x4): 
0000: 13 7f 01 00 
index - 0x4f
RequesterContext - aa bb cc dd ee ff 00 4f 
libspdm_send_spdm_request[0] msg SPDM_GET_MEASUREMENTS(0xe0), size (0xc): 
0000: 13 e0 00 4f aa bb cc dd ee ff 00 4f 
Platform port Transmit command: 00 00 00 01 
Platform port Transmit transport_type: 00 00 00 01 
Platform port Transmit size: 00 00 00 0d 
Platform port Transmit buffer:
    05 13 e0 00 4f aa bb cc dd ee ff 00 4f 
Platform port Receive command: 00 00 00 01 
Platform port Receive transport_type: 00 00 00 01 
Platform port Receive size: 00 00 00 05 
Platform port Receive buffer:
    05 13 7f 01 00 
libspdm_receive_spdm_response[0] msg SPDM_ERROR(0x7f), size (0x4): 
0000: 13 7f 01 00 
index - 0x50
RequesterContext - aa bb cc dd ee ff 00 50 
libspdm_send_spdm_request[0] msg SPDM_GET_MEASUREMENTS(0xe0), size (0xc): 
0000: 13 e0 00 50 aa bb cc dd ee ff 00 50 
Platform port Transmit command: 00 00 00 01 
Platform port Transmit transport_type: 00 00 00 01 
Platform port Transmit size: 00 00 00 0d 
Platform port Transmit buffer:
    05 13 e0 00 50 aa bb cc dd ee ff 00 50 
Platform port Receive command: 00 00 00 01 
Platform port Receive transport_type: 00 00 00 01 
Platform port Receive size: 00 00 00 05 
Platform port Receive buffer:
    05 13 7f 01 00 
libspdm_receive_spdm_response[0] msg SPDM_ERROR(0x7f), size (0x4): 
0000: 13 7f 01 00 
index - 0x51
RequesterContext - aa bb cc dd ee ff 00 51 
libspdm_send_spdm_request[0] msg SPDM_GET_MEASUREMENTS(0xe0), size (0xc): 
0000: 13 e0 00 51 aa bb cc dd ee ff 00 51 
Platform port Transmit command: 00 00 00 01 
Platform port Transmit transport_type: 00 00 00 01 
Platform port Transmit size: 00 00 00 0d 
Platform port Transmit buffer:
    05 13 e0 00 51 aa bb cc dd ee ff 00 51 
Platform port Receive command: 00 00 00 01 
Platform port Receive transport_type: 00 00 00 01 
Platform port Receive size: 00 00 00 05 
Platform port Receive buffer:
    05 13 7f 01 00 
libspdm_receive_spdm_response[0] msg SPDM_ERROR(0x7f), size (0x4): 
0000: 13 7f 01 00 
index - 0x52
RequesterContext - aa bb cc dd ee ff 00 52 
libspdm_send_spdm_request[0] msg SPDM_GET_MEASUREMENTS(0xe0), size (0xc): 
0000: 13 e0 00 52 aa bb cc dd ee ff 00 52 
Platform port Transmit command: 00 00 00 01 
Platform port Transmit transport_type: 00 00 00 01 
Platform port Transmit size: 00 00 00 0d 
Platform port Transmit buffer:
    05 13 e0 00 52 aa bb cc dd ee ff 00 52 
Platform port Receive command: 00 00 00 01 
Platform port Receive transport_type: 00 00 00 01 
Platform port Receive size: 00 00 00 05 
Platform port Receive buffer:
    05 13 7f 01 00 
libspdm_receive_spdm_response[0] msg SPDM_ERROR(0x7f), size (0x4): 
0000: 13 7f 01 00 
index - 0x53
RequesterContext - aa bb cc dd ee ff 00 53 
libspdm_send_spdm_request[0] msg SPDM_GET_MEASUREMENTS(0xe0), size (0xc): 
0000: 13 e0 00 53 aa bb cc dd ee ff 00 53 
Platform port Transmit command: 00 00 00 01 
Platform port Transmit transport_type: 00 00 00 01 
Platform port Transmit size: 00 00 00 0d 
Platform port Transmit buffer:
    05 13 e0 00 53 aa bb cc dd ee ff 00 53 
Platform port Receive command: 00 00 00 01 
Platform port Receive transport_type: 00 00 00 01 
Platform port Receive size: 00 00 00 05 
Platform port Receive buffer:
    05 13 7f 01 00 
libspdm_receive_spdm_response[0] msg SPDM_ERROR(0x7f), size (0x4): 
0000: 13 7f 01 00 
index - 0x54
RequesterContext - aa bb cc dd ee ff 00 54 
libspdm_send_spdm_request[0] msg SPDM_GET_MEASUREMENTS(0xe0), size (0xc): 
0000: 13 e0 00 54 aa bb cc dd ee ff 00 54 
Platform port Transmit command: 00 00 00 01 
Platform port Transmit transport_type: 00 00 00 01 
Platform port Transmit size: 00 00 00 0d 
Platform port Transmit buffer:
    05 13 e0 00 54 aa bb cc dd ee ff 00 54 
Platform port Receive command: 00 00 00 01 
Platform port Receive transport_type: 00 00 00 01 
Platform port Receive size: 00 00 00 05 
Platform port Receive buffer:
    05 13 7f 01 00 
libspdm_receive_spdm_response[0] msg SPDM_ERROR(0x7f), size (0x4): 
0000: 13 7f 01 00 
index - 0x55
RequesterContext - aa bb cc dd ee ff 00 55 
libspdm_send_spdm_request[0] msg SPDM_GET_MEASUREMENTS(0xe0), size (0xc): 
0000: 13 e0 00 55 aa bb cc dd ee ff 00 55 
Platform port Transmit command: 00 00 00 01 
Platform port Transmit transport_type: 00 00 00 01 
Platform port Transmit size: 00 00 00 0d 
Platform port Transmit buffer:
    05 13 e0 00 55 aa bb cc dd ee ff 00 55 
Platform port Receive command: 00 00 00 01 
Platform port Receive transport_type: 00 00 00 01 
Platform port Receive size: 00 00 00 05 
Platform port Receive buffer:
    05 13 7f 01 00 
libspdm_receive_spdm_response[0] msg SPDM_ERROR(0x7f), size (0x4): 
0000: 13 7f 01 00 
index - 0x56
RequesterContext - aa bb cc dd ee ff 00 56 
libspdm_send_spdm_request[0] msg SPDM_GET_MEASUREMENTS(0xe0), size (0xc): 
0000: 13 e0 00 56 aa bb cc dd ee ff 00 56 
Platform port Transmit command: 00 00 00 01 
Platform port Transmit transport_type: 00 00 00 01 
Platform port Transmit size: 00 00 00 0d 
Platform port Transmit buffer:
    05 13 e0 00 56 aa bb cc dd ee ff 00 56 
Platform port Receive command: 00 00 00 01 
Platform port Receive transport_type: 00 00 00 01 
Platform port Receive size: 00 00 00 05 
Platform port Receive buffer:
    05 13 7f 01 00 
libspdm_receive_spdm_response[0] msg SPDM_ERROR(0x7f), size (0x4): 
0000: 13 7f 01 00 
index - 0x57
RequesterContext - aa bb cc dd ee ff 00 57 
libspdm_send_spdm_request[0] msg SPDM_GET_MEASUREMENTS(0xe0), size (0xc): 
0000: 13 e0 00 57 aa bb cc dd ee ff 00 57 
Platform port Transmit command: 00 00 00 01 
Platform port Transmit transport_type: 00 00 00 01 
Platform port Transmit size: 00 00 00 0d 
Platform port Transmit buffer:
    05 13 e0 00 57 aa bb cc dd ee ff 00 57 
Platform port Receive command: 00 00 00 01 
Platform port Receive transport_type: 00 00 00 01 
Platform port Receive size: 00 00 00 05 
Platform port Receive buffer:
    05 13 7f 01 00 
libspdm_receive_spdm_response[0] msg SPDM_ERROR(0x7f), size (0x4): 
0000: 13 7f 01 00 
index - 0x58
RequesterContext - aa bb cc dd ee ff 00 58 
libspdm_send_spdm_request[0] msg SPDM_GET_MEASUREMENTS(0xe0), size (0xc): 
0000: 13 e0 00 58 aa bb cc dd ee ff 00 58 
Platform port Transmit command: 00 00 00 01 
Platform port Transmit transport_type: 00 00 00 01 
Platform port Transmit size: 00 00 00 0d 
Platform port Transmit buffer:
    05 13 e0 00 58 aa bb cc dd ee ff 00 58 
Platform port Receive command: 00 00 00 01 
Platform port Receive transport_type: 00 00 00 01 
Platform port Receive size: 00 00 00 05 
Platform port Receive buffer:
    05 13 7f 01 00 
libspdm_receive_spdm_response[0] msg SPDM_ERROR(0x7f), size (0x4): 
0000: 13 7f 01 00 
index - 0x59
RequesterContext - aa bb cc dd ee ff 00 59 
libspdm_send_spdm_request[0] msg SPDM_GET_MEASUREMENTS(0xe0), size (0xc): 
0000: 13 e0 00 59 aa bb cc dd ee ff 00 59 
Platform port Transmit command: 00 00 00 01 
Platform port Transmit transport_type: 00 00 00 01 
Platform port Transmit size: 00 00 00 0d 
Platform port Transmit buffer:
    05 13 e0 00 59 aa bb cc dd ee ff 00 59 
Platform port Receive command: 00 00 00 01 
Platform port Receive transport_type: 00 00 00 01 
Platform port Receive size: 00 00 00 05 
Platform port Receive buffer:
    05 13 7f 01 00 
libspdm_receive_spdm_response[0] msg SPDM_ERROR(0x7f), size (0x4): 
0000: 13 7f 01 00 
index - 0x5a
RequesterContext - aa bb cc dd ee ff 00 5a 
libspdm_send_spdm_request[0] msg SPDM_GET_MEASUREMENTS(0xe0), size (0xc): 
0000: 13 e0 00 5a aa bb cc dd ee ff 00 5a 
Platform port Transmit command: 00 00 00 01 
Platform port Transmit transport_type: 00 00 00 01 
Platform port Transmit size: 00 00 00 0d 
Platform port Transmit buffer:
    05 13 e0 00 5a aa bb cc dd ee ff 00 5a 
Platform port Receive command: 00 00 00 01 
Platform port Receive transport_type: 00 00 00 01 
Platform port Receive size: 00 00 00 05 
Platform port Receive buffer:
    05 13 7f 01 00 
libspdm_receive_spdm_response[0] msg SPDM_ERROR(0x7f), size (0x4): 
0000: 13 7f 01 00 
index - 0x5b
RequesterContext - aa bb cc dd ee ff 00 5b 
libspdm_send_spdm_request[0] msg SPDM_GET_MEASUREMENTS(0xe0), size (0xc): 
0000: 13 e0 00 5b aa bb cc dd ee ff 00 5b 
Platform port Transmit command: 00 00 00 01 
Platform port Transmit transport_type: 00 00 00 01 
Platform port Transmit size: 00 00 00 0d 
Platform port Transmit buffer:
    05 13 e0 00 5b aa bb cc dd ee ff 00 5b 
Platform port Receive command: 00 00 00 01 
Platform port Receive transport_type: 00 00 00 01 
Platform port Receive size: 00 00 00 05 
Platform port Receive buffer:
    05 13 7f 01 00 
libspdm_receive_spdm_response[0] msg SPDM_ERROR(0x7f), size (0x4): 
0000: 13 7f 01 00 
index - 0x5c
RequesterContext - aa bb cc dd ee ff 00 5c 
libspdm_send_spdm_request[0] msg SPDM_GET_MEASUREMENTS(0xe0), size (0xc): 
0000: 13 e0 00 5c aa bb cc dd ee ff 00 5c 
Platform port Transmit command: 00 00 00 01 
Platform port Transmit transport_type: 00 00 00 01 
Platform port Transmit size: 00 00 00 0d 
Platform port Transmit buffer:
    05 13 e0 00 5c aa bb cc dd ee ff 00 5c 
Platform port Receive command: 00 00 00 01 
Platform port Receive transport_type: 00 00 00 01 
Platform port Receive size: 00 00 00 05 
Platform port Receive buffer:
    05 13 7f 01 00 
libspdm_receive_spdm_response[0] msg SPDM_ERROR(0x7f), size (0x4): 
0000: 13 7f 01 00 
index - 0x5d
RequesterContext - aa bb cc dd ee ff 00 5d 
libspdm_send_spdm_request[0] msg SPDM_GET_MEASUREMENTS(0xe0), size (0xc): 
0000: 13 e0 00 5d aa bb cc dd ee ff 00 5d 
Platform port Transmit command: 00 00 00 01 
Platform port Transmit transport_type: 00 00 00 01 
Platform port Transmit size: 00 00 00 0d 
Platform port Transmit buffer:
    05 13 e0 00 5d aa bb cc dd ee ff 00 5d 
Platform port Receive command: 00 00 00 01 
Platform port Receive transport_type: 00 00 00 01 
Platform port Receive size: 00 00 00 05 
Platform port Receive buffer:
    05 13 7f 01 00 
libspdm_receive_spdm_response[0] msg SPDM_ERROR(0x7f), size (0x4): 
0000: 13 7f 01 00 
index - 0x5e
RequesterContext - aa bb cc dd ee ff 00 5e 
libspdm_send_spdm_request[0] msg SPDM_GET_MEASUREMENTS(0xe0), size (0xc): 
0000: 13 e0 00 5e aa bb cc dd ee ff 00 5e 
Platform port Transmit command: 00 00 00 01 
Platform port Transmit transport_type: 00 00 00 01 
Platform port Transmit size: 00 00 00 0d 
Platform port Transmit buffer:
    05 13 e0 00 5e aa bb cc dd ee ff 00 5e 
Platform port Receive command: 00 00 00 01 
Platform port Receive transport_type: 00 00 00 01 
Platform port Receive size: 00 00 00 05 
Platform port Receive buffer:
    05 13 7f 01 00 
libspdm_receive_spdm_response[0] msg SPDM_ERROR(0x7f), size (0x4): 
0000: 13 7f 01 00 
index - 0x5f
RequesterContext - aa bb cc dd ee ff 00 5f 
libspdm_send_spdm_request[0] msg SPDM_GET_MEASUREMENTS(0xe0), size (0xc): 
0000: 13 e0 00 5f aa bb cc dd ee ff 00 5f 
Platform port Transmit command: 00 00 00 01 
Platform port Transmit transport_type: 00 00 00 01 
Platform port Transmit size: 00 00 00 0d 
Platform port Transmit buffer:
    05 13 e0 00 5f aa bb cc dd ee ff 00 5f 
Platform port Receive command: 00 00 00 01 
Platform port Receive transport_type: 00 00 00 01 
Platform port Receive size: 00 00 00 05 
Platform port Receive buffer:
    05 13 7f 01 00 
libspdm_receive_spdm_response[0] msg SPDM_ERROR(0x7f), size (0x4): 
0000: 13 7f 01 00 
index - 0x60
RequesterContext - aa bb cc dd ee ff 00 60 
libspdm_send_spdm_request[0] msg SPDM_GET_MEASUREMENTS(0xe0), size (0xc): 
0000: 13 e0 00 60 aa bb cc dd ee ff 00 60 
Platform port Transmit command: 00 00 00 01 
Platform port Transmit transport_type: 00 00 00 01 
Platform port Transmit size: 00 00 00 0d 
Platform port Transmit buffer:
    05 13 e0 00 60 aa bb cc dd ee ff 00 60 
Platform port Receive command: 00 00 00 01 
Platform port Receive transport_type: 00 00 00 01 
Platform port Receive size: 00 00 00 05 
Platform port Receive buffer:
    05 13 7f 01 00 
libspdm_receive_spdm_response[0] msg SPDM_ERROR(0x7f), size (0x4): 
0000: 13 7f 01 00 
index - 0x61
RequesterContext - aa bb cc dd ee ff 00 61 
libspdm_send_spdm_request[0] msg SPDM_GET_MEASUREMENTS(0xe0), size (0xc): 
0000: 13 e0 00 61 aa bb cc dd ee ff 00 61 
Platform port Transmit command: 00 00 00 01 
Platform port Transmit transport_type: 00 00 00 01 
Platform port Transmit size: 00 00 00 0d 
Platform port Transmit buffer:
    05 13 e0 00 61 aa bb cc dd ee ff 00 61 
Platform port Receive command: 00 00 00 01 
Platform port Receive transport_type: 00 00 00 01 
Platform port Receive size: 00 00 00 05 
Platform port Receive buffer:
    05 13 7f 01 00 
libspdm_receive_spdm_response[0] msg SPDM_ERROR(0x7f), size (0x4): 
0000: 13 7f 01 00 
index - 0x62
RequesterContext - aa bb cc dd ee ff 00 62 
libspdm_send_spdm_request[0] msg SPDM_GET_MEASUREMENTS(0xe0), size (0xc): 
0000: 13 e0 00 62 aa bb cc dd ee ff 00 62 
Platform port Transmit command: 00 00 00 01 
Platform port Transmit transport_type: 00 00 00 01 
Platform port Transmit size: 00 00 00 0d 
Platform port Transmit buffer:
    05 13 e0 00 62 aa bb cc dd ee ff 00 62 
Platform port Receive command: 00 00 00 01 
Platform port Receive transport_type: 00 00 00 01 
Platform port Receive size: 00 00 00 05 
Platform port Receive buffer:
    05 13 7f 01 00 
libspdm_receive_spdm_response[0] msg SPDM_ERROR(0x7f), size (0x4): 
0000: 13 7f 01 00 
index - 0x63
RequesterContext - aa bb cc dd ee ff 00 63 
libspdm_send_spdm_request[0] msg SPDM_GET_MEASUREMENTS(0xe0), size (0xc): 
0000: 13 e0 00 63 aa bb cc dd ee ff 00 63 
Platform port Transmit command: 00 00 00 01 
Platform port Transmit transport_type: 00 00 00 01 
Platform port Transmit size: 00 00 00 0d 
Platform port Transmit buffer:
    05 13 e0 00 63 aa bb cc dd ee ff 00 63 
Platform port Receive command: 00 00 00 01 
Platform port Receive transport_type: 00 00 00 01 
Platform port Receive size: 00 00 00 05 
Platform port Receive buffer:
    05 13 7f 01 00 
libspdm_receive_spdm_response[0] msg SPDM_ERROR(0x7f), size (0x4): 
0000: 13 7f 01 00 
index - 0x64
RequesterContext - aa bb cc dd ee ff 00 64 
libspdm_send_spdm_request[0] msg SPDM_GET_MEASUREMENTS(0xe0), size (0xc): 
0000: 13 e0 00 64 aa bb cc dd ee ff 00 64 
Platform port Transmit command: 00 00 00 01 
Platform port Transmit transport_type: 00 00 00 01 
Platform port Transmit size: 00 00 00 0d 
Platform port Transmit buffer:
    05 13 e0 00 64 aa bb cc dd ee ff 00 64 
Platform port Receive command: 00 00 00 01 
Platform port Receive transport_type: 00 00 00 01 
Platform port Receive size: 00 00 00 05 
Platform port Receive buffer:
    05 13 7f 01 00 
libspdm_receive_spdm_response[0] msg SPDM_ERROR(0x7f), size (0x4): 
0000: 13 7f 01 00 
index - 0x65
RequesterContext - aa bb cc dd ee ff 00 65 
libspdm_send_spdm_request[0] msg SPDM_GET_MEASUREMENTS(0xe0), size (0xc): 
0000: 13 e0 00 65 aa bb cc dd ee ff 00 65 
Platform port Transmit command: 00 00 00 01 
Platform port Transmit transport_type: 00 00 00 01 
Platform port Transmit size: 00 00 00 0d 
Platform port Transmit buffer:
    05 13 e0 00 65 aa bb cc dd ee ff 00 65 
Platform port Receive command: 00 00 00 01 
Platform port Receive transport_type: 00 00 00 01 
Platform port Receive size: 00 00 00 05 
Platform port Receive buffer:
    05 13 7f 01 00 
libspdm_receive_spdm_response[0] msg SPDM_ERROR(0x7f), size (0x4): 
0000: 13 7f 01 00 
index - 0x66
RequesterContext - aa bb cc dd ee ff 00 66 
libspdm_send_spdm_request[0] msg SPDM_GET_MEASUREMENTS(0xe0), size (0xc): 
0000: 13 e0 00 66 aa bb cc dd ee ff 00 66 
Platform port Transmit command: 00 00 00 01 
Platform port Transmit transport_type: 00 00 00 01 
Platform port Transmit size: 00 00 00 0d 
Platform port Transmit buffer:
    05 13 e0 00 66 aa bb cc dd ee ff 00 66 
Platform port Receive command: 00 00 00 01 
Platform port Receive transport_type: 00 00 00 01 
Platform port Receive size: 00 00 00 05 
Platform port Receive buffer:
    05 13 7f 01 00 
libspdm_receive_spdm_response[0] msg SPDM_ERROR(0x7f), size (0x4): 
0000: 13 7f 01 00 
index - 0x67
RequesterContext - aa bb cc dd ee ff 00 67 
libspdm_send_spdm_request[0] msg SPDM_GET_MEASUREMENTS(0xe0), size (0xc): 
0000: 13 e0 00 67 aa bb cc dd ee ff 00 67 
Platform port Transmit command: 00 00 00 01 
Platform port Transmit transport_type: 00 00 00 01 
Platform port Transmit size: 00 00 00 0d 
Platform port Transmit buffer:
    05 13 e0 00 67 aa bb cc dd ee ff 00 67 
Platform port Receive command: 00 00 00 01 
Platform port Receive transport_type: 00 00 00 01 
Platform port Receive size: 00 00 00 05 
Platform port Receive buffer:
    05 13 7f 01 00 
libspdm_receive_spdm_response[0] msg SPDM_ERROR(0x7f), size (0x4): 
0000: 13 7f 01 00 
index - 0x68
RequesterContext - aa bb cc dd ee ff 00 68 
libspdm_send_spdm_request[0] msg SPDM_GET_MEASUREMENTS(0xe0), size (0xc): 
0000: 13 e0 00 68 aa bb cc dd ee ff 00 68 
Platform port Transmit command: 00 00 00 01 
Platform port Transmit transport_type: 00 00 00 01 
Platform port Transmit size: 00 00 00 0d 
Platform port Transmit buffer:
    05 13 e0 00 68 aa bb cc dd ee ff 00 68 
Platform port Receive command: 00 00 00 01 
Platform port Receive transport_type: 00 00 00 01 
Platform port Receive size: 00 00 00 05 
Platform port Receive buffer:
    05 13 7f 01 00 
libspdm_receive_spdm_response[0] msg SPDM_ERROR(0x7f), size (0x4): 
0000: 13 7f 01 00 
index - 0x69
RequesterContext - aa bb cc dd ee ff 00 69 
libspdm_send_spdm_request[0] msg SPDM_GET_MEASUREMENTS(0xe0), size (0xc): 
0000: 13 e0 00 69 aa bb cc dd ee ff 00 69 
Platform port Transmit command: 00 00 00 01 
Platform port Transmit transport_type: 00 00 00 01 
Platform port Transmit size: 00 00 00 0d 
Platform port Transmit buffer:
    05 13 e0 00 69 aa bb cc dd ee ff 00 69 
Platform port Receive command: 00 00 00 01 
Platform port Receive transport_type: 00 00 00 01 
Platform port Receive size: 00 00 00 05 
Platform port Receive buffer:
    05 13 7f 01 00 
libspdm_receive_spdm_response[0] msg SPDM_ERROR(0x7f), size (0x4): 
0000: 13 7f 01 00 
index - 0x6a
RequesterContext - aa bb cc dd ee ff 00 6a 
libspdm_send_spdm_request[0] msg SPDM_GET_MEASUREMENTS(0xe0), size (0xc): 
0000: 13 e0 00 6a aa bb cc dd ee ff 00 6a 
Platform port Transmit command: 00 00 00 01 
Platform port Transmit transport_type: 00 00 00 01 
Platform port Transmit size: 00 00 00 0d 
Platform port Transmit buffer:
    05 13 e0 00 6a aa bb cc dd ee ff 00 6a 
Platform port Receive command: 00 00 00 01 
Platform port Receive transport_type: 00 00 00 01 
Platform port Receive size: 00 00 00 05 
Platform port Receive buffer:
    05 13 7f 01 00 
libspdm_receive_spdm_response[0] msg SPDM_ERROR(0x7f), size (0x4): 
0000: 13 7f 01 00 
index - 0x6b
RequesterContext - aa bb cc dd ee ff 00 6b 
libspdm_send_spdm_request[0] msg SPDM_GET_MEASUREMENTS(0xe0), size (0xc): 
0000: 13 e0 00 6b aa bb cc dd ee ff 00 6b 
Platform port Transmit command: 00 00 00 01 
Platform port Transmit transport_type: 00 00 00 01 
Platform port Transmit size: 00 00 00 0d 
Platform port Transmit buffer:
    05 13 e0 00 6b aa bb cc dd ee ff 00 6b 
Platform port Receive command: 00 00 00 01 
Platform port Receive transport_type: 00 00 00 01 
Platform port Receive size: 00 00 00 05 
Platform port Receive buffer:
    05 13 7f 01 00 
libspdm_receive_spdm_response[0] msg SPDM_ERROR(0x7f), size (0x4): 
0000: 13 7f 01 00 
index - 0x6c
RequesterContext - aa bb cc dd ee ff 00 6c 
libspdm_send_spdm_request[0] msg SPDM_GET_MEASUREMENTS(0xe0), size (0xc): 
0000: 13 e0 00 6c aa bb cc dd ee ff 00 6c 
Platform port Transmit command: 00 00 00 01 
Platform port Transmit transport_type: 00 00 00 01 
Platform port Transmit size: 00 00 00 0d 
Platform port Transmit buffer:
    05 13 e0 00 6c aa bb cc dd ee ff 00 6c 
Platform port Receive command: 00 00 00 01 
Platform port Receive transport_type: 00 00 00 01 
Platform port Receive size: 00 00 00 05 
Platform port Receive buffer:
    05 13 7f 01 00 
libspdm_receive_spdm_response[0] msg SPDM_ERROR(0x7f), size (0x4): 
0000: 13 7f 01 00 
index - 0x6d
RequesterContext - aa bb cc dd ee ff 00 6d 
libspdm_send_spdm_request[0] msg SPDM_GET_MEASUREMENTS(0xe0), size (0xc): 
0000: 13 e0 00 6d aa bb cc dd ee ff 00 6d 
Platform port Transmit command: 00 00 00 01 
Platform port Transmit transport_type: 00 00 00 01 
Platform port Transmit size: 00 00 00 0d 
Platform port Transmit buffer:
    05 13 e0 00 6d aa bb cc dd ee ff 00 6d 
Platform port Receive command: 00 00 00 01 
Platform port Receive transport_type: 00 00 00 01 
Platform port Receive size: 00 00 00 05 
Platform port Receive buffer:
    05 13 7f 01 00 
libspdm_receive_spdm_response[0] msg SPDM_ERROR(0x7f), size (0x4): 
0000: 13 7f 01 00 
index - 0x6e
RequesterContext - aa bb cc dd ee ff 00 6e 
libspdm_send_spdm_request[0] msg SPDM_GET_MEASUREMENTS(0xe0), size (0xc): 
0000: 13 e0 00 6e aa bb cc dd ee ff 00 6e 
Platform port Transmit command: 00 00 00 01 
Platform port Transmit transport_type: 00 00 00 01 
Platform port Transmit size: 00 00 00 0d 
Platform port Transmit buffer:
    05 13 e0 00 6e aa bb cc dd ee ff 00 6e 
Platform port Receive command: 00 00 00 01 
Platform port Receive transport_type: 00 00 00 01 
Platform port Receive size: 00 00 00 05 
Platform port Receive buffer:
    05 13 7f 01 00 
libspdm_receive_spdm_response[0] msg SPDM_ERROR(0x7f), size (0x4): 
0000: 13 7f 01 00 
index - 0x6f
RequesterContext - aa bb cc dd ee ff 00 6f 
libspdm_send_spdm_request[0] msg SPDM_GET_MEASUREMENTS(0xe0), size (0xc): 
0000: 13 e0 00 6f aa bb cc dd ee ff 00 6f 
Platform port Transmit command: 00 00 00 01 
Platform port Transmit transport_type: 00 00 00 01 
Platform port Transmit size: 00 00 00 0d 
Platform port Transmit buffer:
    05 13 e0 00 6f aa bb cc dd ee ff 00 6f 
Platform port Receive command: 00 00 00 01 
Platform port Receive transport_type: 00 00 00 01 
Platform port Receive size: 00 00 00 05 
Platform port Receive buffer:
    05 13 7f 01 00 
libspdm_receive_spdm_response[0] msg SPDM_ERROR(0x7f), size (0x4): 
0000: 13 7f 01 00 
index - 0x70
RequesterContext - aa bb cc dd ee ff 00 70 
libspdm_send_spdm_request[0] msg SPDM_GET_MEASUREMENTS(0xe0), size (0xc): 
0000: 13 e0 00 70 aa bb cc dd ee ff 00 70 
Platform port Transmit command: 00 00 00 01 
Platform port Transmit transport_type: 00 00 00 01 
Platform port Transmit size: 00 00 00 0d 
Platform port Transmit buffer:
    05 13 e0 00 70 aa bb cc dd ee ff 00 70 
Platform port Receive command: 00 00 00 01 
Platform port Receive transport_type: 00 00 00 01 
Platform port Receive size: 00 00 00 05 
Platform port Receive buffer:
    05 13 7f 01 00 
libspdm_receive_spdm_response[0] msg SPDM_ERROR(0x7f), size (0x4): 
0000: 13 7f 01 00 
index - 0x71
RequesterContext - aa bb cc dd ee ff 00 71 
libspdm_send_spdm_request[0] msg SPDM_GET_MEASUREMENTS(0xe0), size (0xc): 
0000: 13 e0 00 71 aa bb cc dd ee ff 00 71 
Platform port Transmit command: 00 00 00 01 
Platform port Transmit transport_type: 00 00 00 01 
Platform port Transmit size: 00 00 00 0d 
Platform port Transmit buffer:
    05 13 e0 00 71 aa bb cc dd ee ff 00 71 
Platform port Receive command: 00 00 00 01 
Platform port Receive transport_type: 00 00 00 01 
Platform port Receive size: 00 00 00 05 
Platform port Receive buffer:
    05 13 7f 01 00 
libspdm_receive_spdm_response[0] msg SPDM_ERROR(0x7f), size (0x4): 
0000: 13 7f 01 00 
index - 0x72
RequesterContext - aa bb cc dd ee ff 00 72 
libspdm_send_spdm_request[0] msg SPDM_GET_MEASUREMENTS(0xe0), size (0xc): 
0000: 13 e0 00 72 aa bb cc dd ee ff 00 72 
Platform port Transmit command: 00 00 00 01 
Platform port Transmit transport_type: 00 00 00 01 
Platform port Transmit size: 00 00 00 0d 
Platform port Transmit buffer:
    05 13 e0 00 72 aa bb cc dd ee ff 00 72 
Platform port Receive command: 00 00 00 01 
Platform port Receive transport_type: 00 00 00 01 
Platform port Receive size: 00 00 00 05 
Platform port Receive buffer:
    05 13 7f 01 00 
libspdm_receive_spdm_response[0] msg SPDM_ERROR(0x7f), size (0x4): 
0000: 13 7f 01 00 
index - 0x73
RequesterContext - aa bb cc dd ee ff 00 73 
libspdm_send_spdm_request[0] msg SPDM_GET_MEASUREMENTS(0xe0), size (0xc): 
0000: 13 e0 00 73 aa bb cc dd ee ff 00 73 
Platform port Transmit command: 00 00 00 01 
Platform port Transmit transport_type: 00 00 00 01 
Platform port Transmit size: 00 00 00 0d 
Platform port Transmit buffer:
    05 13 e0 00 73 aa bb cc dd ee ff 00 73 
Platform port Receive command: 00 00 00 01 
Platform port Receive transport_type: 00 00 00 01 
Platform port Receive size: 00 00 00 05 
Platform port Receive buffer:
    05 13 7f 01 00 
libspdm_receive_spdm_response[0] msg SPDM_ERROR(0x7f), size (0x4): 
0000: 13 7f 01 00 
index - 0x74
RequesterContext - aa bb cc dd ee ff 00 74 
libspdm_send_spdm_request[0] msg SPDM_GET_MEASUREMENTS(0xe0), size (0xc): 
0000: 13 e0 00 74 aa bb cc dd ee ff 00 74 
Platform port Transmit command: 00 00 00 01 
Platform port Transmit transport_type: 00 00 00 01 
Platform port Transmit size: 00 00 00 0d 
Platform port Transmit buffer:
    05 13 e0 00 74 aa bb cc dd ee ff 00 74 
Platform port Receive command: 00 00 00 01 
Platform port Receive transport_type: 00 00 00 01 
Platform port Receive size: 00 00 00 05 
Platform port Receive buffer:
    05 13 7f 01 00 
libspdm_receive_spdm_response[0] msg SPDM_ERROR(0x7f), size (0x4): 
0000: 13 7f 01 00 
index - 0x75
RequesterContext - aa bb cc dd ee ff 00 75 
libspdm_send_spdm_request[0] msg SPDM_GET_MEASUREMENTS(0xe0), size (0xc): 
0000: 13 e0 00 75 aa bb cc dd ee ff 00 75 
Platform port Transmit command: 00 00 00 01 
Platform port Transmit transport_type: 00 00 00 01 
Platform port Transmit size: 00 00 00 0d 
Platform port Transmit buffer:
    05 13 e0 00 75 aa bb cc dd ee ff 00 75 
Platform port Receive command: 00 00 00 01 
Platform port Receive transport_type: 00 00 00 01 
Platform port Receive size: 00 00 00 05 
Platform port Receive buffer:
    05 13 7f 01 00 
libspdm_receive_spdm_response[0] msg SPDM_ERROR(0x7f), size (0x4): 
0000: 13 7f 01 00 
index - 0x76
RequesterContext - aa bb cc dd ee ff 00 76 
libspdm_send_spdm_request[0] msg SPDM_GET_MEASUREMENTS(0xe0), size (0xc): 
0000: 13 e0 00 76 aa bb cc dd ee ff 00 76 
Platform port Transmit command: 00 00 00 01 
Platform port Transmit transport_type: 00 00 00 01 
Platform port Transmit size: 00 00 00 0d 
Platform port Transmit buffer:
    05 13 e0 00 76 aa bb cc dd ee ff 00 76 
Platform port Receive command: 00 00 00 01 
Platform port Receive transport_type: 00 00 00 01 
Platform port Receive size: 00 00 00 05 
Platform port Receive buffer:
    05 13 7f 01 00 
libspdm_receive_spdm_response[0] msg SPDM_ERROR(0x7f), size (0x4): 
0000: 13 7f 01 00 
index - 0x77
RequesterContext - aa bb cc dd ee ff 00 77 
libspdm_send_spdm_request[0] msg SPDM_GET_MEASUREMENTS(0xe0), size (0xc): 
0000: 13 e0 00 77 aa bb cc dd ee ff 00 77 
Platform port Transmit command: 00 00 00 01 
Platform port Transmit transport_type: 00 00 00 01 
Platform port Transmit size: 00 00 00 0d 
Platform port Transmit buffer:
    05 13 e0 00 77 aa bb cc dd ee ff 00 77 
Platform port Receive command: 00 00 00 01 
Platform port Receive transport_type: 00 00 00 01 
Platform port Receive size: 00 00 00 05 
Platform port Receive buffer:
    05 13 7f 01 00 
libspdm_receive_spdm_response[0] msg SPDM_ERROR(0x7f), size (0x4): 
0000: 13 7f 01 00 
index - 0x78
RequesterContext - aa bb cc dd ee ff 00 78 
libspdm_send_spdm_request[0] msg SPDM_GET_MEASUREMENTS(0xe0), size (0xc): 
0000: 13 e0 00 78 aa bb cc dd ee ff 00 78 
Platform port Transmit command: 00 00 00 01 
Platform port Transmit transport_type: 00 00 00 01 
Platform port Transmit size: 00 00 00 0d 
Platform port Transmit buffer:
    05 13 e0 00 78 aa bb cc dd ee ff 00 78 
Platform port Receive command: 00 00 00 01 
Platform port Receive transport_type: 00 00 00 01 
Platform port Receive size: 00 00 00 05 
Platform port Receive buffer:
    05 13 7f 01 00 
libspdm_receive_spdm_response[0] msg SPDM_ERROR(0x7f), size (0x4): 
0000: 13 7f 01 00 
index - 0x79
RequesterContext - aa bb cc dd ee ff 00 79 
libspdm_send_spdm_request[0] msg SPDM_GET_MEASUREMENTS(0xe0), size (0xc): 
0000: 13 e0 00 79 aa bb cc dd ee ff 00 79 
Platform port Transmit command: 00 00 00 01 
Platform port Transmit transport_type: 00 00 00 01 
Platform port Transmit size: 00 00 00 0d 
Platform port Transmit buffer:
    05 13 e0 00 79 aa bb cc dd ee ff 00 79 
Platform port Receive command: 00 00 00 01 
Platform port Receive transport_type: 00 00 00 01 
Platform port Receive size: 00 00 00 05 
Platform port Receive buffer:
    05 13 7f 01 00 
libspdm_receive_spdm_response[0] msg SPDM_ERROR(0x7f), size (0x4): 
0000: 13 7f 01 00 
index - 0x7a
RequesterContext - aa bb cc dd ee ff 00 7a 
libspdm_send_spdm_request[0] msg SPDM_GET_MEASUREMENTS(0xe0), size (0xc): 
0000: 13 e0 00 7a aa bb cc dd ee ff 00 7a 
Platform port Transmit command: 00 00 00 01 
Platform port Transmit transport_type: 00 00 00 01 
Platform port Transmit size: 00 00 00 0d 
Platform port Transmit buffer:
    05 13 e0 00 7a aa bb cc dd ee ff 00 7a 
Platform port Receive command: 00 00 00 01 
Platform port Receive transport_type: 00 00 00 01 
Platform port Receive size: 00 00 00 05 
Platform port Receive buffer:
    05 13 7f 01 00 
libspdm_receive_spdm_response[0] msg SPDM_ERROR(0x7f), size (0x4): 
0000: 13 7f 01 00 
index - 0x7b
RequesterContext - aa bb cc dd ee ff 00 7b 
libspdm_send_spdm_request[0] msg SPDM_GET_MEASUREMENTS(0xe0), size (0xc): 
0000: 13 e0 00 7b aa bb cc dd ee ff 00 7b 
Platform port Transmit command: 00 00 00 01 
Platform port Transmit transport_type: 00 00 00 01 
Platform port Transmit size: 00 00 00 0d 
Platform port Transmit buffer:
    05 13 e0 00 7b aa bb cc dd ee ff 00 7b 
Platform port Receive command: 00 00 00 01 
Platform port Receive transport_type: 00 00 00 01 
Platform port Receive size: 00 00 00 05 
Platform port Receive buffer:
    05 13 7f 01 00 
libspdm_receive_spdm_response[0] msg SPDM_ERROR(0x7f), size (0x4): 
0000: 13 7f 01 00 
index - 0x7c
RequesterContext - aa bb cc dd ee ff 00 7c 
libspdm_send_spdm_request[0] msg SPDM_GET_MEASUREMENTS(0xe0), size (0xc): 
0000: 13 e0 00 7c aa bb cc dd ee ff 00 7c 
Platform port Transmit command: 00 00 00 01 
Platform port Transmit transport_type: 00 00 00 01 
Platform port Transmit size: 00 00 00 0d 
Platform port Transmit buffer:
    05 13 e0 00 7c aa bb cc dd ee ff 00 7c 
Platform port Receive command: 00 00 00 01 
Platform port Receive transport_type: 00 00 00 01 
Platform port Receive size: 00 00 00 05 
Platform port Receive buffer:
    05 13 7f 01 00 
libspdm_receive_spdm_response[0] msg SPDM_ERROR(0x7f), size (0x4): 
0000: 13 7f 01 00 
index - 0x7d
RequesterContext - aa bb cc dd ee ff 00 7d 
libspdm_send_spdm_request[0] msg SPDM_GET_MEASUREMENTS(0xe0), size (0xc): 
0000: 13 e0 00 7d aa bb cc dd ee ff 00 7d 
Platform port Transmit command: 00 00 00 01 
Platform port Transmit transport_type: 00 00 00 01 
Platform port Transmit size: 00 00 00 0d 
Platform port Transmit buffer:
    05 13 e0 00 7d aa bb cc dd ee ff 00 7d 
Platform port Receive command: 00 00 00 01 
Platform port Receive transport_type: 00 00 00 01 
Platform port Receive size: 00 00 00 05 
Platform port Receive buffer:
    05 13 7f 01 00 
libspdm_receive_spdm_response[0] msg SPDM_ERROR(0x7f), size (0x4): 
0000: 13 7f 01 00 
index - 0x7e
RequesterContext - aa bb cc dd ee ff 00 7e 
libspdm_send_spdm_request[0] msg SPDM_GET_MEASUREMENTS(0xe0), size (0xc): 
0000: 13 e0 00 7e aa bb cc dd ee ff 00 7e 
Platform port Transmit command: 00 00 00 01 
Platform port Transmit transport_type: 00 00 00 01 
Platform port Transmit size: 00 00 00 0d 
Platform port Transmit buffer:
    05 13 e0 00 7e aa bb cc dd ee ff 00 7e 
Platform port Receive command: 00 00 00 01 
Platform port Receive transport_type: 00 00 00 01 
Platform port Receive size: 00 00 00 05 
Platform port Receive buffer:
    05 13 7f 01 00 
libspdm_receive_spdm_response[0] msg SPDM_ERROR(0x7f), size (0x4): 
0000: 13 7f 01 00 
index - 0x7f
RequesterContext - aa bb cc dd ee ff 00 7f 
libspdm_send_spdm_request[0] msg SPDM_GET_MEASUREMENTS(0xe0), size (0xc): 
0000: 13 e0 00 7f aa bb cc dd ee ff 00 7f 
Platform port Transmit command: 00 00 00 01 
Platform port Transmit transport_type: 00 00 00 01 
Platform port Transmit size: 00 00 00 0d 
Platform port Transmit buffer:
    05 13 e0 00 7f aa bb cc dd ee ff 00 7f 
Platform port Receive command: 00 00 00 01 
Platform port Receive transport_type: 00 00 00 01 
Platform port Receive size: 00 00 00 05 
Platform port Receive buffer:
    05 13 7f 01 00 
libspdm_receive_spdm_response[0] msg SPDM_ERROR(0x7f), size (0x4): 
0000: 13 7f 01 00 
index - 0x80
RequesterContext - aa bb cc dd ee ff 00 80 
libspdm_send_spdm_request[0] msg SPDM_GET_MEASUREMENTS(0xe0), size (0xc): 
0000: 13 e0 00 80 aa bb cc dd ee ff 00 80 
Platform port Transmit command: 00 00 00 01 
Platform port Transmit transport_type: 00 00 00 01 
Platform port Transmit size: 00 00 00 0d 
Platform port Transmit buffer:
    05 13 e0 00 80 aa bb cc dd ee ff 00 80 
Platform port Receive command: 00 00 00 01 
Platform port Receive transport_type: 00 00 00 01 
Platform port Receive size: 00 00 00 05 
Platform port Receive buffer:
    05 13 7f 01 00 
libspdm_receive_spdm_response[0] msg SPDM_ERROR(0x7f), size (0x4): 
0000: 13 7f 01 00 
index - 0x81
RequesterContext - aa bb cc dd ee ff 00 81 
libspdm_send_spdm_request[0] msg SPDM_GET_MEASUREMENTS(0xe0), size (0xc): 
0000: 13 e0 00 81 aa bb cc dd ee ff 00 81 
Platform port Transmit command: 00 00 00 01 
Platform port Transmit transport_type: 00 00 00 01 
Platform port Transmit size: 00 00 00 0d 
Platform port Transmit buffer:
    05 13 e0 00 81 aa bb cc dd ee ff 00 81 
Platform port Receive command: 00 00 00 01 
Platform port Receive transport_type: 00 00 00 01 
Platform port Receive size: 00 00 00 05 
Platform port Receive buffer:
    05 13 7f 01 00 
libspdm_receive_spdm_response[0] msg SPDM_ERROR(0x7f), size (0x4): 
0000: 13 7f 01 00 
index - 0x82
RequesterContext - aa bb cc dd ee ff 00 82 
libspdm_send_spdm_request[0] msg SPDM_GET_MEASUREMENTS(0xe0), size (0xc): 
0000: 13 e0 00 82 aa bb cc dd ee ff 00 82 
Platform port Transmit command: 00 00 00 01 
Platform port Transmit transport_type: 00 00 00 01 
Platform port Transmit size: 00 00 00 0d 
Platform port Transmit buffer:
    05 13 e0 00 82 aa bb cc dd ee ff 00 82 
Platform port Receive command: 00 00 00 01 
Platform port Receive transport_type: 00 00 00 01 
Platform port Receive size: 00 00 00 05 
Platform port Receive buffer:
    05 13 7f 01 00 
libspdm_receive_spdm_response[0] msg SPDM_ERROR(0x7f), size (0x4): 
0000: 13 7f 01 00 
index - 0x83
RequesterContext - aa bb cc dd ee ff 00 83 
libspdm_send_spdm_request[0] msg SPDM_GET_MEASUREMENTS(0xe0), size (0xc): 
0000: 13 e0 00 83 aa bb cc dd ee ff 00 83 
Platform port Transmit command: 00 00 00 01 
Platform port Transmit transport_type: 00 00 00 01 
Platform port Transmit size: 00 00 00 0d 
Platform port Transmit buffer:
    05 13 e0 00 83 aa bb cc dd ee ff 00 83 
Platform port Receive command: 00 00 00 01 
Platform port Receive transport_type: 00 00 00 01 
Platform port Receive size: 00 00 00 05 
Platform port Receive buffer:
    05 13 7f 01 00 
libspdm_receive_spdm_response[0] msg SPDM_ERROR(0x7f), size (0x4): 
0000: 13 7f 01 00 
index - 0x84
RequesterContext - aa bb cc dd ee ff 00 84 
libspdm_send_spdm_request[0] msg SPDM_GET_MEASUREMENTS(0xe0), size (0xc): 
0000: 13 e0 00 84 aa bb cc dd ee ff 00 84 
Platform port Transmit command: 00 00 00 01 
Platform port Transmit transport_type: 00 00 00 01 
Platform port Transmit size: 00 00 00 0d 
Platform port Transmit buffer:
    05 13 e0 00 84 aa bb cc dd ee ff 00 84 
Platform port Receive command: 00 00 00 01 
Platform port Receive transport_type: 00 00 00 01 
Platform port Receive size: 00 00 00 05 
Platform port Receive buffer:
    05 13 7f 01 00 
libspdm_receive_spdm_response[0] msg SPDM_ERROR(0x7f), size (0x4): 
0000: 13 7f 01 00 
index - 0x85
RequesterContext - aa bb cc dd ee ff 00 85 
libspdm_send_spdm_request[0] msg SPDM_GET_MEASUREMENTS(0xe0), size (0xc): 
0000: 13 e0 00 85 aa bb cc dd ee ff 00 85 
Platform port Transmit command: 00 00 00 01 
Platform port Transmit transport_type: 00 00 00 01 
Platform port Transmit size: 00 00 00 0d 
Platform port Transmit buffer:
    05 13 e0 00 85 aa bb cc dd ee ff 00 85 
Platform port Receive command: 00 00 00 01 
Platform port Receive transport_type: 00 00 00 01 
Platform port Receive size: 00 00 00 05 
Platform port Receive buffer:
    05 13 7f 01 00 
libspdm_receive_spdm_response[0] msg SPDM_ERROR(0x7f), size (0x4): 
0000: 13 7f 01 00 
index - 0x86
RequesterContext - aa bb cc dd ee ff 00 86 
libspdm_send_spdm_request[0] msg SPDM_GET_MEASUREMENTS(0xe0), size (0xc): 
0000: 13 e0 00 86 aa bb cc dd ee ff 00 86 
Platform port Transmit command: 00 00 00 01 
Platform port Transmit transport_type: 00 00 00 01 
Platform port Transmit size: 00 00 00 0d 
Platform port Transmit buffer:
    05 13 e0 00 86 aa bb cc dd ee ff 00 86 
Platform port Receive command: 00 00 00 01 
Platform port Receive transport_type: 00 00 00 01 
Platform port Receive size: 00 00 00 05 
Platform port Receive buffer:
    05 13 7f 01 00 
libspdm_receive_spdm_response[0] msg SPDM_ERROR(0x7f), size (0x4): 
0000: 13 7f 01 00 
index - 0x87
RequesterContext - aa bb cc dd ee ff 00 87 
libspdm_send_spdm_request[0] msg SPDM_GET_MEASUREMENTS(0xe0), size (0xc): 
0000: 13 e0 00 87 aa bb cc dd ee ff 00 87 
Platform port Transmit command: 00 00 00 01 
Platform port Transmit transport_type: 00 00 00 01 
Platform port Transmit size: 00 00 00 0d 
Platform port Transmit buffer:
    05 13 e0 00 87 aa bb cc dd ee ff 00 87 
Platform port Receive command: 00 00 00 01 
Platform port Receive transport_type: 00 00 00 01 
Platform port Receive size: 00 00 00 05 
Platform port Receive buffer:
    05 13 7f 01 00 
libspdm_receive_spdm_response[0] msg SPDM_ERROR(0x7f), size (0x4): 
0000: 13 7f 01 00 
index - 0x88
RequesterContext - aa bb cc dd ee ff 00 88 
libspdm_send_spdm_request[0] msg SPDM_GET_MEASUREMENTS(0xe0), size (0xc): 
0000: 13 e0 00 88 aa bb cc dd ee ff 00 88 
Platform port Transmit command: 00 00 00 01 
Platform port Transmit transport_type: 00 00 00 01 
Platform port Transmit size: 00 00 00 0d 
Platform port Transmit buffer:
    05 13 e0 00 88 aa bb cc dd ee ff 00 88 
Platform port Receive command: 00 00 00 01 
Platform port Receive transport_type: 00 00 00 01 
Platform port Receive size: 00 00 00 05 
Platform port Receive buffer:
    05 13 7f 01 00 
libspdm_receive_spdm_response[0] msg SPDM_ERROR(0x7f), size (0x4): 
0000: 13 7f 01 00 
index - 0x89
RequesterContext - aa bb cc dd ee ff 00 89 
libspdm_send_spdm_request[0] msg SPDM_GET_MEASUREMENTS(0xe0), size (0xc): 
0000: 13 e0 00 89 aa bb cc dd ee ff 00 89 
Platform port Transmit command: 00 00 00 01 
Platform port Transmit transport_type: 00 00 00 01 
Platform port Transmit size: 00 00 00 0d 
Platform port Transmit buffer:
    05 13 e0 00 89 aa bb cc dd ee ff 00 89 
Platform port Receive command: 00 00 00 01 
Platform port Receive transport_type: 00 00 00 01 
Platform port Receive size: 00 00 00 05 
Platform port Receive buffer:
    05 13 7f 01 00 
libspdm_receive_spdm_response[0] msg SPDM_ERROR(0x7f), size (0x4): 
0000: 13 7f 01 00 
index - 0x8a
RequesterContext - aa bb cc dd ee ff 00 8a 
libspdm_send_spdm_request[0] msg SPDM_GET_MEASUREMENTS(0xe0), size (0xc): 
0000: 13 e0 00 8a aa bb cc dd ee ff 00 8a 
Platform port Transmit command: 00 00 00 01 
Platform port Transmit transport_type: 00 00 00 01 
Platform port Transmit size: 00 00 00 0d 
Platform port Transmit buffer:
    05 13 e0 00 8a aa bb cc dd ee ff 00 8a 
Platform port Receive command: 00 00 00 01 
Platform port Receive transport_type: 00 00 00 01 
Platform port Receive size: 00 00 00 05 
Platform port Receive buffer:
    05 13 7f 01 00 
libspdm_receive_spdm_response[0] msg SPDM_ERROR(0x7f), size (0x4): 
0000: 13 7f 01 00 
index - 0x8b
RequesterContext - aa bb cc dd ee ff 00 8b 
libspdm_send_spdm_request[0] msg SPDM_GET_MEASUREMENTS(0xe0), size (0xc): 
0000: 13 e0 00 8b aa bb cc dd ee ff 00 8b 
Platform port Transmit command: 00 00 00 01 
Platform port Transmit transport_type: 00 00 00 01 
Platform port Transmit size: 00 00 00 0d 
Platform port Transmit buffer:
    05 13 e0 00 8b aa bb cc dd ee ff 00 8b 
Platform port Receive command: 00 00 00 01 
Platform port Receive transport_type: 00 00 00 01 
Platform port Receive size: 00 00 00 05 
Platform port Receive buffer:
    05 13 7f 01 00 
libspdm_receive_spdm_response[0] msg SPDM_ERROR(0x7f), size (0x4): 
0000: 13 7f 01 00 
index - 0x8c
RequesterContext - aa bb cc dd ee ff 00 8c 
libspdm_send_spdm_request[0] msg SPDM_GET_MEASUREMENTS(0xe0), size (0xc): 
0000: 13 e0 00 8c aa bb cc dd ee ff 00 8c 
Platform port Transmit command: 00 00 00 01 
Platform port Transmit transport_type: 00 00 00 01 
Platform port Transmit size: 00 00 00 0d 
Platform port Transmit buffer:
    05 13 e0 00 8c aa bb cc dd ee ff 00 8c 
Platform port Receive command: 00 00 00 01 
Platform port Receive transport_type: 00 00 00 01 
Platform port Receive size: 00 00 00 05 
Platform port Receive buffer:
    05 13 7f 01 00 
libspdm_receive_spdm_response[0] msg SPDM_ERROR(0x7f), size (0x4): 
0000: 13 7f 01 00 
index - 0x8d
RequesterContext - aa bb cc dd ee ff 00 8d 
libspdm_send_spdm_request[0] msg SPDM_GET_MEASUREMENTS(0xe0), size (0xc): 
0000: 13 e0 00 8d aa bb cc dd ee ff 00 8d 
Platform port Transmit command: 00 00 00 01 
Platform port Transmit transport_type: 00 00 00 01 
Platform port Transmit size: 00 00 00 0d 
Platform port Transmit buffer:
    05 13 e0 00 8d aa bb cc dd ee ff 00 8d 
Platform port Receive command: 00 00 00 01 
Platform port Receive transport_type: 00 00 00 01 
Platform port Receive size: 00 00 00 05 
Platform port Receive buffer:
    05 13 7f 01 00 
libspdm_receive_spdm_response[0] msg SPDM_ERROR(0x7f), size (0x4): 
0000: 13 7f 01 00 
index - 0x8e
RequesterContext - aa bb cc dd ee ff 00 8e 
libspdm_send_spdm_request[0] msg SPDM_GET_MEASUREMENTS(0xe0), size (0xc): 
0000: 13 e0 00 8e aa bb cc dd ee ff 00 8e 
Platform port Transmit command: 00 00 00 01 
Platform port Transmit transport_type: 00 00 00 01 
Platform port Transmit size: 00 00 00 0d 
Platform port Transmit buffer:
    05 13 e0 00 8e aa bb cc dd ee ff 00 8e 
Platform port Receive command: 00 00 00 01 
Platform port Receive transport_type: 00 00 00 01 
Platform port Receive size: 00 00 00 05 
Platform port Receive buffer:
    05 13 7f 01 00 
libspdm_receive_spdm_response[0] msg SPDM_ERROR(0x7f), size (0x4): 
0000: 13 7f 01 00 
index - 0x8f
RequesterContext - aa bb cc dd ee ff 00 8f 
libspdm_send_spdm_request[0] msg SPDM_GET_MEASUREMENTS(0xe0), size (0xc): 
0000: 13 e0 00 8f aa bb cc dd ee ff 00 8f 
Platform port Transmit command: 00 00 00 01 
Platform port Transmit transport_type: 00 00 00 01 
Platform port Transmit size: 00 00 00 0d 
Platform port Transmit buffer:
    05 13 e0 00 8f aa bb cc dd ee ff 00 8f 
Platform port Receive command: 00 00 00 01 
Platform port Receive transport_type: 00 00 00 01 
Platform port Receive size: 00 00 00 05 
Platform port Receive buffer:
    05 13 7f 01 00 
libspdm_receive_spdm_response[0] msg SPDM_ERROR(0x7f), size (0x4): 
0000: 13 7f 01 00 
index - 0x90
RequesterContext - aa bb cc dd ee ff 00 90 
libspdm_send_spdm_request[0] msg SPDM_GET_MEASUREMENTS(0xe0), size (0xc): 
0000: 13 e0 00 90 aa bb cc dd ee ff 00 90 
Platform port Transmit command: 00 00 00 01 
Platform port Transmit transport_type: 00 00 00 01 
Platform port Transmit size: 00 00 00 0d 
Platform port Transmit buffer:
    05 13 e0 00 90 aa bb cc dd ee ff 00 90 
Platform port Receive command: 00 00 00 01 
Platform port Receive transport_type: 00 00 00 01 
Platform port Receive size: 00 00 00 05 
Platform port Receive buffer:
    05 13 7f 01 00 
libspdm_receive_spdm_response[0] msg SPDM_ERROR(0x7f), size (0x4): 
0000: 13 7f 01 00 
index - 0x91
RequesterContext - aa bb cc dd ee ff 00 91 
libspdm_send_spdm_request[0] msg SPDM_GET_MEASUREMENTS(0xe0), size (0xc): 
0000: 13 e0 00 91 aa bb cc dd ee ff 00 91 
Platform port Transmit command: 00 00 00 01 
Platform port Transmit transport_type: 00 00 00 01 
Platform port Transmit size: 00 00 00 0d 
Platform port Transmit buffer:
    05 13 e0 00 91 aa bb cc dd ee ff 00 91 
Platform port Receive command: 00 00 00 01 
Platform port Receive transport_type: 00 00 00 01 
Platform port Receive size: 00 00 00 05 
Platform port Receive buffer:
    05 13 7f 01 00 
libspdm_receive_spdm_response[0] msg SPDM_ERROR(0x7f), size (0x4): 
0000: 13 7f 01 00 
index - 0x92
RequesterContext - aa bb cc dd ee ff 00 92 
libspdm_send_spdm_request[0] msg SPDM_GET_MEASUREMENTS(0xe0), size (0xc): 
0000: 13 e0 00 92 aa bb cc dd ee ff 00 92 
Platform port Transmit command: 00 00 00 01 
Platform port Transmit transport_type: 00 00 00 01 
Platform port Transmit size: 00 00 00 0d 
Platform port Transmit buffer:
    05 13 e0 00 92 aa bb cc dd ee ff 00 92 
Platform port Receive command: 00 00 00 01 
Platform port Receive transport_type: 00 00 00 01 
Platform port Receive size: 00 00 00 05 
Platform port Receive buffer:
    05 13 7f 01 00 
libspdm_receive_spdm_response[0] msg SPDM_ERROR(0x7f), size (0x4): 
0000: 13 7f 01 00 
index - 0x93
RequesterContext - aa bb cc dd ee ff 00 93 
libspdm_send_spdm_request[0] msg SPDM_GET_MEASUREMENTS(0xe0), size (0xc): 
0000: 13 e0 00 93 aa bb cc dd ee ff 00 93 
Platform port Transmit command: 00 00 00 01 
Platform port Transmit transport_type: 00 00 00 01 
Platform port Transmit size: 00 00 00 0d 
Platform port Transmit buffer:
    05 13 e0 00 93 aa bb cc dd ee ff 00 93 
Platform port Receive command: 00 00 00 01 
Platform port Receive transport_type: 00 00 00 01 
Platform port Receive size: 00 00 00 05 
Platform port Receive buffer:
    05 13 7f 01 00 
libspdm_receive_spdm_response[0] msg SPDM_ERROR(0x7f), size (0x4): 
0000: 13 7f 01 00 
index - 0x94
RequesterContext - aa bb cc dd ee ff 00 94 
libspdm_send_spdm_request[0] msg SPDM_GET_MEASUREMENTS(0xe0), size (0xc): 
0000: 13 e0 00 94 aa bb cc dd ee ff 00 94 
Platform port Transmit command: 00 00 00 01 
Platform port Transmit transport_type: 00 00 00 01 
Platform port Transmit size: 00 00 00 0d 
Platform port Transmit buffer:
    05 13 e0 00 94 aa bb cc dd ee ff 00 94 
Platform port Receive command: 00 00 00 01 
Platform port Receive transport_type: 00 00 00 01 
Platform port Receive size: 00 00 00 05 
Platform port Receive buffer:
    05 13 7f 01 00 
libspdm_receive_spdm_response[0] msg SPDM_ERROR(0x7f), size (0x4): 
0000: 13 7f 01 00 
index - 0x95
RequesterContext - aa bb cc dd ee ff 00 95 
libspdm_send_spdm_request[0] msg SPDM_GET_MEASUREMENTS(0xe0), size (0xc): 
0000: 13 e0 00 95 aa bb cc dd ee ff 00 95 
Platform port Transmit command: 00 00 00 01 
Platform port Transmit transport_type: 00 00 00 01 
Platform port Transmit size: 00 00 00 0d 
Platform port Transmit buffer:
    05 13 e0 00 95 aa bb cc dd ee ff 00 95 
Platform port Receive command: 00 00 00 01 
Platform port Receive transport_type: 00 00 00 01 
Platform port Receive size: 00 00 00 05 
Platform port Receive buffer:
    05 13 7f 01 00 
libspdm_receive_spdm_response[0] msg SPDM_ERROR(0x7f), size (0x4): 
0000: 13 7f 01 00 
index - 0x96
RequesterContext - aa bb cc dd ee ff 00 96 
libspdm_send_spdm_request[0] msg SPDM_GET_MEASUREMENTS(0xe0), size (0xc): 
0000: 13 e0 00 96 aa bb cc dd ee ff 00 96 
Platform port Transmit command: 00 00 00 01 
Platform port Transmit transport_type: 00 00 00 01 
Platform port Transmit size: 00 00 00 0d 
Platform port Transmit buffer:
    05 13 e0 00 96 aa bb cc dd ee ff 00 96 
Platform port Receive command: 00 00 00 01 
Platform port Receive transport_type: 00 00 00 01 
Platform port Receive size: 00 00 00 05 
Platform port Receive buffer:
    05 13 7f 01 00 
libspdm_receive_spdm_response[0] msg SPDM_ERROR(0x7f), size (0x4): 
0000: 13 7f 01 00 
index - 0x97
RequesterContext - aa bb cc dd ee ff 00 97 
libspdm_send_spdm_request[0] msg SPDM_GET_MEASUREMENTS(0xe0), size (0xc): 
0000: 13 e0 00 97 aa bb cc dd ee ff 00 97 
Platform port Transmit command: 00 00 00 01 
Platform port Transmit transport_type: 00 00 00 01 
Platform port Transmit size: 00 00 00 0d 
Platform port Transmit buffer:
    05 13 e0 00 97 aa bb cc dd ee ff 00 97 
Platform port Receive command: 00 00 00 01 
Platform port Receive transport_type: 00 00 00 01 
Platform port Receive size: 00 00 00 05 
Platform port Receive buffer:
    05 13 7f 01 00 
libspdm_receive_spdm_response[0] msg SPDM_ERROR(0x7f), size (0x4): 
0000: 13 7f 01 00 
index - 0x98
RequesterContext - aa bb cc dd ee ff 00 98 
libspdm_send_spdm_request[0] msg SPDM_GET_MEASUREMENTS(0xe0), size (0xc): 
0000: 13 e0 00 98 aa bb cc dd ee ff 00 98 
Platform port Transmit command: 00 00 00 01 
Platform port Transmit transport_type: 00 00 00 01 
Platform port Transmit size: 00 00 00 0d 
Platform port Transmit buffer:
    05 13 e0 00 98 aa bb cc dd ee ff 00 98 
Platform port Receive command: 00 00 00 01 
Platform port Receive transport_type: 00 00 00 01 
Platform port Receive size: 00 00 00 05 
Platform port Receive buffer:
    05 13 7f 01 00 
libspdm_receive_spdm_response[0] msg SPDM_ERROR(0x7f), size (0x4): 
0000: 13 7f 01 00 
index - 0x99
RequesterContext - aa bb cc dd ee ff 00 99 
libspdm_send_spdm_request[0] msg SPDM_GET_MEASUREMENTS(0xe0), size (0xc): 
0000: 13 e0 00 99 aa bb cc dd ee ff 00 99 
Platform port Transmit command: 00 00 00 01 
Platform port Transmit transport_type: 00 00 00 01 
Platform port Transmit size: 00 00 00 0d 
Platform port Transmit buffer:
    05 13 e0 00 99 aa bb cc dd ee ff 00 99 
Platform port Receive command: 00 00 00 01 
Platform port Receive transport_type: 00 00 00 01 
Platform port Receive size: 00 00 00 05 
Platform port Receive buffer:
    05 13 7f 01 00 
libspdm_receive_spdm_response[0] msg SPDM_ERROR(0x7f), size (0x4): 
0000: 13 7f 01 00 
index - 0x9a
RequesterContext - aa bb cc dd ee ff 00 9a 
libspdm_send_spdm_request[0] msg SPDM_GET_MEASUREMENTS(0xe0), size (0xc): 
0000: 13 e0 00 9a aa bb cc dd ee ff 00 9a 
Platform port Transmit command: 00 00 00 01 
Platform port Transmit transport_type: 00 00 00 01 
Platform port Transmit size: 00 00 00 0d 
Platform port Transmit buffer:
    05 13 e0 00 9a aa bb cc dd ee ff 00 9a 
Platform port Receive command: 00 00 00 01 
Platform port Receive transport_type: 00 00 00 01 
Platform port Receive size: 00 00 00 05 
Platform port Receive buffer:
    05 13 7f 01 00 
libspdm_receive_spdm_response[0] msg SPDM_ERROR(0x7f), size (0x4): 
0000: 13 7f 01 00 
index - 0x9b
RequesterContext - aa bb cc dd ee ff 00 9b 
libspdm_send_spdm_request[0] msg SPDM_GET_MEASUREMENTS(0xe0), size (0xc): 
0000: 13 e0 00 9b aa bb cc dd ee ff 00 9b 
Platform port Transmit command: 00 00 00 01 
Platform port Transmit transport_type: 00 00 00 01 
Platform port Transmit size: 00 00 00 0d 
Platform port Transmit buffer:
    05 13 e0 00 9b aa bb cc dd ee ff 00 9b 
Platform port Receive command: 00 00 00 01 
Platform port Receive transport_type: 00 00 00 01 
Platform port Receive size: 00 00 00 05 
Platform port Receive buffer:
    05 13 7f 01 00 
libspdm_receive_spdm_response[0] msg SPDM_ERROR(0x7f), size (0x4): 
0000: 13 7f 01 00 
index - 0x9c
RequesterContext - aa bb cc dd ee ff 00 9c 
libspdm_send_spdm_request[0] msg SPDM_GET_MEASUREMENTS(0xe0), size (0xc): 
0000: 13 e0 00 9c aa bb cc dd ee ff 00 9c 
Platform port Transmit command: 00 00 00 01 
Platform port Transmit transport_type: 00 00 00 01 
Platform port Transmit size: 00 00 00 0d 
Platform port Transmit buffer:
    05 13 e0 00 9c aa bb cc dd ee ff 00 9c 
Platform port Receive command: 00 00 00 01 
Platform port Receive transport_type: 00 00 00 01 
Platform port Receive size: 00 00 00 05 
Platform port Receive buffer:
    05 13 7f 01 00 
libspdm_receive_spdm_response[0] msg SPDM_ERROR(0x7f), size (0x4): 
0000: 13 7f 01 00 
index - 0x9d
RequesterContext - aa bb cc dd ee ff 00 9d 
libspdm_send_spdm_request[0] msg SPDM_GET_MEASUREMENTS(0xe0), size (0xc): 
0000: 13 e0 00 9d aa bb cc dd ee ff 00 9d 
Platform port Transmit command: 00 00 00 01 
Platform port Transmit transport_type: 00 00 00 01 
Platform port Transmit size: 00 00 00 0d 
Platform port Transmit buffer:
    05 13 e0 00 9d aa bb cc dd ee ff 00 9d 
Platform port Receive command: 00 00 00 01 
Platform port Receive transport_type: 00 00 00 01 
Platform port Receive size: 00 00 00 05 
Platform port Receive buffer:
    05 13 7f 01 00 
libspdm_receive_spdm_response[0] msg SPDM_ERROR(0x7f), size (0x4): 
0000: 13 7f 01 00 
index - 0x9e
RequesterContext - aa bb cc dd ee ff 00 9e 
libspdm_send_spdm_request[0] msg SPDM_GET_MEASUREMENTS(0xe0), size (0xc): 
0000: 13 e0 00 9e aa bb cc dd ee ff 00 9e 
Platform port Transmit command: 00 00 00 01 
Platform port Transmit transport_type: 00 00 00 01 
Platform port Transmit size: 00 00 00 0d 
Platform port Transmit buffer:
    05 13 e0 00 9e aa bb cc dd ee ff 00 9e 
Platform port Receive command: 00 00 00 01 
Platform port Receive transport_type: 00 00 00 01 
Platform port Receive size: 00 00 00 05 
Platform port Receive buffer:
    05 13 7f 01 00 
libspdm_receive_spdm_response[0] msg SPDM_ERROR(0x7f), size (0x4): 
0000: 13 7f 01 00 
index - 0x9f
RequesterContext - aa bb cc dd ee ff 00 9f 
libspdm_send_spdm_request[0] msg SPDM_GET_MEASUREMENTS(0xe0), size (0xc): 
0000: 13 e0 00 9f aa bb cc dd ee ff 00 9f 
Platform port Transmit command: 00 00 00 01 
Platform port Transmit transport_type: 00 00 00 01 
Platform port Transmit size: 00 00 00 0d 
Platform port Transmit buffer:
    05 13 e0 00 9f aa bb cc dd ee ff 00 9f 
Platform port Receive command: 00 00 00 01 
Platform port Receive transport_type: 00 00 00 01 
Platform port Receive size: 00 00 00 05 
Platform port Receive buffer:
    05 13 7f 01 00 
libspdm_receive_spdm_response[0] msg SPDM_ERROR(0x7f), size (0x4): 
0000: 13 7f 01 00 
index - 0xa0
RequesterContext - aa bb cc dd ee ff 00 a0 
libspdm_send_spdm_request[0] msg SPDM_GET_MEASUREMENTS(0xe0), size (0xc): 
0000: 13 e0 00 a0 aa bb cc dd ee ff 00 a0 
Platform port Transmit command: 00 00 00 01 
Platform port Transmit transport_type: 00 00 00 01 
Platform port Transmit size: 00 00 00 0d 
Platform port Transmit buffer:
    05 13 e0 00 a0 aa bb cc dd ee ff 00 a0 
Platform port Receive command: 00 00 00 01 
Platform port Receive transport_type: 00 00 00 01 
Platform port Receive size: 00 00 00 05 
Platform port Receive buffer:
    05 13 7f 01 00 
libspdm_receive_spdm_response[0] msg SPDM_ERROR(0x7f), size (0x4): 
0000: 13 7f 01 00 
index - 0xa1
RequesterContext - aa bb cc dd ee ff 00 a1 
libspdm_send_spdm_request[0] msg SPDM_GET_MEASUREMENTS(0xe0), size (0xc): 
0000: 13 e0 00 a1 aa bb cc dd ee ff 00 a1 
Platform port Transmit command: 00 00 00 01 
Platform port Transmit transport_type: 00 00 00 01 
Platform port Transmit size: 00 00 00 0d 
Platform port Transmit buffer:
    05 13 e0 00 a1 aa bb cc dd ee ff 00 a1 
Platform port Receive command: 00 00 00 01 
Platform port Receive transport_type: 00 00 00 01 
Platform port Receive size: 00 00 00 05 
Platform port Receive buffer:
    05 13 7f 01 00 
libspdm_receive_spdm_response[0] msg SPDM_ERROR(0x7f), size (0x4): 
0000: 13 7f 01 00 
index - 0xa2
RequesterContext - aa bb cc dd ee ff 00 a2 
libspdm_send_spdm_request[0] msg SPDM_GET_MEASUREMENTS(0xe0), size (0xc): 
0000: 13 e0 00 a2 aa bb cc dd ee ff 00 a2 
Platform port Transmit command: 00 00 00 01 
Platform port Transmit transport_type: 00 00 00 01 
Platform port Transmit size: 00 00 00 0d 
Platform port Transmit buffer:
    05 13 e0 00 a2 aa bb cc dd ee ff 00 a2 
Platform port Receive command: 00 00 00 01 
Platform port Receive transport_type: 00 00 00 01 
Platform port Receive size: 00 00 00 05 
Platform port Receive buffer:
    05 13 7f 01 00 
libspdm_receive_spdm_response[0] msg SPDM_ERROR(0x7f), size (0x4): 
0000: 13 7f 01 00 
index - 0xa3
RequesterContext - aa bb cc dd ee ff 00 a3 
libspdm_send_spdm_request[0] msg SPDM_GET_MEASUREMENTS(0xe0), size (0xc): 
0000: 13 e0 00 a3 aa bb cc dd ee ff 00 a3 
Platform port Transmit command: 00 00 00 01 
Platform port Transmit transport_type: 00 00 00 01 
Platform port Transmit size: 00 00 00 0d 
Platform port Transmit buffer:
    05 13 e0 00 a3 aa bb cc dd ee ff 00 a3 
Platform port Receive command: 00 00 00 01 
Platform port Receive transport_type: 00 00 00 01 
Platform port Receive size: 00 00 00 05 
Platform port Receive buffer:
    05 13 7f 01 00 
libspdm_receive_spdm_response[0] msg SPDM_ERROR(0x7f), size (0x4): 
0000: 13 7f 01 00 
index - 0xa4
RequesterContext - aa bb cc dd ee ff 00 a4 
libspdm_send_spdm_request[0] msg SPDM_GET_MEASUREMENTS(0xe0), size (0xc): 
0000: 13 e0 00 a4 aa bb cc dd ee ff 00 a4 
Platform port Transmit command: 00 00 00 01 
Platform port Transmit transport_type: 00 00 00 01 
Platform port Transmit size: 00 00 00 0d 
Platform port Transmit buffer:
    05 13 e0 00 a4 aa bb cc dd ee ff 00 a4 
Platform port Receive command: 00 00 00 01 
Platform port Receive transport_type: 00 00 00 01 
Platform port Receive size: 00 00 00 05 
Platform port Receive buffer:
    05 13 7f 01 00 
libspdm_receive_spdm_response[0] msg SPDM_ERROR(0x7f), size (0x4): 
0000: 13 7f 01 00 
index - 0xa5
RequesterContext - aa bb cc dd ee ff 00 a5 
libspdm_send_spdm_request[0] msg SPDM_GET_MEASUREMENTS(0xe0), size (0xc): 
0000: 13 e0 00 a5 aa bb cc dd ee ff 00 a5 
Platform port Transmit command: 00 00 00 01 
Platform port Transmit transport_type: 00 00 00 01 
Platform port Transmit size: 00 00 00 0d 
Platform port Transmit buffer:
    05 13 e0 00 a5 aa bb cc dd ee ff 00 a5 
Platform port Receive command: 00 00 00 01 
Platform port Receive transport_type: 00 00 00 01 
Platform port Receive size: 00 00 00 05 
Platform port Receive buffer:
    05 13 7f 01 00 
libspdm_receive_spdm_response[0] msg SPDM_ERROR(0x7f), size (0x4): 
0000: 13 7f 01 00 
index - 0xa6
RequesterContext - aa bb cc dd ee ff 00 a6 
libspdm_send_spdm_request[0] msg SPDM_GET_MEASUREMENTS(0xe0), size (0xc): 
0000: 13 e0 00 a6 aa bb cc dd ee ff 00 a6 
Platform port Transmit command: 00 00 00 01 
Platform port Transmit transport_type: 00 00 00 01 
Platform port Transmit size: 00 00 00 0d 
Platform port Transmit buffer:
    05 13 e0 00 a6 aa bb cc dd ee ff 00 a6 
Platform port Receive command: 00 00 00 01 
Platform port Receive transport_type: 00 00 00 01 
Platform port Receive size: 00 00 00 05 
Platform port Receive buffer:
    05 13 7f 01 00 
libspdm_receive_spdm_response[0] msg SPDM_ERROR(0x7f), size (0x4): 
0000: 13 7f 01 00 
index - 0xa7
RequesterContext - aa bb cc dd ee ff 00 a7 
libspdm_send_spdm_request[0] msg SPDM_GET_MEASUREMENTS(0xe0), size (0xc): 
0000: 13 e0 00 a7 aa bb cc dd ee ff 00 a7 
Platform port Transmit command: 00 00 00 01 
Platform port Transmit transport_type: 00 00 00 01 
Platform port Transmit size: 00 00 00 0d 
Platform port Transmit buffer:
    05 13 e0 00 a7 aa bb cc dd ee ff 00 a7 
Platform port Receive command: 00 00 00 01 
Platform port Receive transport_type: 00 00 00 01 
Platform port Receive size: 00 00 00 05 
Platform port Receive buffer:
    05 13 7f 01 00 
libspdm_receive_spdm_response[0] msg SPDM_ERROR(0x7f), size (0x4): 
0000: 13 7f 01 00 
index - 0xa8
RequesterContext - aa bb cc dd ee ff 00 a8 
libspdm_send_spdm_request[0] msg SPDM_GET_MEASUREMENTS(0xe0), size (0xc): 
0000: 13 e0 00 a8 aa bb cc dd ee ff 00 a8 
Platform port Transmit command: 00 00 00 01 
Platform port Transmit transport_type: 00 00 00 01 
Platform port Transmit size: 00 00 00 0d 
Platform port Transmit buffer:
    05 13 e0 00 a8 aa bb cc dd ee ff 00 a8 
Platform port Receive command: 00 00 00 01 
Platform port Receive transport_type: 00 00 00 01 
Platform port Receive size: 00 00 00 05 
Platform port Receive buffer:
    05 13 7f 01 00 
libspdm_receive_spdm_response[0] msg SPDM_ERROR(0x7f), size (0x4): 
0000: 13 7f 01 00 
index - 0xa9
RequesterContext - aa bb cc dd ee ff 00 a9 
libspdm_send_spdm_request[0] msg SPDM_GET_MEASUREMENTS(0xe0), size (0xc): 
0000: 13 e0 00 a9 aa bb cc dd ee ff 00 a9 
Platform port Transmit command: 00 00 00 01 
Platform port Transmit transport_type: 00 00 00 01 
Platform port Transmit size: 00 00 00 0d 
Platform port Transmit buffer:
    05 13 e0 00 a9 aa bb cc dd ee ff 00 a9 
Platform port Receive command: 00 00 00 01 
Platform port Receive transport_type: 00 00 00 01 
Platform port Receive size: 00 00 00 05 
Platform port Receive buffer:
    05 13 7f 01 00 
libspdm_receive_spdm_response[0] msg SPDM_ERROR(0x7f), size (0x4): 
0000: 13 7f 01 00 
index - 0xaa
RequesterContext - aa bb cc dd ee ff 00 aa 
libspdm_send_spdm_request[0] msg SPDM_GET_MEASUREMENTS(0xe0), size (0xc): 
0000: 13 e0 00 aa aa bb cc dd ee ff 00 aa 
Platform port Transmit command: 00 00 00 01 
Platform port Transmit transport_type: 00 00 00 01 
Platform port Transmit size: 00 00 00 0d 
Platform port Transmit buffer:
    05 13 e0 00 aa aa bb cc dd ee ff 00 aa 
Platform port Receive command: 00 00 00 01 
Platform port Receive transport_type: 00 00 00 01 
Platform port Receive size: 00 00 00 05 
Platform port Receive buffer:
    05 13 7f 01 00 
libspdm_receive_spdm_response[0] msg SPDM_ERROR(0x7f), size (0x4): 
0000: 13 7f 01 00 
index - 0xab
RequesterContext - aa bb cc dd ee ff 00 ab 
libspdm_send_spdm_request[0] msg SPDM_GET_MEASUREMENTS(0xe0), size (0xc): 
0000: 13 e0 00 ab aa bb cc dd ee ff 00 ab 
Platform port Transmit command: 00 00 00 01 
Platform port Transmit transport_type: 00 00 00 01 
Platform port Transmit size: 00 00 00 0d 
Platform port Transmit buffer:
    05 13 e0 00 ab aa bb cc dd ee ff 00 ab 
Platform port Receive command: 00 00 00 01 
Platform port Receive transport_type: 00 00 00 01 
Platform port Receive size: 00 00 00 05 
Platform port Receive buffer:
    05 13 7f 01 00 
libspdm_receive_spdm_response[0] msg SPDM_ERROR(0x7f), size (0x4): 
0000: 13 7f 01 00 
index - 0xac
RequesterContext - aa bb cc dd ee ff 00 ac 
libspdm_send_spdm_request[0] msg SPDM_GET_MEASUREMENTS(0xe0), size (0xc): 
0000: 13 e0 00 ac aa bb cc dd ee ff 00 ac 
Platform port Transmit command: 00 00 00 01 
Platform port Transmit transport_type: 00 00 00 01 
Platform port Transmit size: 00 00 00 0d 
Platform port Transmit buffer:
    05 13 e0 00 ac aa bb cc dd ee ff 00 ac 
Platform port Receive command: 00 00 00 01 
Platform port Receive transport_type: 00 00 00 01 
Platform port Receive size: 00 00 00 05 
Platform port Receive buffer:
    05 13 7f 01 00 
libspdm_receive_spdm_response[0] msg SPDM_ERROR(0x7f), size (0x4): 
0000: 13 7f 01 00 
index - 0xad
RequesterContext - aa bb cc dd ee ff 00 ad 
libspdm_send_spdm_request[0] msg SPDM_GET_MEASUREMENTS(0xe0), size (0xc): 
0000: 13 e0 00 ad aa bb cc dd ee ff 00 ad 
Platform port Transmit command: 00 00 00 01 
Platform port Transmit transport_type: 00 00 00 01 
Platform port Transmit size: 00 00 00 0d 
Platform port Transmit buffer:
    05 13 e0 00 ad aa bb cc dd ee ff 00 ad 
Platform port Receive command: 00 00 00 01 
Platform port Receive transport_type: 00 00 00 01 
Platform port Receive size: 00 00 00 05 
Platform port Receive buffer:
    05 13 7f 01 00 
libspdm_receive_spdm_response[0] msg SPDM_ERROR(0x7f), size (0x4): 
0000: 13 7f 01 00 
index - 0xae
RequesterContext - aa bb cc dd ee ff 00 ae 
libspdm_send_spdm_request[0] msg SPDM_GET_MEASUREMENTS(0xe0), size (0xc): 
0000: 13 e0 00 ae aa bb cc dd ee ff 00 ae 
Platform port Transmit command: 00 00 00 01 
Platform port Transmit transport_type: 00 00 00 01 
Platform port Transmit size: 00 00 00 0d 
Platform port Transmit buffer:
    05 13 e0 00 ae aa bb cc dd ee ff 00 ae 
Platform port Receive command: 00 00 00 01 
Platform port Receive transport_type: 00 00 00 01 
Platform port Receive size: 00 00 00 05 
Platform port Receive buffer:
    05 13 7f 01 00 
libspdm_receive_spdm_response[0] msg SPDM_ERROR(0x7f), size (0x4): 
0000: 13 7f 01 00 
index - 0xaf
RequesterContext - aa bb cc dd ee ff 00 af 
libspdm_send_spdm_request[0] msg SPDM_GET_MEASUREMENTS(0xe0), size (0xc): 
0000: 13 e0 00 af aa bb cc dd ee ff 00 af 
Platform port Transmit command: 00 00 00 01 
Platform port Transmit transport_type: 00 00 00 01 
Platform port Transmit size: 00 00 00 0d 
Platform port Transmit buffer:
    05 13 e0 00 af aa bb cc dd ee ff 00 af 
Platform port Receive command: 00 00 00 01 
Platform port Receive transport_type: 00 00 00 01 
Platform port Receive size: 00 00 00 05 
Platform port Receive buffer:
    05 13 7f 01 00 
libspdm_receive_spdm_response[0] msg SPDM_ERROR(0x7f), size (0x4): 
0000: 13 7f 01 00 
index - 0xb0
RequesterContext - aa bb cc dd ee ff 00 b0 
libspdm_send_spdm_request[0] msg SPDM_GET_MEASUREMENTS(0xe0), size (0xc): 
0000: 13 e0 00 b0 aa bb cc dd ee ff 00 b0 
Platform port Transmit command: 00 00 00 01 
Platform port Transmit transport_type: 00 00 00 01 
Platform port Transmit size: 00 00 00 0d 
Platform port Transmit buffer:
    05 13 e0 00 b0 aa bb cc dd ee ff 00 b0 
Platform port Receive command: 00 00 00 01 
Platform port Receive transport_type: 00 00 00 01 
Platform port Receive size: 00 00 00 05 
Platform port Receive buffer:
    05 13 7f 01 00 
libspdm_receive_spdm_response[0] msg SPDM_ERROR(0x7f), size (0x4): 
0000: 13 7f 01 00 
index - 0xb1
RequesterContext - aa bb cc dd ee ff 00 b1 
libspdm_send_spdm_request[0] msg SPDM_GET_MEASUREMENTS(0xe0), size (0xc): 
0000: 13 e0 00 b1 aa bb cc dd ee ff 00 b1 
Platform port Transmit command: 00 00 00 01 
Platform port Transmit transport_type: 00 00 00 01 
Platform port Transmit size: 00 00 00 0d 
Platform port Transmit buffer:
    05 13 e0 00 b1 aa bb cc dd ee ff 00 b1 
Platform port Receive command: 00 00 00 01 
Platform port Receive transport_type: 00 00 00 01 
Platform port Receive size: 00 00 00 05 
Platform port Receive buffer:
    05 13 7f 01 00 
libspdm_receive_spdm_response[0] msg SPDM_ERROR(0x7f), size (0x4): 
0000: 13 7f 01 00 
index - 0xb2
RequesterContext - aa bb cc dd ee ff 00 b2 
libspdm_send_spdm_request[0] msg SPDM_GET_MEASUREMENTS(0xe0), size (0xc): 
0000: 13 e0 00 b2 aa bb cc dd ee ff 00 b2 
Platform port Transmit command: 00 00 00 01 
Platform port Transmit transport_type: 00 00 00 01 
Platform port Transmit size: 00 00 00 0d 
Platform port Transmit buffer:
    05 13 e0 00 b2 aa bb cc dd ee ff 00 b2 
Platform port Receive command: 00 00 00 01 
Platform port Receive transport_type: 00 00 00 01 
Platform port Receive size: 00 00 00 05 
Platform port Receive buffer:
    05 13 7f 01 00 
libspdm_receive_spdm_response[0] msg SPDM_ERROR(0x7f), size (0x4): 
0000: 13 7f 01 00 
index - 0xb3
RequesterContext - aa bb cc dd ee ff 00 b3 
libspdm_send_spdm_request[0] msg SPDM_GET_MEASUREMENTS(0xe0), size (0xc): 
0000: 13 e0 00 b3 aa bb cc dd ee ff 00 b3 
Platform port Transmit command: 00 00 00 01 
Platform port Transmit transport_type: 00 00 00 01 
Platform port Transmit size: 00 00 00 0d 
Platform port Transmit buffer:
    05 13 e0 00 b3 aa bb cc dd ee ff 00 b3 
Platform port Receive command: 00 00 00 01 
Platform port Receive transport_type: 00 00 00 01 
Platform port Receive size: 00 00 00 05 
Platform port Receive buffer:
    05 13 7f 01 00 
libspdm_receive_spdm_response[0] msg SPDM_ERROR(0x7f), size (0x4): 
0000: 13 7f 01 00 
index - 0xb4
RequesterContext - aa bb cc dd ee ff 00 b4 
libspdm_send_spdm_request[0] msg SPDM_GET_MEASUREMENTS(0xe0), size (0xc): 
0000: 13 e0 00 b4 aa bb cc dd ee ff 00 b4 
Platform port Transmit command: 00 00 00 01 
Platform port Transmit transport_type: 00 00 00 01 
Platform port Transmit size: 00 00 00 0d 
Platform port Transmit buffer:
    05 13 e0 00 b4 aa bb cc dd ee ff 00 b4 
Platform port Receive command: 00 00 00 01 
Platform port Receive transport_type: 00 00 00 01 
Platform port Receive size: 00 00 00 05 
Platform port Receive buffer:
    05 13 7f 01 00 
libspdm_receive_spdm_response[0] msg SPDM_ERROR(0x7f), size (0x4): 
0000: 13 7f 01 00 
index - 0xb5
RequesterContext - aa bb cc dd ee ff 00 b5 
libspdm_send_spdm_request[0] msg SPDM_GET_MEASUREMENTS(0xe0), size (0xc): 
0000: 13 e0 00 b5 aa bb cc dd ee ff 00 b5 
Platform port Transmit command: 00 00 00 01 
Platform port Transmit transport_type: 00 00 00 01 
Platform port Transmit size: 00 00 00 0d 
Platform port Transmit buffer:
    05 13 e0 00 b5 aa bb cc dd ee ff 00 b5 
Platform port Receive command: 00 00 00 01 
Platform port Receive transport_type: 00 00 00 01 
Platform port Receive size: 00 00 00 05 
Platform port Receive buffer:
    05 13 7f 01 00 
libspdm_receive_spdm_response[0] msg SPDM_ERROR(0x7f), size (0x4): 
0000: 13 7f 01 00 
index - 0xb6
RequesterContext - aa bb cc dd ee ff 00 b6 
libspdm_send_spdm_request[0] msg SPDM_GET_MEASUREMENTS(0xe0), size (0xc): 
0000: 13 e0 00 b6 aa bb cc dd ee ff 00 b6 
Platform port Transmit command: 00 00 00 01 
Platform port Transmit transport_type: 00 00 00 01 
Platform port Transmit size: 00 00 00 0d 
Platform port Transmit buffer:
    05 13 e0 00 b6 aa bb cc dd ee ff 00 b6 
Platform port Receive command: 00 00 00 01 
Platform port Receive transport_type: 00 00 00 01 
Platform port Receive size: 00 00 00 05 
Platform port Receive buffer:
    05 13 7f 01 00 
libspdm_receive_spdm_response[0] msg SPDM_ERROR(0x7f), size (0x4): 
0000: 13 7f 01 00 
index - 0xb7
RequesterContext - aa bb cc dd ee ff 00 b7 
libspdm_send_spdm_request[0] msg SPDM_GET_MEASUREMENTS(0xe0), size (0xc): 
0000: 13 e0 00 b7 aa bb cc dd ee ff 00 b7 
Platform port Transmit command: 00 00 00 01 
Platform port Transmit transport_type: 00 00 00 01 
Platform port Transmit size: 00 00 00 0d 
Platform port Transmit buffer:
    05 13 e0 00 b7 aa bb cc dd ee ff 00 b7 
Platform port Receive command: 00 00 00 01 
Platform port Receive transport_type: 00 00 00 01 
Platform port Receive size: 00 00 00 05 
Platform port Receive buffer:
    05 13 7f 01 00 
libspdm_receive_spdm_response[0] msg SPDM_ERROR(0x7f), size (0x4): 
0000: 13 7f 01 00 
index - 0xb8
RequesterContext - aa bb cc dd ee ff 00 b8 
libspdm_send_spdm_request[0] msg SPDM_GET_MEASUREMENTS(0xe0), size (0xc): 
0000: 13 e0 00 b8 aa bb cc dd ee ff 00 b8 
Platform port Transmit command: 00 00 00 01 
Platform port Transmit transport_type: 00 00 00 01 
Platform port Transmit size: 00 00 00 0d 
Platform port Transmit buffer:
    05 13 e0 00 b8 aa bb cc dd ee ff 00 b8 
Platform port Receive command: 00 00 00 01 
Platform port Receive transport_type: 00 00 00 01 
Platform port Receive size: 00 00 00 05 
Platform port Receive buffer:
    05 13 7f 01 00 
libspdm_receive_spdm_response[0] msg SPDM_ERROR(0x7f), size (0x4): 
0000: 13 7f 01 00 
index - 0xb9
RequesterContext - aa bb cc dd ee ff 00 b9 
libspdm_send_spdm_request[0] msg SPDM_GET_MEASUREMENTS(0xe0), size (0xc): 
0000: 13 e0 00 b9 aa bb cc dd ee ff 00 b9 
Platform port Transmit command: 00 00 00 01 
Platform port Transmit transport_type: 00 00 00 01 
Platform port Transmit size: 00 00 00 0d 
Platform port Transmit buffer:
    05 13 e0 00 b9 aa bb cc dd ee ff 00 b9 
Platform port Receive command: 00 00 00 01 
Platform port Receive transport_type: 00 00 00 01 
Platform port Receive size: 00 00 00 05 
Platform port Receive buffer:
    05 13 7f 01 00 
libspdm_receive_spdm_response[0] msg SPDM_ERROR(0x7f), size (0x4): 
0000: 13 7f 01 00 
index - 0xba
RequesterContext - aa bb cc dd ee ff 00 ba 
libspdm_send_spdm_request[0] msg SPDM_GET_MEASUREMENTS(0xe0), size (0xc): 
0000: 13 e0 00 ba aa bb cc dd ee ff 00 ba 
Platform port Transmit command: 00 00 00 01 
Platform port Transmit transport_type: 00 00 00 01 
Platform port Transmit size: 00 00 00 0d 
Platform port Transmit buffer:
    05 13 e0 00 ba aa bb cc dd ee ff 00 ba 
Platform port Receive command: 00 00 00 01 
Platform port Receive transport_type: 00 00 00 01 
Platform port Receive size: 00 00 00 05 
Platform port Receive buffer:
    05 13 7f 01 00 
libspdm_receive_spdm_response[0] msg SPDM_ERROR(0x7f), size (0x4): 
0000: 13 7f 01 00 
index - 0xbb
RequesterContext - aa bb cc dd ee ff 00 bb 
libspdm_send_spdm_request[0] msg SPDM_GET_MEASUREMENTS(0xe0), size (0xc): 
0000: 13 e0 00 bb aa bb cc dd ee ff 00 bb 
Platform port Transmit command: 00 00 00 01 
Platform port Transmit transport_type: 00 00 00 01 
Platform port Transmit size: 00 00 00 0d 
Platform port Transmit buffer:
    05 13 e0 00 bb aa bb cc dd ee ff 00 bb 
Platform port Receive command: 00 00 00 01 
Platform port Receive transport_type: 00 00 00 01 
Platform port Receive size: 00 00 00 05 
Platform port Receive buffer:
    05 13 7f 01 00 
libspdm_receive_spdm_response[0] msg SPDM_ERROR(0x7f), size (0x4): 
0000: 13 7f 01 00 
index - 0xbc
RequesterContext - aa bb cc dd ee ff 00 bc 
libspdm_send_spdm_request[0] msg SPDM_GET_MEASUREMENTS(0xe0), size (0xc): 
0000: 13 e0 00 bc aa bb cc dd ee ff 00 bc 
Platform port Transmit command: 00 00 00 01 
Platform port Transmit transport_type: 00 00 00 01 
Platform port Transmit size: 00 00 00 0d 
Platform port Transmit buffer:
    05 13 e0 00 bc aa bb cc dd ee ff 00 bc 
Platform port Receive command: 00 00 00 01 
Platform port Receive transport_type: 00 00 00 01 
Platform port Receive size: 00 00 00 05 
Platform port Receive buffer:
    05 13 7f 01 00 
libspdm_receive_spdm_response[0] msg SPDM_ERROR(0x7f), size (0x4): 
0000: 13 7f 01 00 
index - 0xbd
RequesterContext - aa bb cc dd ee ff 00 bd 
libspdm_send_spdm_request[0] msg SPDM_GET_MEASUREMENTS(0xe0), size (0xc): 
0000: 13 e0 00 bd aa bb cc dd ee ff 00 bd 
Platform port Transmit command: 00 00 00 01 
Platform port Transmit transport_type: 00 00 00 01 
Platform port Transmit size: 00 00 00 0d 
Platform port Transmit buffer:
    05 13 e0 00 bd aa bb cc dd ee ff 00 bd 
Platform port Receive command: 00 00 00 01 
Platform port Receive transport_type: 00 00 00 01 
Platform port Receive size: 00 00 00 05 
Platform port Receive buffer:
    05 13 7f 01 00 
libspdm_receive_spdm_response[0] msg SPDM_ERROR(0x7f), size (0x4): 
0000: 13 7f 01 00 
index - 0xbe
RequesterContext - aa bb cc dd ee ff 00 be 
libspdm_send_spdm_request[0] msg SPDM_GET_MEASUREMENTS(0xe0), size (0xc): 
0000: 13 e0 00 be aa bb cc dd ee ff 00 be 
Platform port Transmit command: 00 00 00 01 
Platform port Transmit transport_type: 00 00 00 01 
Platform port Transmit size: 00 00 00 0d 
Platform port Transmit buffer:
    05 13 e0 00 be aa bb cc dd ee ff 00 be 
Platform port Receive command: 00 00 00 01 
Platform port Receive transport_type: 00 00 00 01 
Platform port Receive size: 00 00 00 05 
Platform port Receive buffer:
    05 13 7f 01 00 
libspdm_receive_spdm_response[0] msg SPDM_ERROR(0x7f), size (0x4): 
0000: 13 7f 01 00 
index - 0xbf
RequesterContext - aa bb cc dd ee ff 00 bf 
libspdm_send_spdm_request[0] msg SPDM_GET_MEASUREMENTS(0xe0), size (0xc): 
0000: 13 e0 00 bf aa bb cc dd ee ff 00 bf 
Platform port Transmit command: 00 00 00 01 
Platform port Transmit transport_type: 00 00 00 01 
Platform port Transmit size: 00 00 00 0d 
Platform port Transmit buffer:
    05 13 e0 00 bf aa bb cc dd ee ff 00 bf 
Platform port Receive command: 00 00 00 01 
Platform port Receive transport_type: 00 00 00 01 
Platform port Receive size: 00 00 00 05 
Platform port Receive buffer:
    05 13 7f 01 00 
libspdm_receive_spdm_response[0] msg SPDM_ERROR(0x7f), size (0x4): 
0000: 13 7f 01 00 
index - 0xc0
RequesterContext - aa bb cc dd ee ff 00 c0 
libspdm_send_spdm_request[0] msg SPDM_GET_MEASUREMENTS(0xe0), size (0xc): 
0000: 13 e0 00 c0 aa bb cc dd ee ff 00 c0 
Platform port Transmit command: 00 00 00 01 
Platform port Transmit transport_type: 00 00 00 01 
Platform port Transmit size: 00 00 00 0d 
Platform port Transmit buffer:
    05 13 e0 00 c0 aa bb cc dd ee ff 00 c0 
Platform port Receive command: 00 00 00 01 
Platform port Receive transport_type: 00 00 00 01 
Platform port Receive size: 00 00 00 05 
Platform port Receive buffer:
    05 13 7f 01 00 
libspdm_receive_spdm_response[0] msg SPDM_ERROR(0x7f), size (0x4): 
0000: 13 7f 01 00 
index - 0xc1
RequesterContext - aa bb cc dd ee ff 00 c1 
libspdm_send_spdm_request[0] msg SPDM_GET_MEASUREMENTS(0xe0), size (0xc): 
0000: 13 e0 00 c1 aa bb cc dd ee ff 00 c1 
Platform port Transmit command: 00 00 00 01 
Platform port Transmit transport_type: 00 00 00 01 
Platform port Transmit size: 00 00 00 0d 
Platform port Transmit buffer:
    05 13 e0 00 c1 aa bb cc dd ee ff 00 c1 
Platform port Receive command: 00 00 00 01 
Platform port Receive transport_type: 00 00 00 01 
Platform port Receive size: 00 00 00 05 
Platform port Receive buffer:
    05 13 7f 01 00 
libspdm_receive_spdm_response[0] msg SPDM_ERROR(0x7f), size (0x4): 
0000: 13 7f 01 00 
index - 0xc2
RequesterContext - aa bb cc dd ee ff 00 c2 
libspdm_send_spdm_request[0] msg SPDM_GET_MEASUREMENTS(0xe0), size (0xc): 
0000: 13 e0 00 c2 aa bb cc dd ee ff 00 c2 
Platform port Transmit command: 00 00 00 01 
Platform port Transmit transport_type: 00 00 00 01 
Platform port Transmit size: 00 00 00 0d 
Platform port Transmit buffer:
    05 13 e0 00 c2 aa bb cc dd ee ff 00 c2 
Platform port Receive command: 00 00 00 01 
Platform port Receive transport_type: 00 00 00 01 
Platform port Receive size: 00 00 00 05 
Platform port Receive buffer:
    05 13 7f 01 00 
libspdm_receive_spdm_response[0] msg SPDM_ERROR(0x7f), size (0x4): 
0000: 13 7f 01 00 
index - 0xc3
RequesterContext - aa bb cc dd ee ff 00 c3 
libspdm_send_spdm_request[0] msg SPDM_GET_MEASUREMENTS(0xe0), size (0xc): 
0000: 13 e0 00 c3 aa bb cc dd ee ff 00 c3 
Platform port Transmit command: 00 00 00 01 
Platform port Transmit transport_type: 00 00 00 01 
Platform port Transmit size: 00 00 00 0d 
Platform port Transmit buffer:
    05 13 e0 00 c3 aa bb cc dd ee ff 00 c3 
Platform port Receive command: 00 00 00 01 
Platform port Receive transport_type: 00 00 00 01 
Platform port Receive size: 00 00 00 05 
Platform port Receive buffer:
    05 13 7f 01 00 
libspdm_receive_spdm_response[0] msg SPDM_ERROR(0x7f), size (0x4): 
0000: 13 7f 01 00 
index - 0xc4
RequesterContext - aa bb cc dd ee ff 00 c4 
libspdm_send_spdm_request[0] msg SPDM_GET_MEASUREMENTS(0xe0), size (0xc): 
0000: 13 e0 00 c4 aa bb cc dd ee ff 00 c4 
Platform port Transmit command: 00 00 00 01 
Platform port Transmit transport_type: 00 00 00 01 
Platform port Transmit size: 00 00 00 0d 
Platform port Transmit buffer:
    05 13 e0 00 c4 aa bb cc dd ee ff 00 c4 
Platform port Receive command: 00 00 00 01 
Platform port Receive transport_type: 00 00 00 01 
Platform port Receive size: 00 00 00 05 
Platform port Receive buffer:
    05 13 7f 01 00 
libspdm_receive_spdm_response[0] msg SPDM_ERROR(0x7f), size (0x4): 
0000: 13 7f 01 00 
index - 0xc5
RequesterContext - aa bb cc dd ee ff 00 c5 
libspdm_send_spdm_request[0] msg SPDM_GET_MEASUREMENTS(0xe0), size (0xc): 
0000: 13 e0 00 c5 aa bb cc dd ee ff 00 c5 
Platform port Transmit command: 00 00 00 01 
Platform port Transmit transport_type: 00 00 00 01 
Platform port Transmit size: 00 00 00 0d 
Platform port Transmit buffer:
    05 13 e0 00 c5 aa bb cc dd ee ff 00 c5 
Platform port Receive command: 00 00 00 01 
Platform port Receive transport_type: 00 00 00 01 
Platform port Receive size: 00 00 00 05 
Platform port Receive buffer:
    05 13 7f 01 00 
libspdm_receive_spdm_response[0] msg SPDM_ERROR(0x7f), size (0x4): 
0000: 13 7f 01 00 
index - 0xc6
RequesterContext - aa bb cc dd ee ff 00 c6 
libspdm_send_spdm_request[0] msg SPDM_GET_MEASUREMENTS(0xe0), size (0xc): 
0000: 13 e0 00 c6 aa bb cc dd ee ff 00 c6 
Platform port Transmit command: 00 00 00 01 
Platform port Transmit transport_type: 00 00 00 01 
Platform port Transmit size: 00 00 00 0d 
Platform port Transmit buffer:
    05 13 e0 00 c6 aa bb cc dd ee ff 00 c6 
Platform port Receive command: 00 00 00 01 
Platform port Receive transport_type: 00 00 00 01 
Platform port Receive size: 00 00 00 05 
Platform port Receive buffer:
    05 13 7f 01 00 
libspdm_receive_spdm_response[0] msg SPDM_ERROR(0x7f), size (0x4): 
0000: 13 7f 01 00 
index - 0xc7
RequesterContext - aa bb cc dd ee ff 00 c7 
libspdm_send_spdm_request[0] msg SPDM_GET_MEASUREMENTS(0xe0), size (0xc): 
0000: 13 e0 00 c7 aa bb cc dd ee ff 00 c7 
Platform port Transmit command: 00 00 00 01 
Platform port Transmit transport_type: 00 00 00 01 
Platform port Transmit size: 00 00 00 0d 
Platform port Transmit buffer:
    05 13 e0 00 c7 aa bb cc dd ee ff 00 c7 
Platform port Receive command: 00 00 00 01 
Platform port Receive transport_type: 00 00 00 01 
Platform port Receive size: 00 00 00 05 
Platform port Receive buffer:
    05 13 7f 01 00 
libspdm_receive_spdm_response[0] msg SPDM_ERROR(0x7f), size (0x4): 
0000: 13 7f 01 00 
index - 0xc8
RequesterContext - aa bb cc dd ee ff 00 c8 
libspdm_send_spdm_request[0] msg SPDM_GET_MEASUREMENTS(0xe0), size (0xc): 
0000: 13 e0 00 c8 aa bb cc dd ee ff 00 c8 
Platform port Transmit command: 00 00 00 01 
Platform port Transmit transport_type: 00 00 00 01 
Platform port Transmit size: 00 00 00 0d 
Platform port Transmit buffer:
    05 13 e0 00 c8 aa bb cc dd ee ff 00 c8 
Platform port Receive command: 00 00 00 01 
Platform port Receive transport_type: 00 00 00 01 
Platform port Receive size: 00 00 00 05 
Platform port Receive buffer:
    05 13 7f 01 00 
libspdm_receive_spdm_response[0] msg SPDM_ERROR(0x7f), size (0x4): 
0000: 13 7f 01 00 
index - 0xc9
RequesterContext - aa bb cc dd ee ff 00 c9 
libspdm_send_spdm_request[0] msg SPDM_GET_MEASUREMENTS(0xe0), size (0xc): 
0000: 13 e0 00 c9 aa bb cc dd ee ff 00 c9 
Platform port Transmit command: 00 00 00 01 
Platform port Transmit transport_type: 00 00 00 01 
Platform port Transmit size: 00 00 00 0d 
Platform port Transmit buffer:
    05 13 e0 00 c9 aa bb cc dd ee ff 00 c9 
Platform port Receive command: 00 00 00 01 
Platform port Receive transport_type: 00 00 00 01 
Platform port Receive size: 00 00 00 05 
Platform port Receive buffer:
    05 13 7f 01 00 
libspdm_receive_spdm_response[0] msg SPDM_ERROR(0x7f), size (0x4): 
0000: 13 7f 01 00 
index - 0xca
RequesterContext - aa bb cc dd ee ff 00 ca 
libspdm_send_spdm_request[0] msg SPDM_GET_MEASUREMENTS(0xe0), size (0xc): 
0000: 13 e0 00 ca aa bb cc dd ee ff 00 ca 
Platform port Transmit command: 00 00 00 01 
Platform port Transmit transport_type: 00 00 00 01 
Platform port Transmit size: 00 00 00 0d 
Platform port Transmit buffer:
    05 13 e0 00 ca aa bb cc dd ee ff 00 ca 
Platform port Receive command: 00 00 00 01 
Platform port Receive transport_type: 00 00 00 01 
Platform port Receive size: 00 00 00 05 
Platform port Receive buffer:
    05 13 7f 01 00 
libspdm_receive_spdm_response[0] msg SPDM_ERROR(0x7f), size (0x4): 
0000: 13 7f 01 00 
index - 0xcb
RequesterContext - aa bb cc dd ee ff 00 cb 
libspdm_send_spdm_request[0] msg SPDM_GET_MEASUREMENTS(0xe0), size (0xc): 
0000: 13 e0 00 cb aa bb cc dd ee ff 00 cb 
Platform port Transmit command: 00 00 00 01 
Platform port Transmit transport_type: 00 00 00 01 
Platform port Transmit size: 00 00 00 0d 
Platform port Transmit buffer:
    05 13 e0 00 cb aa bb cc dd ee ff 00 cb 
Platform port Receive command: 00 00 00 01 
Platform port Receive transport_type: 00 00 00 01 
Platform port Receive size: 00 00 00 05 
Platform port Receive buffer:
    05 13 7f 01 00 
libspdm_receive_spdm_response[0] msg SPDM_ERROR(0x7f), size (0x4): 
0000: 13 7f 01 00 
index - 0xcc
RequesterContext - aa bb cc dd ee ff 00 cc 
libspdm_send_spdm_request[0] msg SPDM_GET_MEASUREMENTS(0xe0), size (0xc): 
0000: 13 e0 00 cc aa bb cc dd ee ff 00 cc 
Platform port Transmit command: 00 00 00 01 
Platform port Transmit transport_type: 00 00 00 01 
Platform port Transmit size: 00 00 00 0d 
Platform port Transmit buffer:
    05 13 e0 00 cc aa bb cc dd ee ff 00 cc 
Platform port Receive command: 00 00 00 01 
Platform port Receive transport_type: 00 00 00 01 
Platform port Receive size: 00 00 00 05 
Platform port Receive buffer:
    05 13 7f 01 00 
libspdm_receive_spdm_response[0] msg SPDM_ERROR(0x7f), size (0x4): 
0000: 13 7f 01 00 
index - 0xcd
RequesterContext - aa bb cc dd ee ff 00 cd 
libspdm_send_spdm_request[0] msg SPDM_GET_MEASUREMENTS(0xe0), size (0xc): 
0000: 13 e0 00 cd aa bb cc dd ee ff 00 cd 
Platform port Transmit command: 00 00 00 01 
Platform port Transmit transport_type: 00 00 00 01 
Platform port Transmit size: 00 00 00 0d 
Platform port Transmit buffer:
    05 13 e0 00 cd aa bb cc dd ee ff 00 cd 
Platform port Receive command: 00 00 00 01 
Platform port Receive transport_type: 00 00 00 01 
Platform port Receive size: 00 00 00 05 
Platform port Receive buffer:
    05 13 7f 01 00 
libspdm_receive_spdm_response[0] msg SPDM_ERROR(0x7f), size (0x4): 
0000: 13 7f 01 00 
index - 0xce
RequesterContext - aa bb cc dd ee ff 00 ce 
libspdm_send_spdm_request[0] msg SPDM_GET_MEASUREMENTS(0xe0), size (0xc): 
0000: 13 e0 00 ce aa bb cc dd ee ff 00 ce 
Platform port Transmit command: 00 00 00 01 
Platform port Transmit transport_type: 00 00 00 01 
Platform port Transmit size: 00 00 00 0d 
Platform port Transmit buffer:
    05 13 e0 00 ce aa bb cc dd ee ff 00 ce 
Platform port Receive command: 00 00 00 01 
Platform port Receive transport_type: 00 00 00 01 
Platform port Receive size: 00 00 00 05 
Platform port Receive buffer:
    05 13 7f 01 00 
libspdm_receive_spdm_response[0] msg SPDM_ERROR(0x7f), size (0x4): 
0000: 13 7f 01 00 
index - 0xcf
RequesterContext - aa bb cc dd ee ff 00 cf 
libspdm_send_spdm_request[0] msg SPDM_GET_MEASUREMENTS(0xe0), size (0xc): 
0000: 13 e0 00 cf aa bb cc dd ee ff 00 cf 
Platform port Transmit command: 00 00 00 01 
Platform port Transmit transport_type: 00 00 00 01 
Platform port Transmit size: 00 00 00 0d 
Platform port Transmit buffer:
    05 13 e0 00 cf aa bb cc dd ee ff 00 cf 
Platform port Receive command: 00 00 00 01 
Platform port Receive transport_type: 00 00 00 01 
Platform port Receive size: 00 00 00 05 
Platform port Receive buffer:
    05 13 7f 01 00 
libspdm_receive_spdm_response[0] msg SPDM_ERROR(0x7f), size (0x4): 
0000: 13 7f 01 00 
index - 0xd0
RequesterContext - aa bb cc dd ee ff 00 d0 
libspdm_send_spdm_request[0] msg SPDM_GET_MEASUREMENTS(0xe0), size (0xc): 
0000: 13 e0 00 d0 aa bb cc dd ee ff 00 d0 
Platform port Transmit command: 00 00 00 01 
Platform port Transmit transport_type: 00 00 00 01 
Platform port Transmit size: 00 00 00 0d 
Platform port Transmit buffer:
    05 13 e0 00 d0 aa bb cc dd ee ff 00 d0 
Platform port Receive command: 00 00 00 01 
Platform port Receive transport_type: 00 00 00 01 
Platform port Receive size: 00 00 00 05 
Platform port Receive buffer:
    05 13 7f 01 00 
libspdm_receive_spdm_response[0] msg SPDM_ERROR(0x7f), size (0x4): 
0000: 13 7f 01 00 
index - 0xd1
RequesterContext - aa bb cc dd ee ff 00 d1 
libspdm_send_spdm_request[0] msg SPDM_GET_MEASUREMENTS(0xe0), size (0xc): 
0000: 13 e0 00 d1 aa bb cc dd ee ff 00 d1 
Platform port Transmit command: 00 00 00 01 
Platform port Transmit transport_type: 00 00 00 01 
Platform port Transmit size: 00 00 00 0d 
Platform port Transmit buffer:
    05 13 e0 00 d1 aa bb cc dd ee ff 00 d1 
Platform port Receive command: 00 00 00 01 
Platform port Receive transport_type: 00 00 00 01 
Platform port Receive size: 00 00 00 05 
Platform port Receive buffer:
    05 13 7f 01 00 
libspdm_receive_spdm_response[0] msg SPDM_ERROR(0x7f), size (0x4): 
0000: 13 7f 01 00 
index - 0xd2
RequesterContext - aa bb cc dd ee ff 00 d2 
libspdm_send_spdm_request[0] msg SPDM_GET_MEASUREMENTS(0xe0), size (0xc): 
0000: 13 e0 00 d2 aa bb cc dd ee ff 00 d2 
Platform port Transmit command: 00 00 00 01 
Platform port Transmit transport_type: 00 00 00 01 
Platform port Transmit size: 00 00 00 0d 
Platform port Transmit buffer:
    05 13 e0 00 d2 aa bb cc dd ee ff 00 d2 
Platform port Receive command: 00 00 00 01 
Platform port Receive transport_type: 00 00 00 01 
Platform port Receive size: 00 00 00 05 
Platform port Receive buffer:
    05 13 7f 01 00 
libspdm_receive_spdm_response[0] msg SPDM_ERROR(0x7f), size (0x4): 
0000: 13 7f 01 00 
index - 0xd3
RequesterContext - aa bb cc dd ee ff 00 d3 
libspdm_send_spdm_request[0] msg SPDM_GET_MEASUREMENTS(0xe0), size (0xc): 
0000: 13 e0 00 d3 aa bb cc dd ee ff 00 d3 
Platform port Transmit command: 00 00 00 01 
Platform port Transmit transport_type: 00 00 00 01 
Platform port Transmit size: 00 00 00 0d 
Platform port Transmit buffer:
    05 13 e0 00 d3 aa bb cc dd ee ff 00 d3 
Platform port Receive command: 00 00 00 01 
Platform port Receive transport_type: 00 00 00 01 
Platform port Receive size: 00 00 00 05 
Platform port Receive buffer:
    05 13 7f 01 00 
libspdm_receive_spdm_response[0] msg SPDM_ERROR(0x7f), size (0x4): 
0000: 13 7f 01 00 
index - 0xd4
RequesterContext - aa bb cc dd ee ff 00 d4 
libspdm_send_spdm_request[0] msg SPDM_GET_MEASUREMENTS(0xe0), size (0xc): 
0000: 13 e0 00 d4 aa bb cc dd ee ff 00 d4 
Platform port Transmit command: 00 00 00 01 
Platform port Transmit transport_type: 00 00 00 01 
Platform port Transmit size: 00 00 00 0d 
Platform port Transmit buffer:
    05 13 e0 00 d4 aa bb cc dd ee ff 00 d4 
Platform port Receive command: 00 00 00 01 
Platform port Receive transport_type: 00 00 00 01 
Platform port Receive size: 00 00 00 05 
Platform port Receive buffer:
    05 13 7f 01 00 
libspdm_receive_spdm_response[0] msg SPDM_ERROR(0x7f), size (0x4): 
0000: 13 7f 01 00 
index - 0xd5
RequesterContext - aa bb cc dd ee ff 00 d5 
libspdm_send_spdm_request[0] msg SPDM_GET_MEASUREMENTS(0xe0), size (0xc): 
0000: 13 e0 00 d5 aa bb cc dd ee ff 00 d5 
Platform port Transmit command: 00 00 00 01 
Platform port Transmit transport_type: 00 00 00 01 
Platform port Transmit size: 00 00 00 0d 
Platform port Transmit buffer:
    05 13 e0 00 d5 aa bb cc dd ee ff 00 d5 
Platform port Receive command: 00 00 00 01 
Platform port Receive transport_type: 00 00 00 01 
Platform port Receive size: 00 00 00 05 
Platform port Receive buffer:
    05 13 7f 01 00 
libspdm_receive_spdm_response[0] msg SPDM_ERROR(0x7f), size (0x4): 
0000: 13 7f 01 00 
index - 0xd6
RequesterContext - aa bb cc dd ee ff 00 d6 
libspdm_send_spdm_request[0] msg SPDM_GET_MEASUREMENTS(0xe0), size (0xc): 
0000: 13 e0 00 d6 aa bb cc dd ee ff 00 d6 
Platform port Transmit command: 00 00 00 01 
Platform port Transmit transport_type: 00 00 00 01 
Platform port Transmit size: 00 00 00 0d 
Platform port Transmit buffer:
    05 13 e0 00 d6 aa bb cc dd ee ff 00 d6 
Platform port Receive command: 00 00 00 01 
Platform port Receive transport_type: 00 00 00 01 
Platform port Receive size: 00 00 00 05 
Platform port Receive buffer:
    05 13 7f 01 00 
libspdm_receive_spdm_response[0] msg SPDM_ERROR(0x7f), size (0x4): 
0000: 13 7f 01 00 
index - 0xd7
RequesterContext - aa bb cc dd ee ff 00 d7 
libspdm_send_spdm_request[0] msg SPDM_GET_MEASUREMENTS(0xe0), size (0xc): 
0000: 13 e0 00 d7 aa bb cc dd ee ff 00 d7 
Platform port Transmit command: 00 00 00 01 
Platform port Transmit transport_type: 00 00 00 01 
Platform port Transmit size: 00 00 00 0d 
Platform port Transmit buffer:
    05 13 e0 00 d7 aa bb cc dd ee ff 00 d7 
Platform port Receive command: 00 00 00 01 
Platform port Receive transport_type: 00 00 00 01 
Platform port Receive size: 00 00 00 05 
Platform port Receive buffer:
    05 13 7f 01 00 
libspdm_receive_spdm_response[0] msg SPDM_ERROR(0x7f), size (0x4): 
0000: 13 7f 01 00 
index - 0xd8
RequesterContext - aa bb cc dd ee ff 00 d8 
libspdm_send_spdm_request[0] msg SPDM_GET_MEASUREMENTS(0xe0), size (0xc): 
0000: 13 e0 00 d8 aa bb cc dd ee ff 00 d8 
Platform port Transmit command: 00 00 00 01 
Platform port Transmit transport_type: 00 00 00 01 
Platform port Transmit size: 00 00 00 0d 
Platform port Transmit buffer:
    05 13 e0 00 d8 aa bb cc dd ee ff 00 d8 
Platform port Receive command: 00 00 00 01 
Platform port Receive transport_type: 00 00 00 01 
Platform port Receive size: 00 00 00 05 
Platform port Receive buffer:
    05 13 7f 01 00 
libspdm_receive_spdm_response[0] msg SPDM_ERROR(0x7f), size (0x4): 
0000: 13 7f 01 00 
index - 0xd9
RequesterContext - aa bb cc dd ee ff 00 d9 
libspdm_send_spdm_request[0] msg SPDM_GET_MEASUREMENTS(0xe0), size (0xc): 
0000: 13 e0 00 d9 aa bb cc dd ee ff 00 d9 
Platform port Transmit command: 00 00 00 01 
Platform port Transmit transport_type: 00 00 00 01 
Platform port Transmit size: 00 00 00 0d 
Platform port Transmit buffer:
    05 13 e0 00 d9 aa bb cc dd ee ff 00 d9 
Platform port Receive command: 00 00 00 01 
Platform port Receive transport_type: 00 00 00 01 
Platform port Receive size: 00 00 00 05 
Platform port Receive buffer:
    05 13 7f 01 00 
libspdm_receive_spdm_response[0] msg SPDM_ERROR(0x7f), size (0x4): 
0000: 13 7f 01 00 
index - 0xda
RequesterContext - aa bb cc dd ee ff 00 da 
libspdm_send_spdm_request[0] msg SPDM_GET_MEASUREMENTS(0xe0), size (0xc): 
0000: 13 e0 00 da aa bb cc dd ee ff 00 da 
Platform port Transmit command: 00 00 00 01 
Platform port Transmit transport_type: 00 00 00 01 
Platform port Transmit size: 00 00 00 0d 
Platform port Transmit buffer:
    05 13 e0 00 da aa bb cc dd ee ff 00 da 
Platform port Receive command: 00 00 00 01 
Platform port Receive transport_type: 00 00 00 01 
Platform port Receive size: 00 00 00 05 
Platform port Receive buffer:
    05 13 7f 01 00 
libspdm_receive_spdm_response[0] msg SPDM_ERROR(0x7f), size (0x4): 
0000: 13 7f 01 00 
index - 0xdb
RequesterContext - aa bb cc dd ee ff 00 db 
libspdm_send_spdm_request[0] msg SPDM_GET_MEASUREMENTS(0xe0), size (0xc): 
0000: 13 e0 00 db aa bb cc dd ee ff 00 db 
Platform port Transmit command: 00 00 00 01 
Platform port Transmit transport_type: 00 00 00 01 
Platform port Transmit size: 00 00 00 0d 
Platform port Transmit buffer:
    05 13 e0 00 db aa bb cc dd ee ff 00 db 
Platform port Receive command: 00 00 00 01 
Platform port Receive transport_type: 00 00 00 01 
Platform port Receive size: 00 00 00 05 
Platform port Receive buffer:
    05 13 7f 01 00 
libspdm_receive_spdm_response[0] msg SPDM_ERROR(0x7f), size (0x4): 
0000: 13 7f 01 00 
index - 0xdc
RequesterContext - aa bb cc dd ee ff 00 dc 
libspdm_send_spdm_request[0] msg SPDM_GET_MEASUREMENTS(0xe0), size (0xc): 
0000: 13 e0 00 dc aa bb cc dd ee ff 00 dc 
Platform port Transmit command: 00 00 00 01 
Platform port Transmit transport_type: 00 00 00 01 
Platform port Transmit size: 00 00 00 0d 
Platform port Transmit buffer:
    05 13 e0 00 dc aa bb cc dd ee ff 00 dc 
Platform port Receive command: 00 00 00 01 
Platform port Receive transport_type: 00 00 00 01 
Platform port Receive size: 00 00 00 05 
Platform port Receive buffer:
    05 13 7f 01 00 
libspdm_receive_spdm_response[0] msg SPDM_ERROR(0x7f), size (0x4): 
0000: 13 7f 01 00 
index - 0xdd
RequesterContext - aa bb cc dd ee ff 00 dd 
libspdm_send_spdm_request[0] msg SPDM_GET_MEASUREMENTS(0xe0), size (0xc): 
0000: 13 e0 00 dd aa bb cc dd ee ff 00 dd 
Platform port Transmit command: 00 00 00 01 
Platform port Transmit transport_type: 00 00 00 01 
Platform port Transmit size: 00 00 00 0d 
Platform port Transmit buffer:
    05 13 e0 00 dd aa bb cc dd ee ff 00 dd 
Platform port Receive command: 00 00 00 01 
Platform port Receive transport_type: 00 00 00 01 
Platform port Receive size: 00 00 00 05 
Platform port Receive buffer:
    05 13 7f 01 00 
libspdm_receive_spdm_response[0] msg SPDM_ERROR(0x7f), size (0x4): 
0000: 13 7f 01 00 
index - 0xde
RequesterContext - aa bb cc dd ee ff 00 de 
libspdm_send_spdm_request[0] msg SPDM_GET_MEASUREMENTS(0xe0), size (0xc): 
0000: 13 e0 00 de aa bb cc dd ee ff 00 de 
Platform port Transmit command: 00 00 00 01 
Platform port Transmit transport_type: 00 00 00 01 
Platform port Transmit size: 00 00 00 0d 
Platform port Transmit buffer:
    05 13 e0 00 de aa bb cc dd ee ff 00 de 
Platform port Receive command: 00 00 00 01 
Platform port Receive transport_type: 00 00 00 01 
Platform port Receive size: 00 00 00 05 
Platform port Receive buffer:
    05 13 7f 01 00 
libspdm_receive_spdm_response[0] msg SPDM_ERROR(0x7f), size (0x4): 
0000: 13 7f 01 00 
index - 0xdf
RequesterContext - aa bb cc dd ee ff 00 df 
libspdm_send_spdm_request[0] msg SPDM_GET_MEASUREMENTS(0xe0), size (0xc): 
0000: 13 e0 00 df aa bb cc dd ee ff 00 df 
Platform port Transmit command: 00 00 00 01 
Platform port Transmit transport_type: 00 00 00 01 
Platform port Transmit size: 00 00 00 0d 
Platform port Transmit buffer:
    05 13 e0 00 df aa bb cc dd ee ff 00 df 
Platform port Receive command: 00 00 00 01 
Platform port Receive transport_type: 00 00 00 01 
Platform port Receive size: 00 00 00 05 
Platform port Receive buffer:
    05 13 7f 01 00 
libspdm_receive_spdm_response[0] msg SPDM_ERROR(0x7f), size (0x4): 
0000: 13 7f 01 00 
index - 0xe0
RequesterContext - aa bb cc dd ee ff 00 e0 
libspdm_send_spdm_request[0] msg SPDM_GET_MEASUREMENTS(0xe0), size (0xc): 
0000: 13 e0 00 e0 aa bb cc dd ee ff 00 e0 
Platform port Transmit command: 00 00 00 01 
Platform port Transmit transport_type: 00 00 00 01 
Platform port Transmit size: 00 00 00 0d 
Platform port Transmit buffer:
    05 13 e0 00 e0 aa bb cc dd ee ff 00 e0 
Platform port Receive command: 00 00 00 01 
Platform port Receive transport_type: 00 00 00 01 
Platform port Receive size: 00 00 00 05 
Platform port Receive buffer:
    05 13 7f 01 00 
libspdm_receive_spdm_response[0] msg SPDM_ERROR(0x7f), size (0x4): 
0000: 13 7f 01 00 
index - 0xe1
RequesterContext - aa bb cc dd ee ff 00 e1 
libspdm_send_spdm_request[0] msg SPDM_GET_MEASUREMENTS(0xe0), size (0xc): 
0000: 13 e0 00 e1 aa bb cc dd ee ff 00 e1 
Platform port Transmit command: 00 00 00 01 
Platform port Transmit transport_type: 00 00 00 01 
Platform port Transmit size: 00 00 00 0d 
Platform port Transmit buffer:
    05 13 e0 00 e1 aa bb cc dd ee ff 00 e1 
Platform port Receive command: 00 00 00 01 
Platform port Receive transport_type: 00 00 00 01 
Platform port Receive size: 00 00 00 05 
Platform port Receive buffer:
    05 13 7f 01 00 
libspdm_receive_spdm_response[0] msg SPDM_ERROR(0x7f), size (0x4): 
0000: 13 7f 01 00 
index - 0xe2
RequesterContext - aa bb cc dd ee ff 00 e2 
libspdm_send_spdm_request[0] msg SPDM_GET_MEASUREMENTS(0xe0), size (0xc): 
0000: 13 e0 00 e2 aa bb cc dd ee ff 00 e2 
Platform port Transmit command: 00 00 00 01 
Platform port Transmit transport_type: 00 00 00 01 
Platform port Transmit size: 00 00 00 0d 
Platform port Transmit buffer:
    05 13 e0 00 e2 aa bb cc dd ee ff 00 e2 
Platform port Receive command: 00 00 00 01 
Platform port Receive transport_type: 00 00 00 01 
Platform port Receive size: 00 00 00 05 
Platform port Receive buffer:
    05 13 7f 01 00 
libspdm_receive_spdm_response[0] msg SPDM_ERROR(0x7f), size (0x4): 
0000: 13 7f 01 00 
index - 0xe3
RequesterContext - aa bb cc dd ee ff 00 e3 
libspdm_send_spdm_request[0] msg SPDM_GET_MEASUREMENTS(0xe0), size (0xc): 
0000: 13 e0 00 e3 aa bb cc dd ee ff 00 e3 
Platform port Transmit command: 00 00 00 01 
Platform port Transmit transport_type: 00 00 00 01 
Platform port Transmit size: 00 00 00 0d 
Platform port Transmit buffer:
    05 13 e0 00 e3 aa bb cc dd ee ff 00 e3 
Platform port Receive command: 00 00 00 01 
Platform port Receive transport_type: 00 00 00 01 
Platform port Receive size: 00 00 00 05 
Platform port Receive buffer:
    05 13 7f 01 00 
libspdm_receive_spdm_response[0] msg SPDM_ERROR(0x7f), size (0x4): 
0000: 13 7f 01 00 
index - 0xe4
RequesterContext - aa bb cc dd ee ff 00 e4 
libspdm_send_spdm_request[0] msg SPDM_GET_MEASUREMENTS(0xe0), size (0xc): 
0000: 13 e0 00 e4 aa bb cc dd ee ff 00 e4 
Platform port Transmit command: 00 00 00 01 
Platform port Transmit transport_type: 00 00 00 01 
Platform port Transmit size: 00 00 00 0d 
Platform port Transmit buffer:
    05 13 e0 00 e4 aa bb cc dd ee ff 00 e4 
Platform port Receive command: 00 00 00 01 
Platform port Receive transport_type: 00 00 00 01 
Platform port Receive size: 00 00 00 05 
Platform port Receive buffer:
    05 13 7f 01 00 
libspdm_receive_spdm_response[0] msg SPDM_ERROR(0x7f), size (0x4): 
0000: 13 7f 01 00 
index - 0xe5
RequesterContext - aa bb cc dd ee ff 00 e5 
libspdm_send_spdm_request[0] msg SPDM_GET_MEASUREMENTS(0xe0), size (0xc): 
0000: 13 e0 00 e5 aa bb cc dd ee ff 00 e5 
Platform port Transmit command: 00 00 00 01 
Platform port Transmit transport_type: 00 00 00 01 
Platform port Transmit size: 00 00 00 0d 
Platform port Transmit buffer:
    05 13 e0 00 e5 aa bb cc dd ee ff 00 e5 
Platform port Receive command: 00 00 00 01 
Platform port Receive transport_type: 00 00 00 01 
Platform port Receive size: 00 00 00 05 
Platform port Receive buffer:
    05 13 7f 01 00 
libspdm_receive_spdm_response[0] msg SPDM_ERROR(0x7f), size (0x4): 
0000: 13 7f 01 00 
index - 0xe6
RequesterContext - aa bb cc dd ee ff 00 e6 
libspdm_send_spdm_request[0] msg SPDM_GET_MEASUREMENTS(0xe0), size (0xc): 
0000: 13 e0 00 e6 aa bb cc dd ee ff 00 e6 
Platform port Transmit command: 00 00 00 01 
Platform port Transmit transport_type: 00 00 00 01 
Platform port Transmit size: 00 00 00 0d 
Platform port Transmit buffer:
    05 13 e0 00 e6 aa bb cc dd ee ff 00 e6 
Platform port Receive command: 00 00 00 01 
Platform port Receive transport_type: 00 00 00 01 
Platform port Receive size: 00 00 00 05 
Platform port Receive buffer:
    05 13 7f 01 00 
libspdm_receive_spdm_response[0] msg SPDM_ERROR(0x7f), size (0x4): 
0000: 13 7f 01 00 
index - 0xe7
RequesterContext - aa bb cc dd ee ff 00 e7 
libspdm_send_spdm_request[0] msg SPDM_GET_MEASUREMENTS(0xe0), size (0xc): 
0000: 13 e0 00 e7 aa bb cc dd ee ff 00 e7 
Platform port Transmit command: 00 00 00 01 
Platform port Transmit transport_type: 00 00 00 01 
Platform port Transmit size: 00 00 00 0d 
Platform port Transmit buffer:
    05 13 e0 00 e7 aa bb cc dd ee ff 00 e7 
Platform port Receive command: 00 00 00 01 
Platform port Receive transport_type: 00 00 00 01 
Platform port Receive size: 00 00 00 05 
Platform port Receive buffer:
    05 13 7f 01 00 
libspdm_receive_spdm_response[0] msg SPDM_ERROR(0x7f), size (0x4): 
0000: 13 7f 01 00 
index - 0xe8
RequesterContext - aa bb cc dd ee ff 00 e8 
libspdm_send_spdm_request[0] msg SPDM_GET_MEASUREMENTS(0xe0), size (0xc): 
0000: 13 e0 00 e8 aa bb cc dd ee ff 00 e8 
Platform port Transmit command: 00 00 00 01 
Platform port Transmit transport_type: 00 00 00 01 
Platform port Transmit size: 00 00 00 0d 
Platform port Transmit buffer:
    05 13 e0 00 e8 aa bb cc dd ee ff 00 e8 
Platform port Receive command: 00 00 00 01 
Platform port Receive transport_type: 00 00 00 01 
Platform port Receive size: 00 00 00 05 
Platform port Receive buffer:
    05 13 7f 01 00 
libspdm_receive_spdm_response[0] msg SPDM_ERROR(0x7f), size (0x4): 
0000: 13 7f 01 00 
index - 0xe9
RequesterContext - aa bb cc dd ee ff 00 e9 
libspdm_send_spdm_request[0] msg SPDM_GET_MEASUREMENTS(0xe0), size (0xc): 
0000: 13 e0 00 e9 aa bb cc dd ee ff 00 e9 
Platform port Transmit command: 00 00 00 01 
Platform port Transmit transport_type: 00 00 00 01 
Platform port Transmit size: 00 00 00 0d 
Platform port Transmit buffer:
    05 13 e0 00 e9 aa bb cc dd ee ff 00 e9 
Platform port Receive command: 00 00 00 01 
Platform port Receive transport_type: 00 00 00 01 
Platform port Receive size: 00 00 00 05 
Platform port Receive buffer:
    05 13 7f 01 00 
libspdm_receive_spdm_response[0] msg SPDM_ERROR(0x7f), size (0x4): 
0000: 13 7f 01 00 
index - 0xea
RequesterContext - aa bb cc dd ee ff 00 ea 
libspdm_send_spdm_request[0] msg SPDM_GET_MEASUREMENTS(0xe0), size (0xc): 
0000: 13 e0 00 ea aa bb cc dd ee ff 00 ea 
Platform port Transmit command: 00 00 00 01 
Platform port Transmit transport_type: 00 00 00 01 
Platform port Transmit size: 00 00 00 0d 
Platform port Transmit buffer:
    05 13 e0 00 ea aa bb cc dd ee ff 00 ea 
Platform port Receive command: 00 00 00 01 
Platform port Receive transport_type: 00 00 00 01 
Platform port Receive size: 00 00 00 05 
Platform port Receive buffer:
    05 13 7f 01 00 
libspdm_receive_spdm_response[0] msg SPDM_ERROR(0x7f), size (0x4): 
0000: 13 7f 01 00 
index - 0xeb
RequesterContext - aa bb cc dd ee ff 00 eb 
libspdm_send_spdm_request[0] msg SPDM_GET_MEASUREMENTS(0xe0), size (0xc): 
0000: 13 e0 00 eb aa bb cc dd ee ff 00 eb 
Platform port Transmit command: 00 00 00 01 
Platform port Transmit transport_type: 00 00 00 01 
Platform port Transmit size: 00 00 00 0d 
Platform port Transmit buffer:
    05 13 e0 00 eb aa bb cc dd ee ff 00 eb 
Platform port Receive command: 00 00 00 01 
Platform port Receive transport_type: 00 00 00 01 
Platform port Receive size: 00 00 00 05 
Platform port Receive buffer:
    05 13 7f 01 00 
libspdm_receive_spdm_response[0] msg SPDM_ERROR(0x7f), size (0x4): 
0000: 13 7f 01 00 
index - 0xec
RequesterContext - aa bb cc dd ee ff 00 ec 
libspdm_send_spdm_request[0] msg SPDM_GET_MEASUREMENTS(0xe0), size (0xc): 
0000: 13 e0 00 ec aa bb cc dd ee ff 00 ec 
Platform port Transmit command: 00 00 00 01 
Platform port Transmit transport_type: 00 00 00 01 
Platform port Transmit size: 00 00 00 0d 
Platform port Transmit buffer:
    05 13 e0 00 ec aa bb cc dd ee ff 00 ec 
Platform port Receive command: 00 00 00 01 
Platform port Receive transport_type: 00 00 00 01 
Platform port Receive size: 00 00 00 05 
Platform port Receive buffer:
    05 13 7f 01 00 
libspdm_receive_spdm_response[0] msg SPDM_ERROR(0x7f), size (0x4): 
0000: 13 7f 01 00 
index - 0xed
RequesterContext - aa bb cc dd ee ff 00 ed 
libspdm_send_spdm_request[0] msg SPDM_GET_MEASUREMENTS(0xe0), size (0xc): 
0000: 13 e0 00 ed aa bb cc dd ee ff 00 ed 
Platform port Transmit command: 00 00 00 01 
Platform port Transmit transport_type: 00 00 00 01 
Platform port Transmit size: 00 00 00 0d 
Platform port Transmit buffer:
    05 13 e0 00 ed aa bb cc dd ee ff 00 ed 
Platform port Receive command: 00 00 00 01 
Platform port Receive transport_type: 00 00 00 01 
Platform port Receive size: 00 00 00 05 
Platform port Receive buffer:
    05 13 7f 01 00 
libspdm_receive_spdm_response[0] msg SPDM_ERROR(0x7f), size (0x4): 
0000: 13 7f 01 00 
index - 0xee
RequesterContext - aa bb cc dd ee ff 00 ee 
libspdm_send_spdm_request[0] msg SPDM_GET_MEASUREMENTS(0xe0), size (0xc): 
0000: 13 e0 00 ee aa bb cc dd ee ff 00 ee 
Platform port Transmit command: 00 00 00 01 
Platform port Transmit transport_type: 00 00 00 01 
Platform port Transmit size: 00 00 00 0d 
Platform port Transmit buffer:
    05 13 e0 00 ee aa bb cc dd ee ff 00 ee 
Platform port Receive command: 00 00 00 01 
Platform port Receive transport_type: 00 00 00 01 
Platform port Receive size: 00 00 00 05 
Platform port Receive buffer:
    05 13 7f 01 00 
libspdm_receive_spdm_response[0] msg SPDM_ERROR(0x7f), size (0x4): 
0000: 13 7f 01 00 
index - 0xef
RequesterContext - aa bb cc dd ee ff 00 ef 
libspdm_send_spdm_request[0] msg SPDM_GET_MEASUREMENTS(0xe0), size (0xc): 
0000: 13 e0 00 ef aa bb cc dd ee ff 00 ef 
Platform port Transmit command: 00 00 00 01 
Platform port Transmit transport_type: 00 00 00 01 
Platform port Transmit size: 00 00 00 0d 
Platform port Transmit buffer:
    05 13 e0 00 ef aa bb cc dd ee ff 00 ef 
Platform port Receive command: 00 00 00 01 
Platform port Receive transport_type: 00 00 00 01 
Platform port Receive size: 00 00 00 05 
Platform port Receive buffer:
    05 13 7f 01 00 
libspdm_receive_spdm_response[0] msg SPDM_ERROR(0x7f), size (0x4): 
0000: 13 7f 01 00 
index - 0xf0
RequesterContext - aa bb cc dd ee ff 00 f0 
libspdm_send_spdm_request[0] msg SPDM_GET_MEASUREMENTS(0xe0), size (0xc): 
0000: 13 e0 00 f0 aa bb cc dd ee ff 00 f0 
Platform port Transmit command: 00 00 00 01 
Platform port Transmit transport_type: 00 00 00 01 
Platform port Transmit size: 00 00 00 0d 
Platform port Transmit buffer:
    05 13 e0 00 f0 aa bb cc dd ee ff 00 f0 
Platform port Receive command: 00 00 00 01 
Platform port Receive transport_type: 00 00 00 01 
Platform port Receive size: 00 00 00 05 
Platform port Receive buffer:
    05 13 7f 01 00 
libspdm_receive_spdm_response[0] msg SPDM_ERROR(0x7f), size (0x4): 
0000: 13 7f 01 00 
index - 0xf1
RequesterContext - aa bb cc dd ee ff 00 f1 
libspdm_send_spdm_request[0] msg SPDM_GET_MEASUREMENTS(0xe0), size (0xc): 
0000: 13 e0 00 f1 aa bb cc dd ee ff 00 f1 
Platform port Transmit command: 00 00 00 01 
Platform port Transmit transport_type: 00 00 00 01 
Platform port Transmit size: 00 00 00 0d 
Platform port Transmit buffer:
    05 13 e0 00 f1 aa bb cc dd ee ff 00 f1 
Platform port Receive command: 00 00 00 01 
Platform port Receive transport_type: 00 00 00 01 
Platform port Receive size: 00 00 00 05 
Platform port Receive buffer:
    05 13 7f 01 00 
libspdm_receive_spdm_response[0] msg SPDM_ERROR(0x7f), size (0x4): 
0000: 13 7f 01 00 
index - 0xf2
RequesterContext - aa bb cc dd ee ff 00 f2 
libspdm_send_spdm_request[0] msg SPDM_GET_MEASUREMENTS(0xe0), size (0xc): 
0000: 13 e0 00 f2 aa bb cc dd ee ff 00 f2 
Platform port Transmit command: 00 00 00 01 
Platform port Transmit transport_type: 00 00 00 01 
Platform port Transmit size: 00 00 00 0d 
Platform port Transmit buffer:
    05 13 e0 00 f2 aa bb cc dd ee ff 00 f2 
Platform port Receive command: 00 00 00 01 
Platform port Receive transport_type: 00 00 00 01 
Platform port Receive size: 00 00 00 05 
Platform port Receive buffer:
    05 13 7f 01 00 
libspdm_receive_spdm_response[0] msg SPDM_ERROR(0x7f), size (0x4): 
0000: 13 7f 01 00 
index - 0xf3
RequesterContext - aa bb cc dd ee ff 00 f3 
libspdm_send_spdm_request[0] msg SPDM_GET_MEASUREMENTS(0xe0), size (0xc): 
0000: 13 e0 00 f3 aa bb cc dd ee ff 00 f3 
Platform port Transmit command: 00 00 00 01 
Platform port Transmit transport_type: 00 00 00 01 
Platform port Transmit size: 00 00 00 0d 
Platform port Transmit buffer:
    05 13 e0 00 f3 aa bb cc dd ee ff 00 f3 
Platform port Receive command: 00 00 00 01 
Platform port Receive transport_type: 00 00 00 01 
Platform port Receive size: 00 00 00 05 
Platform port Receive buffer:
    05 13 7f 01 00 
libspdm_receive_spdm_response[0] msg SPDM_ERROR(0x7f), size (0x4): 
0000: 13 7f 01 00 
index - 0xf4
RequesterContext - aa bb cc dd ee ff 00 f4 
libspdm_send_spdm_request[0] msg SPDM_GET_MEASUREMENTS(0xe0), size (0xc): 
0000: 13 e0 00 f4 aa bb cc dd ee ff 00 f4 
Platform port Transmit command: 00 00 00 01 
Platform port Transmit transport_type: 00 00 00 01 
Platform port Transmit size: 00 00 00 0d 
Platform port Transmit buffer:
    05 13 e0 00 f4 aa bb cc dd ee ff 00 f4 
Platform port Receive command: 00 00 00 01 
Platform port Receive transport_type: 00 00 00 01 
Platform port Receive size: 00 00 00 05 
Platform port Receive buffer:
    05 13 7f 01 00 
libspdm_receive_spdm_response[0] msg SPDM_ERROR(0x7f), size (0x4): 
0000: 13 7f 01 00 
index - 0xf5
RequesterContext - aa bb cc dd ee ff 00 f5 
libspdm_send_spdm_request[0] msg SPDM_GET_MEASUREMENTS(0xe0), size (0xc): 
0000: 13 e0 00 f5 aa bb cc dd ee ff 00 f5 
Platform port Transmit command: 00 00 00 01 
Platform port Transmit transport_type: 00 00 00 01 
Platform port Transmit size: 00 00 00 0d 
Platform port Transmit buffer:
    05 13 e0 00 f5 aa bb cc dd ee ff 00 f5 
Platform port Receive command: 00 00 00 01 
Platform port Receive transport_type: 00 00 00 01 
Platform port Receive size: 00 00 00 05 
Platform port Receive buffer:
    05 13 7f 01 00 
libspdm_receive_spdm_response[0] msg SPDM_ERROR(0x7f), size (0x4): 
0000: 13 7f 01 00 
index - 0xf6
RequesterContext - aa bb cc dd ee ff 00 f6 
libspdm_send_spdm_request[0] msg SPDM_GET_MEASUREMENTS(0xe0), size (0xc): 
0000: 13 e0 00 f6 aa bb cc dd ee ff 00 f6 
Platform port Transmit command: 00 00 00 01 
Platform port Transmit transport_type: 00 00 00 01 
Platform port Transmit size: 00 00 00 0d 
Platform port Transmit buffer:
    05 13 e0 00 f6 aa bb cc dd ee ff 00 f6 
Platform port Receive command: 00 00 00 01 
Platform port Receive transport_type: 00 00 00 01 
Platform port Receive size: 00 00 00 05 
Platform port Receive buffer:
    05 13 7f 01 00 
libspdm_receive_spdm_response[0] msg SPDM_ERROR(0x7f), size (0x4): 
0000: 13 7f 01 00 
index - 0xf7
RequesterContext - aa bb cc dd ee ff 00 f7 
libspdm_send_spdm_request[0] msg SPDM_GET_MEASUREMENTS(0xe0), size (0xc): 
0000: 13 e0 00 f7 aa bb cc dd ee ff 00 f7 
Platform port Transmit command: 00 00 00 01 
Platform port Transmit transport_type: 00 00 00 01 
Platform port Transmit size: 00 00 00 0d 
Platform port Transmit buffer:
    05 13 e0 00 f7 aa bb cc dd ee ff 00 f7 
Platform port Receive command: 00 00 00 01 
Platform port Receive transport_type: 00 00 00 01 
Platform port Receive size: 00 00 00 05 
Platform port Receive buffer:
    05 13 7f 01 00 
libspdm_receive_spdm_response[0] msg SPDM_ERROR(0x7f), size (0x4): 
0000: 13 7f 01 00 
index - 0xf8
RequesterContext - aa bb cc dd ee ff 00 f8 
libspdm_send_spdm_request[0] msg SPDM_GET_MEASUREMENTS(0xe0), size (0xc): 
0000: 13 e0 00 f8 aa bb cc dd ee ff 00 f8 
Platform port Transmit command: 00 00 00 01 
Platform port Transmit transport_type: 00 00 00 01 
Platform port Transmit size: 00 00 00 0d 
Platform port Transmit buffer:
    05 13 e0 00 f8 aa bb cc dd ee ff 00 f8 
Platform port Receive command: 00 00 00 01 
Platform port Receive transport_type: 00 00 00 01 
Platform port Receive size: 00 00 00 05 
Platform port Receive buffer:
    05 13 7f 01 00 
libspdm_receive_spdm_response[0] msg SPDM_ERROR(0x7f), size (0x4): 
0000: 13 7f 01 00 
index - 0xf9
RequesterContext - aa bb cc dd ee ff 00 f9 
libspdm_send_spdm_request[0] msg SPDM_GET_MEASUREMENTS(0xe0), size (0xc): 
0000: 13 e0 00 f9 aa bb cc dd ee ff 00 f9 
Platform port Transmit command: 00 00 00 01 
Platform port Transmit transport_type: 00 00 00 01 
Platform port Transmit size: 00 00 00 0d 
Platform port Transmit buffer:
    05 13 e0 00 f9 aa bb cc dd ee ff 00 f9 
Platform port Receive command: 00 00 00 01 
Platform port Receive transport_type: 00 00 00 01 
Platform port Receive size: 00 00 00 05 
Platform port Receive buffer:
    05 13 7f 01 00 
libspdm_receive_spdm_response[0] msg SPDM_ERROR(0x7f), size (0x4): 
0000: 13 7f 01 00 
index - 0xfa
RequesterContext - aa bb cc dd ee ff 00 fa 
libspdm_send_spdm_request[0] msg SPDM_GET_MEASUREMENTS(0xe0), size (0xc): 
0000: 13 e0 00 fa aa bb cc dd ee ff 00 fa 
Platform port Transmit command: 00 00 00 01 
Platform port Transmit transport_type: 00 00 00 01 
Platform port Transmit size: 00 00 00 0d 
Platform port Transmit buffer:
    05 13 e0 00 fa aa bb cc dd ee ff 00 fa 
Platform port Receive command: 00 00 00 01 
Platform port Receive transport_type: 00 00 00 01 
Platform port Receive size: 00 00 00 05 
Platform port Receive buffer:
    05 13 7f 01 00 
libspdm_receive_spdm_response[0] msg SPDM_ERROR(0x7f), size (0x4): 
0000: 13 7f 01 00 
index - 0xfb
RequesterContext - aa bb cc dd ee ff 00 fb 
libspdm_send_spdm_request[0] msg SPDM_GET_MEASUREMENTS(0xe0), size (0xc): 
0000: 13 e0 00 fb aa bb cc dd ee ff 00 fb 
Platform port Transmit command: 00 00 00 01 
Platform port Transmit transport_type: 00 00 00 01 
Platform port Transmit size: 00 00 00 0d 
Platform port Transmit buffer:
    05 13 e0 00 fb aa bb cc dd ee ff 00 fb 
Platform port Receive command: 00 00 00 01 
Platform port Receive transport_type: 00 00 00 01 
Platform port Receive size: 00 00 00 05 
Platform port Receive buffer:
    05 13 7f 01 00 
libspdm_receive_spdm_response[0] msg SPDM_ERROR(0x7f), size (0x4): 
0000: 13 7f 01 00 
index - 0xfc
RequesterContext - aa bb cc dd ee ff 00 fc 
libspdm_send_spdm_request[0] msg SPDM_GET_MEASUREMENTS(0xe0), size (0xc): 
0000: 13 e0 00 fc aa bb cc dd ee ff 00 fc 
Platform port Transmit command: 00 00 00 01 
Platform port Transmit transport_type: 00 00 00 01 
Platform port Transmit size: 00 00 00 0d 
Platform port Transmit buffer:
    05 13 e0 00 fc aa bb cc dd ee ff 00 fc 
Platform port Receive command: 00 00 00 01 
Platform port Receive transport_type: 00 00 00 01 
Platform port Receive size: 00 00 00 05 
Platform port Receive buffer:
    05 13 7f 01 00 
libspdm_receive_spdm_response[0] msg SPDM_ERROR(0x7f), size (0x4): 
0000: 13 7f 01 00 
index - 0xfd
RequesterContext - aa bb cc dd ee ff 00 fd 
libspdm_send_spdm_request[0] msg SPDM_GET_MEASUREMENTS(0xe0), size (0xc): 
0000: 13 e0 00 fd aa bb cc dd ee ff 00 fd 
Platform port Transmit command: 00 00 00 01 
Platform port Transmit transport_type: 00 00 00 01 
Platform port Transmit size: 00 00 00 0d 
Platform port Transmit buffer:
    05 13 e0 00 fd aa bb cc dd ee ff 00 fd 
Platform port Receive command: 00 00 00 01 
Platform port Receive transport_type: 00 00 00 01 
Platform port Receive size: 00 00 00 ba 
Platform port Receive buffer:
    05 13 60 00 00 01 87 00 00 fd 01 83 00 84 80 00 fd fd fd fd fd fd fd fd fd fd fd fd fd fd fd fd fd fd fd fd fd fd fd fd fd fd fd fd fd fd fd fd fd fd fd fd fd fd fd fd fd fd fd fd fd fd fd fd fd fd fd fd fd fd fd fd fd fd fd fd fd fd fd fd fd fd fd fd fd fd fd fd fd fd fd fd fd fd fd fd fd fd fd fd fd fd fd fd fd fd fd fd fd fd fd fd fd fd fd fd fd fd fd fd fd fd fd fd fd fd fd fd fd fd fd fd fd fd fd fd fd fd fd fd fd fd fd fd 43 ac f6 f6 91 40 90 9b 29 38 3b 00 49 00 7d a3 e2 81 ae f3 ab 61 fd 9b fd 95 a4 4d 15 8d 37 56 00 00 aa bb cc dd ee ff 00 fd 
libspdm_receive_spdm_response[0] msg SPDM_MEASUREMENTS(0x60), size (0xb9): 
0000: 13 60 00 00 01 87 00 00 fd 01 83 00 84 80 00 fd fd fd fd fd fd fd fd fd fd fd fd fd fd fd fd fd 
0020: fd fd fd fd fd fd fd fd fd fd fd fd fd fd fd fd fd fd fd fd fd fd fd fd fd fd fd fd fd fd fd fd 
0040: fd fd fd fd fd fd fd fd fd fd fd fd fd fd fd fd fd fd fd fd fd fd fd fd fd fd fd fd fd fd fd fd 
0060: fd fd fd fd fd fd fd fd fd fd fd fd fd fd fd fd fd fd fd fd fd fd fd fd fd fd fd fd fd fd fd fd 
0080: fd fd fd fd fd fd fd fd fd fd fd fd fd fd fd 43 ac f6 f6 91 40 90 9b 29 38 3b 00 49 00 7d a3 e2 
00a0: 81 ae f3 ab 61 fd 9b fd 95 a4 4d 15 8d 37 56 00 00 aa bb cc dd ee ff 00 fd 
measurement_record_length - 0x000087
nonce (0x20) - 43 ac f6 f6 91 40 90 9b 29 38 3b 00 49 00 7d a3 e2 81 ae f3 ab 61 fd 9b fd 95 a4 4d 15 8d 37 56 
RequesterContext - aa bb cc dd ee ff 00 fd 
index - 0xfe
RequesterNonce - b8 d5 12 67 64 56 51 8e d6 04 b2 12 34 8b 8c 9d 35 8d 9f b7 f1 88 79 bf 94 38 0b 0c 4a 7f 96 2b 
RequesterContext - aa bb cc dd ee ff 00 fe 
libspdm_send_spdm_request[0] msg SPDM_GET_MEASUREMENTS(0xe0), size (0x2d): 
0000: 13 e0 01 fe b8 d5 12 67 64 56 51 8e d6 04 b2 12 34 8b 8c 9d 35 8d 9f b7 f1 88 79 bf 94 38 0b 0c 
0020: 4a 7f 96 2b 00 aa bb cc dd ee ff 00 fe 
Platform port Transmit command: 00 00 00 01 
Platform port Transmit transport_type: 00 00 00 01 
Platform port Transmit size: 00 00 00 2e 
Platform port Transmit buffer:
    05 13 e0 01 fe b8 d5 12 67 64 56 51 8e d6 04 b2 12 34 8b 8c 9d 35 8d 9f b7 f1 88 79 bf 94 38 0b 0c 4a 7f 96 2b 00 aa bb cc dd ee ff 00 fe 
Platform port Receive command: 00 00 00 01 
Platform port Receive transport_type: 00 00 00 01 
Platform port Receive size: 00 00 00 aa 
Platform port Receive buffer:
    05 13 60 00 20 01 17 00 00 fe 01 13 00 85 10 00 3f 00 00 00 04 00 00 00 1f 00 00 00 11 00 00 00 87 e1 f0 91 67 1a a8 0f a9 fd f6 b6 6c 79 ea 02 f0 a6 7b 4c 0e be 9a 3e e9 0a b4 cc 16 68 9c a6 00 00 aa bb cc dd ee ff 00 fe c1 58 42 df 60 e2 d0 7c d2 1b 64 11 b3 61 04 f2 dc 43 1a e4 53 a6 ac 0e 63 70 03 e9 f1 67 2b e4 7e ab af 3a e8 65 89 54 57 19 47 48 13 70 aa 22 ae 87 03 fc 41 cc da 5c 85 cb 13 e3 db fc fc 6a 18 64 2c 33 ad e9 ea 98 c2 60 ba 64 41 9b df 9b ad e5 10 27 cf 6a a4 12 b5 7e 0a 0c d3 ca 94 92 
libspdm_receive_spdm_response[0] msg SPDM_MEASUREMENTS(0x60), size (0xa9): 
0000: 13 60 00 20 01 17 00 00 fe 01 13 00 85 10 00 3f 00 00 00 04 00 00 00 1f 00 00 00 11 00 00 00 87 
0020: e1 f0 91 67 1a a8 0f a9 fd f6 b6 6c 79 ea 02 f0 a6 7b 4c 0e be 9a 3e e9 0a b4 cc 16 68 9c a6 00 
0040: 00 aa bb cc dd ee ff 00 fe c1 58 42 df 60 e2 d0 7c d2 1b 64 11 b3 61 04 f2 dc 43 1a e4 53 a6 ac 
0060: 0e 63 70 03 e9 f1 67 2b e4 7e ab af 3a e8 65 89 54 57 19 47 48 13 70 aa 22 ae 87 03 fc 41 cc da 
0080: 5c 85 cb 13 e3 db fc fc 6a 18 64 2c 33 ad e9 ea 98 c2 60 ba 64 41 9b df 9b ad e5 10 27 cf 6a a4 
00a0: 12 b5 7e 0a 0c d3 ca 94 92 
measurement_record_length - 0x000017
nonce (0x20) - 87 e1 f0 91 67 1a a8 0f a9 fd f6 b6 6c 79 ea 02 f0 a6 7b 4c 0e be 9a 3e e9 0a b4 cc 16 68 9c a6 
RequesterContext - aa bb cc dd ee ff 00 fe 
signature (0x60):
0000: c1 58 42 df 60 e2 d0 7c d2 1b 64 11 b3 61 04 f2 dc 43 1a e4 53 a6 ac 0e 63 70 03 e9 f1 67 2b e4 
0020: 7e ab af 3a e8 65 89 54 57 19 47 48 13 70 aa 22 ae 87 03 fc 41 cc da 5c 85 cb 13 e3 db fc fc 6a 
0040: 18 64 2c 33 ad e9 ea 98 c2 60 ba 64 41 9b df 9b ad e5 10 27 cf 6a a4 12 b5 7e 0a 0c d3 ca 94 92 
l1l2 hash - 5e 7a f4 c3 1b f5 66 2e 9a 00 a8 40 24 0e 22 95 42 55 d2 1d ab 0f 4d 60 ac 5e 06 65 d2 c7 d0 15 59 26 9d 16 8b 6c 58 71 f8 5a 1a f2 59 db 94 62 
!!! verify_measurement_signature - PASS !!!
exist measurement index - 0x1
RequesterNonce - 18 a2 06 86 53 e0 97 8a fb 4e 3e d3 2d 25 00 73 e7 97 35 0e 10 57 70 b1 fe b0 45 35 74 57 a1 85 
RequesterContext - aa bb cc dd ee ff 00 01 
libspdm_send_spdm_request[0] msg SPDM_GET_MEASUREMENTS(0xe0), size (0x2d): 
0000: 13 e0 01 01 18 a2 06 86 53 e0 97 8a fb 4e 3e d3 2d 25 00 73 e7 97 35 0e 10 57 70 b1 fe b0 45 35 
0020: 74 57 a1 85 00 aa bb cc dd ee ff 00 01 
Platform port Transmit command: 00 00 00 01 
Platform port Transmit transport_type: 00 00 00 01 
Platform port Transmit size: 00 00 00 2e 
Platform port Transmit buffer:
    05 13 e0 01 01 18 a2 06 86 53 e0 97 8a fb 4e 3e d3 2d 25 00 73 e7 97 35 0e 10 57 70 b1 fe b0 45 35 74 57 a1 85 00 aa bb cc dd ee ff 00 01 
Platform port Receive command: 00 00 00 01 
Platform port Receive transport_type: 00 00 00 01 
Platform port Receive size: 00 00 00 da 
Platform port Receive buffer:
    05 13 60 00 20 01 47 00 00 01 01 43 00 00 40 00 8d 53 1d 77 d8 21 e1 67 11 4d 1e b0 7e 0a e1 9c fb 56 51 52 40 88 43 c7 68 f1 13 5b 54 8f df a1 3a 20 3e 5c 7f 12 9c ea cc 01 7d f2 6c 99 9f 62 da 26 db f2 e1 12 83 45 ec 0f 65 d3 7f 87 ca 41 67 31 8d 39 2b 7d 70 4f 7b 0c 03 de 1c 73 b9 29 8a 81 5c 94 cb 9e 75 3f 26 cb 51 8b e1 46 a1 d3 00 00 aa bb cc dd ee ff 00 01 c6 00 3f 72 55 17 d3 6e 44 f7 2a e5 4c cd b4 f8 23 d6 b9 8f d3 3c b1 06 7b b3 a5 c7 66 6b 7a 09 26 db 8d 5f 70 dc 5f 1d 18 e3 c1 9a 0f 69 30 a6 8e c6 5f 4a c3 d5 95 f0 89 77 57 b3 48 83 e1 ff 9a 84 24 1c 95 23 f3 93 6b c7 a6 1e d3 3a a7 b9 58 c9 41 ef 3c eb c1 0b 87 a9 1c 69 50 21 5a c2 
libspdm_receive_spdm_response[0] msg SPDM_MEASUREMENTS(0x60), size (0xd9): 
0000: 13 60 00 20 01 47 00 00 01 01 43 00 00 40 00 8d 53 1d 77 d8 21 e1 67 11 4d 1e b0 7e 0a e1 9c fb 
0020: 56 51 52 40 88 43 c7 68 f1 13 5b 54 8f df a1 3a 20 3e 5c 7f 12 9c ea cc 01 7d f2 6c 99 9f 62 da 
0040: 26 db f2 e1 12 83 45 ec 0f 65 d3 7f 87 ca 41 67 31 8d 39 2b 7d 70 4f 7b 0c 03 de 1c 73 b9 29 8a 
0060: 81 5c 94 cb 9e 75 3f 26 cb 51 8b e1 46 a1 d3 00 00 aa bb cc dd ee ff 00 01 c6 00 3f 72 55 17 d3 
0080: 6e 44 f7 2a e5 4c cd b4 f8 23 d6 b9 8f d3 3c b1 06 7b b3 a5 c7 66 6b 7a 09 26 db 8d 5f 70 dc 5f 
00a0: 1d 18 e3 c1 9a 0f 69 30 a6 8e c6 5f 4a c3 d5 95 f0 89 77 57 b3 48 83 e1 ff 9a 84 24 1c 95 23 f3 
00c0: 93 6b c7 a6 1e d3 3a a7 b9 58 c9 41 ef 3c eb c1 0b 87 a9 1c 69 50 21 5a c2 
measurement_record_length - 0x000047
nonce (0x20) - 67 31 8d 39 2b 7d 70 4f 7b 0c 03 de 1c 73 b9 29 8a 81 5c 94 cb 9e 75 3f 26 cb 51 8b e1 46 a1 d3 
RequesterContext - aa bb cc dd ee ff 00 01 
signature (0x60):
0000: c6 00 3f 72 55 17 d3 6e 44 f7 2a e5 4c cd b4 f8 23 d6 b9 8f d3 3c b1 06 7b b3 a5 c7 66 6b 7a 09 
0020: 26 db 8d 5f 70 dc 5f 1d 18 e3 c1 9a 0f 69 30 a6 8e c6 5f 4a c3 d5 95 f0 89 77 57 b3 48 83 e1 ff 
0040: 9a 84 24 1c 95 23 f3 93 6b c7 a6 1e d3 3a a7 b9 58 c9 41 ef 3c eb c1 0b 87 a9 1c 69 50 21 5a c2 
l1l2 hash - 45 e0 6e ac f9 24 39 ce 15 01 ce b7 2a a4 8b 2d 4c 01 b7 12 22 91 6c 6e b6 d4 10 80 4d fb 72 e0 e4 e6 36 27 18 c7 4d 72 63 28 14 ed 92 48 ac 14 
!!! verify_measurement_signature - PASS !!!
exist measurement index - 0x2
RequesterNonce - 6e 3f 3d 10 f4 8b e4 11 57 78 e7 1a 21 a6 97 80 86 97 db e1 63 34 6d 31 e4 e3 2d ef f1 74 00 84 
RequesterContext - aa bb cc dd ee ff 00 02 
libspdm_send_spdm_request[0] msg SPDM_GET_MEASUREMENTS(0xe0), size (0x2d): 
0000: 13 e0 01 02 6e 3f 3d 10 f4 8b e4 11 57 78 e7 1a 21 a6 97 80 86 97 db e1 63 34 6d 31 e4 e3 2d ef 
0020: f1 74 00 84 00 aa bb cc dd ee ff 00 02 
Platform port Transmit command: 00 00 00 01 
Platform port Transmit transport_type: 00 00 00 01 
Platform port Transmit size: 00 00 00 2e 
Platform port Transmit buffer:
    05 13 e0 01 02 6e 3f 3d 10 f4 8b e4 11 57 78 e7 1a 21 a6 97 80 86 97 db e1 63 34 6d 31 e4 e3 2d ef f1 74 00 84 00 aa bb cc dd ee ff 00 02 
Platform port Receive command: 00 00 00 01 
Platform port Receive transport_type: 00 00 00 01 
Platform port Receive size: 00 00 00 da 
Platform port Receive buffer:
    05 13 60 00 20 01 47 00 00 02 01 43 00 01 40 00 9e ff d8 a6 68 f7 6d 3f ce 35 45 1a 13 6f 8e f6 71 02 60 e9 ca 28 be ef 89 7f 55 9f cd ba 48 a4 c0 66 56 0f b4 90 01 95 ca e4 d4 fa b1 f7 d1 12 43 42 10 08 af 86 14 d9 2a 3f ca bb bf 75 24 8f 09 33 0f 77 dc 38 61 b6 8e df 8a df 51 b0 85 cc 52 97 7e f2 aa 70 01 8e cf 34 43 c9 9f 84 7a a1 00 00 aa bb cc dd ee ff 00 02 10 8b f9 ce ad 33 8e 40 f7 a9 14 ed 9c 75 39 3e e0 23 31 85 b3 a3 e2 8c 8f 2d d2 58 12 f7 03 69 03 52 18 3f 9b 70 ac f1 c2 a4 d8 31 b5 a0 1b 2d c5 cd 6c 3a 6c 65 7d 39 e3 ee 2c 87 f6 56 b3 29 42 60 ff 3d 9d 14 c3 24 cf 8e de 9f c3 ec 74 6a c4 39 66 46 e2 9a 1b 01 70 e8 06 a7 8b c8 1a 67 
libspdm_receive_spdm_response[0] msg SPDM_MEASUREMENTS(0x60), size (0xd9): 
0000: 13 60 00 20 01 47 00 00 02 01 43 00 01 40 00 9e ff d8 a6 68 f7 6d 3f ce 35 45 1a 13 6f 8e f6 71 
0020: 02 60 e9 ca 28 be ef 89 7f 55 9f cd ba 48 a4 c0 66 56 0f b4 90 01 95 ca e4 d4 fa b1 f7 d1 12 43 
0040: 42 10 08 af 86 14 d9 2a 3f ca bb bf 75 24 8f 09 33 0f 77 dc 38 61 b6 8e df 8a df 51 b0 85 cc 52 
0060: 97 7e f2 aa 70 01 8e cf 34 43 c9 9f 84 7a a1 00 00 aa bb cc dd ee ff 00 02 10 8b f9 ce ad 33 8e 
0080: 40 f7 a9 14 ed 9c 75 39 3e e0 23 31 85 b3 a3 e2 8c 8f 2d d2 58 12 f7 03 69 03 52 18 3f 9b 70 ac 
00a0: f1 c2 a4 d8 31 b5 a0 1b 2d c5 cd 6c 3a 6c 65 7d 39 e3 ee 2c 87 f6 56 b3 29 42 60 ff 3d 9d 14 c3 
00c0: 24 cf 8e de 9f c3 ec 74 6a c4 39 66 46 e2 9a 1b 01 70 e8 06 a7 8b c8 1a 67 
measurement_record_length - 0x000047
nonce (0x20) - 09 33 0f 77 dc 38 61 b6 8e df 8a df 51 b0 85 cc 52 97 7e f2 aa 70 01 8e cf 34 43 c9 9f 84 7a a1 
RequesterContext - aa bb cc dd ee ff 00 02 
signature (0x60):
0000: 10 8b f9 ce ad 33 8e 40 f7 a9 14 ed 9c 75 39 3e e0 23 31 85 b3 a3 e2 8c 8f 2d d2 58 12 f7 03 69 
0020: 03 52 18 3f 9b 70 ac f1 c2 a4 d8 31 b5 a0 1b 2d c5 cd 6c 3a 6c 65 7d 39 e3 ee 2c 87 f6 56 b3 29 
0040: 42 60 ff 3d 9d 14 c3 24 cf 8e de 9f c3 ec 74 6a c4 39 66 46 e2 9a 1b 01 70 e8 06 a7 8b c8 1a 67 
l1l2 hash - 3e a9 d8 4c cc f8 ea 19 b4 3b d8 ee 3d a3 82 53 90 66 68 e6 bd 78 ec 75 bd 39 ff 2b 3e 87 04 2d 1f c9 62 c8 64 15 0c c9 e3 d8 29 c7 08 4e 9f fe 
!!! verify_measurement_signature - PASS !!!
exist measurement index - 0x3
RequesterNonce - 1e ea 1a 4d 22 5c 94 f2 fe 37 8a 1e 60 fe 9e 64 0e d9 00 32 78 c3 c5 6d 88 1c c3 a1 4e c9 a1 9c 
RequesterContext - aa bb cc dd ee ff 00 03 
libspdm_send_spdm_request[0] msg SPDM_GET_MEASUREMENTS(0xe0), size (0x2d): 
0000: 13 e0 01 03 1e ea 1a 4d 22 5c 94 f2 fe 37 8a 1e 60 fe 9e 64 0e d9 00 32 78 c3 c5 6d 88 1c c3 a1 
0020: 4e c9 a1 9c 00 aa bb cc dd ee ff 00 03 
Platform port Transmit command: 00 00 00 01 
Platform port Transmit transport_type: 00 00 00 01 
Platform port Transmit size: 00 00 00 2e 
Platform port Transmit buffer:
    05 13 e0 01 03 1e ea 1a 4d 22 5c 94 f2 fe 37 8a 1e 60 fe 9e 64 0e d9 00 32 78 c3 c5 6d 88 1c c3 a1 4e c9 a1 9c 00 aa bb cc dd ee ff 00 03 
Platform port Receive command: 00 00 00 01 
Platform port Receive transport_type: 00 00 00 01 
Platform port Receive size: 00 00 00 da 
Platform port Receive buffer:
    05 13 60 00 20 01 47 00 00 03 01 43 00 02 40 00 ff de 42 48 3a 68 7d d4 7d 05 f9 56 a2 d6 20 07 b7 1a 29 88 08 4d a1 09 5e c2 e4 3b ca 15 66 80 ca e0 7d 0b 84 cb c7 fc 9b 1d 4e 80 cd 86 69 aa 95 6a ed 8b b1 7b 0a 20 a5 03 1c 28 8d fa 8b 9f 9b b5 1b de bf 08 49 94 a7 c7 6f ea 23 97 b4 8a 1c 94 e0 bc ca bd 22 ea f2 0f ff 34 56 bf ac ff 00 00 aa bb cc dd ee ff 00 03 fa 4c 06 70 cc a9 0f ba 74 de e2 9f 32 31 c1 74 6d 3d 09 5d 2f 62 0d c5 8e 40 67 96 cd 87 fa 76 12 4d 44 9a 62 18 35 75 3b 99 f3 43 45 c1 87 e5 9e 53 5b b3 df 6a d7 be 91 ff 4a 8e 00 f0 60 38 30 29 d0 3f 9e 4d 1f c5 19 9c 15 3b 2d 3d 76 ce 70 1b ac 21 87 20 6d f3 d8 5b 5e fe 1a f1 45 67 
libspdm_receive_spdm_response[0] msg SPDM_MEASUREMENTS(0x60), size (0xd9): 
0000: 13 60 00 20 01 47 00 00 03 01 43 00 02 40 00 ff de 42 48 3a 68 7d d4 7d 05 f9 56 a2 d6 20 07 b7 
0020: 1a 29 88 08 4d a1 09 5e c2 e4 3b ca 15 66 80 ca e0 7d 0b 84 cb c7 fc 9b 1d 4e 80 cd 86 69 aa 95 
0040: 6a ed 8b b1 7b 0a 20 a5 03 1c 28 8d fa 8b 9f 9b b5 1b de bf 08 49 94 a7 c7 6f ea 23 97 b4 8a 1c 
0060: 94 e0 bc ca bd 22 ea f2 0f ff 34 56 bf ac ff 00 00 aa bb cc dd ee ff 00 03 fa 4c 06 70 cc a9 0f 
0080: ba 74 de e2 9f 32 31 c1 74 6d 3d 09 5d 2f 62 0d c5 8e 40 67 96 cd 87 fa 76 12 4d 44 9a 62 18 35 
00a0: 75 3b 99 f3 43 45 c1 87 e5 9e 53 5b b3 df 6a d7 be 91 ff 4a 8e 00 f0 60 38 30 29 d0 3f 9e 4d 1f 
00c0: c5 19 9c 15 3b 2d 3d 76 ce 70 1b ac 21 87 20 6d f3 d8 5b 5e fe 1a f1 45 67 
measurement_record_length - 0x000047
nonce (0x20) - 9b b5 1b de bf 08 49 94 a7 c7 6f ea 23 97 b4 8a 1c 94 e0 bc ca bd 22 ea f2 0f ff 34 56 bf ac ff 
RequesterContext - aa bb cc dd ee ff 00 03 
signature (0x60):
0000: fa 4c 06 70 cc a9 0f ba 74 de e2 9f 32 31 c1 74 6d 3d 09 5d 2f 62 0d c5 8e 40 67 96 cd 87 fa 76 
0020: 12 4d 44 9a 62 18 35 75 3b 99 f3 43 45 c1 87 e5 9e 53 5b b3 df 6a d7 be 91 ff 4a 8e 00 f0 60 38 
0040: 30 29 d0 3f 9e 4d 1f c5 19 9c 15 3b 2d 3d 76 ce 70 1b ac 21 87 20 6d f3 d8 5b 5e fe 1a f1 45 67 
l1l2 hash - 4c f9 be f1 d1 31 4a f4 f2 df 65 8d 61 33 85 15 b9 de 56 dc 66 aa 9b e5 10 3f 0e cd 2b 74 73 02 34 32 5f bc a3 d6 17 05 14 8b 60 cd 76 19 f5 81 
!!! verify_measurement_signature - PASS !!!
exist measurement index - 0x4
RequesterNonce - dd 0a d1 94 e0 14 8c 36 fb ae 62 23 44 0f 4c 2c 9f b4 c2 e4 a3 a0 61 17 9a ac 3a 4b a6 3c 70 ce 
RequesterContext - aa bb cc dd ee ff 00 04 
libspdm_send_spdm_request[0] msg SPDM_GET_MEASUREMENTS(0xe0), size (0x2d): 
0000: 13 e0 01 04 dd 0a d1 94 e0 14 8c 36 fb ae 62 23 44 0f 4c 2c 9f b4 c2 e4 a3 a0 61 17 9a ac 3a 4b 
0020: a6 3c 70 ce 00 aa bb cc dd ee ff 00 04 
Platform port Transmit command: 00 00 00 01 
Platform port Transmit transport_type: 00 00 00 01 
Platform port Transmit size: 00 00 00 2e 
Platform port Transmit buffer:
    05 13 e0 01 04 dd 0a d1 94 e0 14 8c 36 fb ae 62 23 44 0f 4c 2c 9f b4 c2 e4 a3 a0 61 17 9a ac 3a 4b a6 3c 70 ce 00 aa bb cc dd ee ff 00 04 
Platform port Receive command: 00 00 00 01 
Platform port Receive transport_type: 00 00 00 01 
Platform port Receive size: 00 00 00 da 
Platform port Receive buffer:
    05 13 60 00 20 01 47 00 00 04 01 43 00 03 40 00 3a 0b d5 b0 84 36 b1 d3 86 12 20 90 cf a0 44 6c f2 57 1b 74 f2 a1 5f 44 df 73 56 95 da b8 4b bb 1b eb b3 ae f3 9a f6 a0 f9 72 79 b5 fb 04 d5 13 a5 2d d1 65 47 fe 88 d0 45 58 15 52 0c 86 1e d4 63 6a cd 43 b4 3b 6b 8a 46 bc b9 4c 27 73 66 e9 3e 68 d8 0e d9 52 5e 51 b6 bb c8 a1 c6 40 78 bb 00 00 aa bb cc dd ee ff 00 04 f2 73 a2 3f 6f 30 cf 1d ad c2 e3 d4 c0 1e 7c a7 61 b4 00 d0 ff 8d aa 47 2b 2e 2a 1a ce ad d1 db 69 a1 ce 95 4f 5e aa 32 e4 4c 67 e0 58 2a 17 6c dc ca 48 c7 8d 2f 07 e0 e5 4d 6c 48 9b 2f de b2 f4 fa 95 df 83 c7 44 71 9e ae 9d e9 1b 0f 5e e5 2a 30 fa 11 42 1e ff 43 9e 75 c1 d3 15 e9 89 b0 
libspdm_receive_spdm_response[0] msg SPDM_MEASUREMENTS(0x60), size (0xd9): 
0000: 13 60 00 20 01 47 00 00 04 01 43 00 03 40 00 3a 0b d5 b0 84 36 b1 d3 86 12 20 90 cf a0 44 6c f2 
0020: 57 1b 74 f2 a1 5f 44 df 73 56 95 da b8 4b bb 1b eb b3 ae f3 9a f6 a0 f9 72 79 b5 fb 04 d5 13 a5 
0040: 2d d1 65 47 fe 88 d0 45 58 15 52 0c 86 1e d4 63 6a cd 43 b4 3b 6b 8a 46 bc b9 4c 27 73 66 e9 3e 
0060: 68 d8 0e d9 52 5e 51 b6 bb c8 a1 c6 40 78 bb 00 00 aa bb cc dd ee ff 00 04 f2 73 a2 3f 6f 30 cf 
0080: 1d ad c2 e3 d4 c0 1e 7c a7 61 b4 00 d0 ff 8d aa 47 2b 2e 2a 1a ce ad d1 db 69 a1 ce 95 4f 5e aa 
00a0: 32 e4 4c 67 e0 58 2a 17 6c dc ca 48 c7 8d 2f 07 e0 e5 4d 6c 48 9b 2f de b2 f4 fa 95 df 83 c7 44 
00c0: 71 9e ae 9d e9 1b 0f 5e e5 2a 30 fa 11 42 1e ff 43 9e 75 c1 d3 15 e9 89 b0 
measurement_record_length - 0x000047
nonce (0x20) - 63 6a cd 43 b4 3b 6b 8a 46 bc b9 4c 27 73 66 e9 3e 68 d8 0e d9 52 5e 51 b6 bb c8 a1 c6 40 78 bb 
RequesterContext - aa bb cc dd ee ff 00 04 
signature (0x60):
0000: f2 73 a2 3f 6f 30 cf 1d ad c2 e3 d4 c0 1e 7c a7 61 b4 00 d0 ff 8d aa 47 2b 2e 2a 1a ce ad d1 db 
0020: 69 a1 ce 95 4f 5e aa 32 e4 4c 67 e0 58 2a 17 6c dc ca 48 c7 8d 2f 07 e0 e5 4d 6c 48 9b 2f de b2 
0040: f4 fa 95 df 83 c7 44 71 9e ae 9d e9 1b 0f 5e e5 2a 30 fa 11 42 1e ff 43 9e 75 c1 d3 15 e9 89 b0 
l1l2 hash - b1 ab 92 c8 fa b6 23 4b 0b ad 26 9b 14 3a 95 64 2c 31 6b e5 45 e6 73 11 f5 76 68 c3 20 a4 18 8b 5a 78 21 6e c7 95 26 8d ea 69 c0 ad 15 31 5d a1 
!!! verify_measurement_signature - PASS !!!
exist measurement index - 0x10
RequesterNonce - c5 24 60 f9 2c 49 1b 6f 13 61 c4 87 77 5f d4 39 2a 92 d3 9d 2c b9 cc 07 5e 4f d7 ca f5 c5 27 5e 
RequesterContext - aa bb cc dd ee ff 00 10 
libspdm_send_spdm_request[0] msg SPDM_GET_MEASUREMENTS(0xe0), size (0x2d): 
0000: 13 e0 01 10 c5 24 60 f9 2c 49 1b 6f 13 61 c4 87 77 5f d4 39 2a 92 d3 9d 2c b9 cc 07 5e 4f d7 ca 
0020: f5 c5 27 5e 00 aa bb cc dd ee ff 00 10 
Platform port Transmit command: 00 00 00 01 
Platform port Transmit transport_type: 00 00 00 01 
Platform port Transmit size: 00 00 00 2e 
Platform port Transmit buffer:
    05 13 e0 01 10 c5 24 60 f9 2c 49 1b 6f 13 61 c4 87 77 5f d4 39 2a 92 d3 9d 2c b9 cc 07 5e 4f d7 ca f5 c5 27 5e 00 aa bb cc dd ee ff 00 10 
Platform port Receive command: 00 00 00 01 
Platform port Receive transport_type: 00 00 00 01 
Platform port Receive size: 00 00 00 a2 
Platform port Receive buffer:
    05 13 60 00 20 01 0f 00 00 10 01 0b 00 87 08 00 07 00 00 00 00 00 00 00 73 e7 3e 54 b4 a7 19 aa 85 6e f7 65 40 19 38 99 f6 9e 00 7a df 80 05 8d 88 16 1c cd 8a 64 42 3e 00 00 aa bb cc dd ee ff 00 10 e6 13 2d 68 b7 91 12 2c ab d4 67 bd 97 32 fc 37 58 50 5e 5b 4a 9e c0 1a b8 7d a7 be f3 cc 11 3c 6a fd 9f 80 e8 9d 99 5d 93 48 f5 37 28 9d 0b 74 96 39 27 00 68 cf bd e2 c6 18 93 79 0b c7 f3 92 75 6d f3 8a 3e 41 82 dd 05 8e 95 35 3c 5f c2 64 36 9e 7e f5 15 a6 bc b4 37 4f 6a 6a 1b e4 44 a6 
libspdm_receive_spdm_response[0] msg SPDM_MEASUREMENTS(0x60), size (0xa1): 
0000: 13 60 00 20 01 0f 00 00 10 01 0b 00 87 08 00 07 00 00 00 00 00 00 00 73 e7 3e 54 b4 a7 19 aa 85 
0020: 6e f7 65 40 19 38 99 f6 9e 00 7a df 80 05 8d 88 16 1c cd 8a 64 42 3e 00 00 aa bb cc dd ee ff 00 
0040: 10 e6 13 2d 68 b7 91 12 2c ab d4 67 bd 97 32 fc 37 58 50 5e 5b 4a 9e c0 1a b8 7d a7 be f3 cc 11 
0060: 3c 6a fd 9f 80 e8 9d 99 5d 93 48 f5 37 28 9d 0b 74 96 39 27 00 68 cf bd e2 c6 18 93 79 0b c7 f3 
0080: 92 75 6d f3 8a 3e 41 82 dd 05 8e 95 35 3c 5f c2 64 36 9e 7e f5 15 a6 bc b4 37 4f 6a 6a 1b e4 44 
00a0: a6 
measurement_record_length - 0x00000f
nonce (0x20) - 73 e7 3e 54 b4 a7 19 aa 85 6e f7 65 40 19 38 99 f6 9e 00 7a df 80 05 8d 88 16 1c cd 8a 64 42 3e 
RequesterContext - aa bb cc dd ee ff 00 10 
signature (0x60):
0000: e6 13 2d 68 b7 91 12 2c ab d4 67 bd 97 32 fc 37 58 50 5e 5b 4a 9e c0 1a b8 7d a7 be f3 cc 11 3c 
0020: 6a fd 9f 80 e8 9d 99 5d 93 48 f5 37 28 9d 0b 74 96 39 27 00 68 cf bd e2 c6 18 93 79 0b c7 f3 92 
0040: 75 6d f3 8a 3e 41 82 dd 05 8e 95 35 3c 5f c2 64 36 9e 7e f5 15 a6 bc b4 37 4f 6a 6a 1b e4 44 a6 
l1l2 hash - f0 3a cd 01 cd 6f 92 d3 2a 2e 74 d6 df af 27 0e ac e8 4c 67 d1 78 c2 e1 95 19 a5 40 a2 94 81 33 03 89 b8 06 24 a2 c3 2a ef ee ca 8c 98 30 29 f9 
!!! verify_measurement_signature - PASS !!!
exist measurement index - 0x11
RequesterNonce - 49 fb f7 87 72 27 e2 6e cc 06 26 2d d7 31 47 cc 62 8c 59 a2 10 49 2b c8 c1 4d f9 2e 9e 8d 8d ce 
RequesterContext - aa bb cc dd ee ff 00 11 
libspdm_send_spdm_request[0] msg SPDM_GET_MEASUREMENTS(0xe0), size (0x2d): 
0000: 13 e0 01 11 49 fb f7 87 72 27 e2 6e cc 06 26 2d d7 31 47 cc 62 8c 59 a2 10 49 2b c8 c1 4d f9 2e 
0020: 9e 8d 8d ce 00 aa bb cc dd ee ff 00 11 
Platform port Transmit command: 00 00 00 01 
Platform port Transmit transport_type: 00 00 00 01 
Platform port Transmit size: 00 00 00 2e 
Platform port Transmit buffer:
    05 13 e0 01 11 49 fb f7 87 72 27 e2 6e cc 06 26 2d d7 31 47 cc 62 8c 59 a2 10 49 2b c8 c1 4d f9 2e 9e 8d 8d ce 00 aa bb cc dd ee ff 00 11 
Platform port Receive command: 00 00 00 01 
Platform port Receive transport_type: 00 00 00 01 
Platform port Receive size: 00 00 00 da 
Platform port Receive buffer:
    05 13 60 00 20 01 47 00 00 11 01 43 00 08 40 00 c4 f9 62 5b 48 d4 e0 e1 92 c4 63 a2 d0 0b 43 30 5d 7d 58 8d 7d 9c 84 6c 1d 3f 9e d1 19 88 83 72 9a 55 b9 17 8a 4f 71 01 df a1 c8 32 34 39 1b 2e e9 80 27 e8 a4 35 d0 28 3e 29 78 4e cd a6 40 6e ed cc 90 71 e9 25 92 3e 8b 8d e4 b7 7b 1d dd 63 00 5e 6b dd cb 9f d3 9e 2a 3b 25 63 c6 4d 9c 8a 00 00 aa bb cc dd ee ff 00 11 00 5d 0d 39 3f 9a 0e 08 79 1d 83 6f 53 96 f2 13 54 46 4d 94 c0 23 c9 c5 1d 3c c6 9d f6 6c ee 98 c7 31 20 cb 1d 3a 86 d3 b3 ba 85 7a 0e 2c af d8 66 25 d4 b1 89 2b 46 70 66 4e 43 60 cb bf a3 16 60 7c 7f 65 f5 60 46 7f 6e b9 32 0f 6e 8c d3 32 93 45 3e 16 d4 83 46 21 56 5d e6 6f cd 19 8a 1c 
libspdm_receive_spdm_response[0] msg SPDM_MEASUREMENTS(0x60), size (0xd9): 
0000: 13 60 00 20 01 47 00 00 11 01 43 00 08 40 00 c4 f9 62 5b 48 d4 e0 e1 92 c4 63 a2 d0 0b 43 30 5d 
0020: 7d 58 8d 7d 9c 84 6c 1d 3f 9e d1 19 88 83 72 9a 55 b9 17 8a 4f 71 01 df a1 c8 32 34 39 1b 2e e9 
0040: 80 27 e8 a4 35 d0 28 3e 29 78 4e cd a6 40 6e ed cc 90 71 e9 25 92 3e 8b 8d e4 b7 7b 1d dd 63 00 
0060: 5e 6b dd cb 9f d3 9e 2a 3b 25 63 c6 4d 9c 8a 00 00 aa bb cc dd ee ff 00 11 00 5d 0d 39 3f 9a 0e 
0080: 08 79 1d 83 6f 53 96 f2 13 54 46 4d 94 c0 23 c9 c5 1d 3c c6 9d f6 6c ee 98 c7 31 20 cb 1d 3a 86 
00a0: d3 b3 ba 85 7a 0e 2c af d8 66 25 d4 b1 89 2b 46 70 66 4e 43 60 cb bf a3 16 60 7c 7f 65 f5 60 46 
00c0: 7f 6e b9 32 0f 6e 8c d3 32 93 45 3e 16 d4 83 46 21 56 5d e6 6f cd 19 8a 1c 
measurement_record_length - 0x000047
nonce (0x20) - ed cc 90 71 e9 25 92 3e 8b 8d e4 b7 7b 1d dd 63 00 5e 6b dd cb 9f d3 9e 2a 3b 25 63 c6 4d 9c 8a 
RequesterContext - aa bb cc dd ee ff 00 11 
signature (0x60):
0000: 00 5d 0d 39 3f 9a 0e 08 79 1d 83 6f 53 96 f2 13 54 46 4d 94 c0 23 c9 c5 1d 3c c6 9d f6 6c ee 98 
0020: c7 31 20 cb 1d 3a 86 d3 b3 ba 85 7a 0e 2c af d8 66 25 d4 b1 89 2b 46 70 66 4e 43 60 cb bf a3 16 
0040: 60 7c 7f 65 f5 60 46 7f 6e b9 32 0f 6e 8c d3 32 93 45 3e 16 d4 83 46 21 56 5d e6 6f cd 19 8a 1c 
l1l2 hash - 24 81 35 f3 9c c8 10 69 30 55 bc a8 9d cb 5c 5e e6 ab 65 77 b7 a8 f8 e8 3f ee 48 cb 87 4b ff b9 2f a6 d4 57 0f 12 6f 69 2b cb 2d 23 ec 0d ea b8 
!!! verify_measurement_signature - PASS !!!
exist measurement index - 0xfd
RequesterNonce - c7 fc 21 cb 87 7e f0 99 bc 18 de 45 4e 41 2d 16 9a f8 ed 8e c6 bb 95 a1 2d 30 57 e5 f0 12 18 6a 
RequesterContext - aa bb cc dd ee ff 00 fd 
libspdm_send_spdm_request[0] msg SPDM_GET_MEASUREMENTS(0xe0), size (0x2d): 
0000: 13 e0 01 fd c7 fc 21 cb 87 7e f0 99 bc 18 de 45 4e 41 2d 16 9a f8 ed 8e c6 bb 95 a1 2d 30 57 e5 
0020: f0 12 18 6a 00 aa bb cc dd ee ff 00 fd 
Platform port Transmit command: 00 00 00 01 
Platform port Transmit transport_type: 00 00 00 01 
Platform port Transmit size: 00 00 00 2e 
Platform port Transmit buffer:
    05 13 e0 01 fd c7 fc 21 cb 87 7e f0 99 bc 18 de 45 4e 41 2d 16 9a f8 ed 8e c6 bb 95 a1 2d 30 57 e5 f0 12 18 6a 00 aa bb cc dd ee ff 00 fd 
Platform port Receive command: 00 00 00 01 
Platform port Receive transport_type: 00 00 00 01 
Platform port Receive size: 00 00 01 1a 
Platform port Receive buffer:
    05 13 60 00 20 01 87 00 00 fd 01 83 00 84 80 00 fd fd fd fd fd fd fd fd fd fd fd fd fd fd fd fd fd fd fd fd fd fd fd fd fd fd fd fd fd fd fd fd fd fd fd fd fd fd fd fd fd fd fd fd fd fd fd fd fd fd fd fd fd fd fd fd fd fd fd fd fd fd fd fd fd fd fd fd fd fd fd fd fd fd fd fd fd fd fd fd fd fd fd fd fd fd fd fd fd fd fd fd fd fd fd fd fd fd fd fd fd fd fd fd fd fd fd fd fd fd fd fd fd fd fd fd fd fd fd fd fd fd fd fd fd fd fd fd 6c bf bd 2c eb 46 dc 9b 92 f1 f8 fc 8f db 5e 78 f0 28 f9 9a d6 ef 3f 0b 03 a9 f4 16 f3 f6 bf 2d 00 00 aa bb cc dd ee ff 00 fd 12 15 17 64 c6 16 9e 40 ec 82 d9 4e e5 7b 9b 1e 48 a4 50 9a 7f af 6d cc d6 73 01 74 e7 f3 20 e1 59 4e 1b 26 02 85 4e 7a e5 b2 af 3f ed 5c 10 f0 3c be a1 6f 86 62 7e 9a 1e 45 b1 9f 91 b6 b7 e7 f0 94 8f b9 36 59 37 f7 6e 48 5c 43 a9 a7 10 fe ee 3d 06 a7 2b 64 36 bd 6d 09 2f ce 45 89 66 da 
libspdm_receive_spdm_response[0] msg SPDM_MEASUREMENTS(0x60), size (0x119): 
0000: 13 60 00 20 01 87 00 00 fd 01 83 00 84 80 00 fd fd fd fd fd fd fd fd fd fd fd fd fd fd fd fd fd 
0020: fd fd fd fd fd fd fd fd fd fd fd fd fd fd fd fd fd fd fd fd fd fd fd fd fd fd fd fd fd fd fd fd 
0040: fd fd fd fd fd fd fd fd fd fd fd fd fd fd fd fd fd fd fd fd fd fd fd fd fd fd fd fd fd fd fd fd 
0060: fd fd fd fd fd fd fd fd fd fd fd fd fd fd fd fd fd fd fd fd fd fd fd fd fd fd fd fd fd fd fd fd 
0080: fd fd fd fd fd fd fd fd fd fd fd fd fd fd fd 6c bf bd 2c eb 46 dc 9b 92 f1 f8 fc 8f db 5e 78 f0 
00a0: 28 f9 9a d6 ef 3f 0b 03 a9 f4 16 f3 f6 bf 2d 00 00 aa bb cc dd ee ff 00 fd 12 15 17 64 c6 16 9e 
00c0: 40 ec 82 d9 4e e5 7b 9b 1e 48 a4 50 9a 7f af 6d cc d6 73 01 74 e7 f3 20 e1 59 4e 1b 26 02 85 4e 
00e0: 7a e5 b2 af 3f ed 5c 10 f0 3c be a1 6f 86 62 7e 9a 1e 45 b1 9f 91 b6 b7 e7 f0 94 8f b9 36 59 37 
0100: f7 6e 48 5c 43 a9 a7 10 fe ee 3d 06 a7 2b 64 36 bd 6d 09 2f ce 45 89 66 da 
measurement_record_length - 0x000087
nonce (0x20) - 6c bf bd 2c eb 46 dc 9b 92 f1 f8 fc 8f db 5e 78 f0 28 f9 9a d6 ef 3f 0b 03 a9 f4 16 f3 f6 bf 2d 
RequesterContext - aa bb cc dd ee ff 00 fd 
signature (0x60):
0000: 12 15 17 64 c6 16 9e 40 ec 82 d9 4e e5 7b 9b 1e 48 a4 50 9a 7f af 6d cc d6 73 01 74 e7 f3 20 e1 
0020: 59 4e 1b 26 02 85 4e 7a e5 b2 af 3f ed 5c 10 f0 3c be a1 6f 86 62 7e 9a 1e 45 b1 9f 91 b6 b7 e7 
0040: f0 94 8f b9 36 59 37 f7 6e 48 5c 43 a9 a7 10 fe ee 3d 06 a7 2b 64 36 bd 6d 09 2f ce 45 89 66 da 
l1l2 hash - ca 70 59 04 b1 8f ce d4 ff 81 9b aa 72 62 ea ba 47 68 a3 fa f1 e4 14 5c 12 90 6c 7c 47 17 19 86 91 b4 88 5c 1e e5 0c 41 a6 be 88 02 43 67 b3 73 
!!! verify_measurement_signature - PASS !!!
exist measurement index - 0xfe
RequesterNonce - 3b fd bc c6 83 1d b3 51 14 99 a7 c4 3b d1 21 e7 f6 67 2e 44 93 db 75 8f 08 d9 06 fe da 56 ed 80 
RequesterContext - aa bb cc dd ee ff 00 fe 
libspdm_send_spdm_request[0] msg SPDM_GET_MEASUREMENTS(0xe0), size (0x2d): 
0000: 13 e0 01 fe 3b fd bc c6 83 1d b3 51 14 99 a7 c4 3b d1 21 e7 f6 67 2e 44 93 db 75 8f 08 d9 06 fe 
0020: da 56 ed 80 00 aa bb cc dd ee ff 00 fe 
Platform port Transmit command: 00 00 00 01 
Platform port Transmit transport_type: 00 00 00 01 
Platform port Transmit size: 00 00 00 2e 
Platform port Transmit buffer:
    05 13 e0 01 fe 3b fd bc c6 83 1d b3 51 14 99 a7 c4 3b d1 21 e7 f6 67 2e 44 93 db 75 8f 08 d9 06 fe da 56 ed 80 00 aa bb cc dd ee ff 00 fe 
Platform port Receive command: 00 00 00 01 
Platform port Receive transport_type: 00 00 00 01 
Platform port Receive size: 00 00 00 aa 
Platform port Receive buffer:
    05 13 60 00 20 01 17 00 00 fe 01 13 00 85 10 00 3f 00 00 00 04 00 00 00 1f 00 00 00 11 00 00 00 d6 53 76 64 68 dd 13 1f 6c ea 6c b0 39 6f c8 24 2e 47 22 b3 8b fc 31 d4 64 67 37 a8 d7 cd e0 50 00 00 aa bb cc dd ee ff 00 fe 50 48 3f 66 75 83 45 cf 94 b6 da e9 57 b9 5d 4f 0f 91 25 e4 d4 52 35 84 95 68 ab 04 6a a4 5b 5a 08 5d c2 9a 89 d8 57 be b7 e6 7e 39 a4 1d 2d c0 13 2e da f8 94 3f 1c d5 02 68 d6 aa 8f b4 e0 56 92 04 1d 5e e2 67 4c 34 c8 a7 e6 79 de 9a 11 14 4b 58 a6 88 63 8d 81 e9 aa 1e ae 53 2c 25 44 46 
libspdm_receive_spdm_response[0] msg SPDM_MEASUREMENTS(0x60), size (0xa9): 
0000: 13 60 00 20 01 17 00 00 fe 01 13 00 85 10 00 3f 00 00 00 04 00 00 00 1f 00 00 00 11 00 00 00 d6 
0020: 53 76 64 68 dd 13 1f 6c ea 6c b0 39 6f c8 24 2e 47 22 b3 8b fc 31 d4 64 67 37 a8 d7 cd e0 50 00 
0040: 00 aa bb cc dd ee ff 00 fe 50 48 3f 66 75 83 45 cf 94 b6 da e9 57 b9 5d 4f 0f 91 25 e4 d4 52 35 
0060: 84 95 68 ab 04 6a a4 5b 5a 08 5d c2 9a 89 d8 57 be b7 e6 7e 39 a4 1d 2d c0 13 2e da f8 94 3f 1c 
0080: d5 02 68 d6 aa 8f b4 e0 56 92 04 1d 5e e2 67 4c 34 c8 a7 e6 79 de 9a 11 14 4b 58 a6 88 63 8d 81 
00a0: e9 aa 1e ae 53 2c 25 44 46 
measurement_record_length - 0x000017
nonce (0x20) - d6 53 76 64 68 dd 13 1f 6c ea 6c b0 39 6f c8 24 2e 47 22 b3 8b fc 31 d4 64 67 37 a8 d7 cd e0 50 
RequesterContext - aa bb cc dd ee ff 00 fe 
signature (0x60):
0000: 50 48 3f 66 75 83 45 cf 94 b6 da e9 57 b9 5d 4f 0f 91 25 e4 d4 52 35 84 95 68 ab 04 6a a4 5b 5a 
0020: 08 5d c2 9a 89 d8 57 be b7 e6 7e 39 a4 1d 2d c0 13 2e da f8 94 3f 1c d5 02 68 d6 aa 8f b4 e0 56 
0040: 92 04 1d 5e e2 67 4c 34 c8 a7 e6 79 de 9a 11 14 4b 58 a6 88 63 8d 81 e9 aa 1e ae 53 2c 25 44 46 
l1l2 hash - f8 7b 66 d9 6b e2 c6 2b 5f 34 0b 35 3a b3 59 32 7b 09 40 c8 83 04 44 e0 2c 59 1e 15 4b b3 b5 5c 89 97 8a 37 3a dc a8 b0 5b 1f ef 5e 11 85 5b de 
!!! verify_measurement_signature - PASS !!!
Platform port Transmit command: 00 00 ff fe 
Platform port Transmit transport_type: 00 00 00 01 
Platform port Transmit size: 00 00 00 00 
Platform port Transmit buffer:
    
Platform port Receive command: 00 00 ff fe 
Platform port Receive transport_type: 00 00 00 01 
Platform port Receive size: 00 00 00 00 
Client stopped
